z_daughter,a_daughter,element_daughter,z_parent,a_parent,element_parent,daughter_level_idx,cumulative_thermal_fy,unc_ct,cumulative_fast_fy,unc_cf,cumulative_14mev_fy,unc_c14,Extraction_date
36,100,Kr,93,237,Np,0,,,0.0000000000012303,0.00000000000043748,,,2026-07-25
42,100,Mo,93,237,Np,0,0.068611,0.010154,0.065615,0.0015092,,,2026-07-25
41,100,Nb,93,237,Np,0,0.055117,0.0083171,0.05443,0.0015581,,,2026-07-25
41,100,Nb,93,237,Np,4,0.012794,0.0036174,0.010873,0.0026103,,,2026-07-25
37,100,Rb,93,237,Np,0,0.000000015757,0.000000006232,0.000000052303,0.000000018598,,,2026-07-25
44,100,Ru,93,237,Np,0,0.00000068934,0.00000027263,0.00000024335,0.000000086526,,,2026-07-25
38,100,Sr,93,237,Np,0,0.000074816,0.00002952,0.0001256,0.000044473,,,2026-07-25
43,100,Tc,93,237,Np,0,0.00000068931,0.00000027262,0.00000024334,0.000000086526,,,2026-07-25
39,100,Y,93,237,Np,0,0.0029348,0.00097848,0.0043641,0.001237,,,2026-07-25
39,100,Y,93,237,Np,4,0.0028605,0.00097419,0.0042394,0.0012386,,,2026-07-25
40,100,Zr,93,237,Np,0,0.052075,0.0079563,0.052187,0.0016315,,,2026-07-25
42,101,Mo,93,237,Np,0,0.068959,0.0068959,0.061954,0.0014866,,,2026-07-25
41,101,Nb,93,237,Np,0,0.065596,0.0065757,0.060255,0.0014621,,,2026-07-25
37,101,Rb,93,237,Np,0,0.00000000034394,0.00000000013018,0.0000000012566,0.00000000045042,,,2026-07-25
44,101,Ru,93,237,Np,0,0.068972,0.006896,0.061959,0.0014866,,,2026-07-25
38,101,Sr,93,237,Np,0,0.0000045847,0.0000017348,0.0000084384,0.0000030234,,,2026-07-25
43,101,Tc,93,237,Np,0,0.068972,0.006896,0.061959,0.0014866,,,2026-07-25
39,101,Y,93,237,Np,0,0.0013913,0.0004958,0.0023373,0.00077641,,,2026-07-25
40,101,Zr,93,237,Np,0,0.030494,0.0048495,0.030316,0.0029753,,,2026-07-25
42,102,Mo,93,237,Np,0,0.072531,0.012983,0.058946,0.0014737,,,2026-07-25
41,102,Nb,93,237,Np,0,0.038663,0.0075423,0.033798,0.0023453,,,2026-07-25
41,102,Nb,93,237,Np,1,0.021593,0.0046252,0.017734,0.0018409,,,2026-07-25
37,102,Rb,93,237,Np,0,0.0000000000037595,0.0000000000015566,0.000000000014584,0.0000000000053197,,,2026-07-25
45,102,Rh,93,237,Np,0,0.0000000000014401,0.00000000000058337,,,,,2026-07-25
44,102,Ru,93,237,Np,0,0.072695,0.013012,0.059013,0.0014753,,,2026-07-25
38,102,Sr,93,237,Np,0,0.00000022742,0.000000094161,0.00000044312,0.00000016163,,,2026-07-25
43,102,Tc,93,237,Np,0,0.072613,0.012998,0.058979,0.0014745,,,2026-07-25
43,102,Tc,93,237,Np,1,0.000081805,0.000033662,0.000033436,0.000012172,,,2026-07-25
39,102,Y,93,237,Np,-2,0.000091808,0.00003776,0.00016503,0.000059661,,,2026-07-25
39,102,Y,93,237,Np,0,0.000091808,0.00003776,0.00016503,0.000059661,,,2026-07-25
40,102,Zr,93,237,Np,0,0.01707,0.0050704,0.016064,0.0032535,,,2026-07-25
42,103,Mo,93,237,Np,0,0.058561,0.0049796,0.053778,0.0068301,,,2026-07-25
41,103,Nb,93,237,Np,0,0.038772,0.0038429,0.03802,0.005063,,,2026-07-25
45,103,Rh,93,237,Np,0,0.059627,0.0050677,0.054305,0.0068961,,,2026-07-25
45,103,Rh,93,237,Np,1,0.058913,0.0050084,0.053654,0.0068145,,,2026-07-25
44,103,Ru,93,237,Np,0,0.059627,0.0050677,0.054305,0.0068961,,,2026-07-25
44,103,Ru,93,237,Np,5,0.0000015368,0.00000056517,0.00000056148,0.00000021049,,,2026-07-25
38,103,Sr,93,237,Np,0,0.000000004243,0.0000000015605,0.000000010304,0.0000000038625,,,2026-07-25
43,103,Tc,93,237,Np,0,0.059625,0.0050677,0.054304,0.0068961,,,2026-07-25
39,103,Y,93,237,Np,0,0.000015345,0.000005638,0.000034314,0.000012848,,,2026-07-25
40,103,Zr,93,237,Np,0,0.0038952,0.0012834,0.0044482,0.0014803,,,2026-07-25
42,104,Mo,93,237,Np,0,0.035893,0.0030356,0.03992,0.0010249,,,2026-07-25
41,104,Nb,93,237,Np,0,0.0056889,0.0012557,0.0082421,0.0014554,,,2026-07-25
41,104,Nb,93,237,Np,4,0.005153,0.0012469,0.007399,0.0014679,,,2026-07-25
46,104,Pd,93,237,Np,0,0.0000000066438,0.000000001859,0.0000000022022,0.00000000063695,,,2026-07-25
45,104,Rh,93,237,Np,0,0.0000000066673,0.0000000018672,0.0000000022099,0.00000000063982,,,2026-07-25
45,104,Rh,93,237,Np,3,0.0000000050127,0.0000000017444,0.0000000017188,0.00000000061494,,,2026-07-25
44,104,Ru,93,237,Np,0,0.039383,0.0033046,0.042184,0.0010528,,,2026-07-25
38,104,Sr,93,237,Np,0,0.000000000046929,0.000000000016331,0.00000000015788,0.000000000056484,,,2026-07-25
43,104,Tc,93,237,Np,0,0.03936,0.0033046,0.042173,0.0010528,,,2026-07-25
39,104,Y,93,237,Np,0,0.0000004861,0.00000016914,0.0000015014,0.00000053705,,,2026-07-25
40,104,Zr,93,237,Np,0,0.00053541,0.00018225,0.00084207,0.00029131,,,2026-07-25
42,105,Mo,93,237,Np,0,0.018846,0.0024401,0.023798,0.0020191,,,2026-07-25
41,105,Nb,93,237,Np,0,0.0028266,0.00085238,0.005119,0.0013547,,,2026-07-25
46,105,Pd,93,237,Np,0,0.026796,0.0032692,0.02974,0.002409,,,2026-07-25
45,105,Rh,93,237,Np,0,0.026796,0.0032692,0.02974,0.002409,,,2026-07-25
45,105,Rh,93,237,Np,1,0.0076068,0.0011408,0.0084425,0.00097422,,,2026-07-25
44,105,Ru,93,237,Np,0,0.026796,0.0032691,0.02974,0.0024089,,,2026-07-25
38,105,Sr,93,237,Np,0,,,0.0000000000010246,0.00000000000037168,,,2026-07-25
43,105,Tc,93,237,Np,0,0.026637,0.0032497,0.029646,0.0024014,,,2026-07-25
39,105,Y,93,237,Np,0,0.000000012006,0.0000000042944,0.000000045523,0.000000016514,,,2026-07-25
40,105,Zr,93,237,Np,0,0.000037392,0.000013347,0.000071968,0.000026002,,,2026-07-25
42,106,Mo,93,237,Np,0,0.0062381,0.0015514,0.012356,0.0019251,,,2026-07-25
41,106,Nb,93,237,Np,0,0.00023452,0.000094633,0.00076014,0.00027588,,,2026-07-25
46,106,Pd,93,237,Np,0,0.01374,0.0028441,0.022792,0.0029858,,,2026-07-25
45,106,Rh,93,237,Np,0,0.013738,0.0028438,0.022791,0.0029856,,,2026-07-25
45,106,Rh,93,237,Np,1,0.0000014524,0.0000005994,0.0000011295,0.00000043265,,,2026-07-25
44,106,Ru,93,237,Np,0,0.013738,0.0028437,0.022791,0.0029856,,,2026-07-25
43,106,Tc,93,237,Np,0,0.013224,0.0027385,0.02227,0.0029183,,,2026-07-25
39,106,Y,93,237,Np,0,0.000000000067284,0.000000000027774,0.00000000045812,0.00000000017546,,,2026-07-25
40,106,Zr,93,237,Np,0,0.0000010645,0.00000043933,0.0000036715,0.0000014057,,,2026-07-25
42,107,Mo,93,237,Np,0,0.0011818,0.00039214,0.0029835,0.00092504,,,2026-07-25
41,107,Nb,93,237,Np,0,0.000014848,0.0000061817,0.000066988,0.000028625,,,2026-07-25
46,107,Pd,93,237,Np,0,0.0061137,0.0011738,0.012877,0.0024595,,,2026-07-25
46,107,Pd,93,237,Np,2,0.0000000063684,0.0000000026606,0.0000000048814,0.0000000021022,,,2026-07-25
45,107,Rh,93,237,Np,0,0.0061137,0.0011738,0.012877,0.0024595,,,2026-07-25
44,107,Ru,93,237,Np,0,0.0060986,0.0011709,0.012861,0.0024565,,,2026-07-25
43,107,Tc,93,237,Np,0,0.0050992,0.00098865,0.011563,0.002216,,,2026-07-25
39,107,Y,93,237,Np,0,,,0.0000000000025255,0.0000000000010876,,,2026-07-25
40,107,Zr,93,237,Np,0,0.000000013636,0.000000005697,0.000000065897,0.000000028378,,,2026-07-25
42,108,Mo,93,237,Np,0,0.0003466,0.00012819,0.00073511,0.00028248,,,2026-07-25
41,108,Nb,93,237,Np,0,0.00000017586,0.000000076703,0.00000049648,0.00000022183,,,2026-07-25
46,108,Pd,93,237,Np,0,0.0026696,0.00046423,0.0065558,0.0011859,,,2026-07-25
45,108,Rh,93,237,Np,-2,0.00000017027,0.000000074267,0.00000042737,0.00000019096,,,2026-07-25
45,108,Rh,93,237,Np,0,0.0026694,0.00046423,0.0065554,0.0011859,,,2026-07-25
44,108,Ru,93,237,Np,0,0.0026694,0.00046423,0.0065553,0.0011859,,,2026-07-25
43,108,Tc,93,237,Np,0,0.0023975,0.00041881,0.0059339,0.0010772,,,2026-07-25
40,108,Zr,93,237,Np,0,,,0.0000000000014295,0.00000000000063879,,,2026-07-25
47,109,Ag,93,237,Np,0,0.0012452,0.00020172,0.0031858,0.00046194,,,2026-07-25
47,109,Ag,93,237,Np,1,0.0012446,0.00020163,0.0031842,0.00046171,,,2026-07-25
42,109,Mo,93,237,Np,0,0.00014906,0.000055533,0.00033082,0.00012309,,,2026-07-25
41,109,Nb,93,237,Np,0,0.000000095681,0.000000041842,0.00000028492,0.00000012313,,,2026-07-25
46,109,Pd,93,237,Np,0,0.0012452,0.00020172,0.0031858,0.00046194,,,2026-07-25
46,109,Pd,93,237,Np,2,0.0006226,0.00011039,0.0015929,0.00025325,,,2026-07-25
45,109,Rh,93,237,Np,0,0.0012452,0.00020172,0.0031858,0.00046194,,,2026-07-25
44,109,Ru,93,237,Np,0,0.0012451,0.00020171,0.0031855,0.0004619,,,2026-07-25
43,109,Tc,93,237,Np,0,0.0011178,0.00018196,0.0028693,0.00041793,,,2026-07-25
47,110,Ag,93,237,Np,0,,,0.0000000000013737,0.00000000000055887,,,2026-07-25
47,110,Ag,93,237,Np,2,0.0000000000010557,0.00000000000044042,0.0000000000036106,0.0000000000015152,,,2026-07-25
48,110,Cd,93,237,Np,0,0.000000000001505,0.00000000000049802,0.0000000000049311,0.0000000000016624,,,2026-07-25
42,110,Mo,93,237,Np,0,0.000049124,0.000018421,0.000096565,0.000037027,,,2026-07-25
41,110,Nb,93,237,Np,0,0.00000016264,0.000000067806,0.00000039726,0.00000016661,,,2026-07-25
46,110,Pd,93,237,Np,0,0.00064452,0.00010119,0.001594,0.0002391,,,2026-07-25
45,110,Rh,93,237,Np,0,0.00000025807,0.00000010678,0.00000063512,0.00000026458,,,2026-07-25
44,110,Ru,93,237,Np,0,0.00063458,0.000099643,0.0015663,0.00023499,,,2026-07-25
43,110,Tc,93,237,Np,0,0.00040274,0.000070437,0.00098641,0.0001673,,,2026-07-25
40,110,Zr,93,237,Np,0,0.000000000060351,0.000000000025178,0.00000000010068,0.00000000004225,,,2026-07-25
47,111,Ag,93,237,Np,0,0.00036986,0.000056959,0.00091166,0.00010119,,,2026-07-25
47,111,Ag,93,237,Np,1,0.00036895,0.00005682,0.0009094,0.00010095,,,2026-07-25
48,111,Cd,93,237,Np,0,0.00037171,0.000057211,0.0009162,0.00010165,,,2026-07-25
42,111,Mo,93,237,Np,0,0.0000023275,0.00000097039,0.0000043231,0.0000016952,,,2026-07-25
41,111,Nb,93,237,Np,0,0.0000000017636,0.00000000074206,0.0000000040649,0.0000000016071,,,2026-07-25
46,111,Pd,93,237,Np,0,0.00037122,0.000057168,0.00091495,0.00010156,,,2026-07-25
46,111,Pd,93,237,Np,2,0.0000018016,0.00000038169,0.0000046255,0.00000080746,,,2026-07-25
45,111,Rh,93,237,Np,0,0.00037122,0.000057168,0.0009148,0.00010154,,,2026-07-25
44,111,Ru,93,237,Np,0,0.00032588,0.00005065,0.00079417,0.000089578,,,2026-07-25
43,111,Tc,93,237,Np,0,0.00009083,0.000026303,0.000214,0.000056127,,,2026-07-25
47,112,Ag,93,237,Np,0,0.00024079,0.000036841,0.00062711,0.00011602,,,2026-07-25
48,112,Cd,93,237,Np,0,0.00024079,0.000036841,0.00062711,0.00011602,,,2026-07-25
42,112,Mo,93,237,Np,0,0.000000075813,0.000000031689,0.0000001414,0.000000062698,,,2026-07-25
41,112,Nb,93,237,Np,0,0.0000000000086673,0.0000000000036248,0.000000000020002,0.0000000000088728,,,2026-07-25
46,112,Pd,93,237,Np,0,0.00024078,0.000036839,0.00062707,0.00011601,,,2026-07-25
45,112,Rh,93,237,Np,-2,0.000047581,0.000013073,0.00012855,0.000038459,,,2026-07-25
45,112,Rh,93,237,Np,0,0.00018855,0.000029759,0.00048491,0.000092165,,,2026-07-25
44,112,Ru,93,237,Np,0,0.00014097,0.000025064,0.00035637,0.000075453,,,2026-07-25
43,112,Tc,93,237,Np,0,0.00001228,0.0000047584,0.00002897,0.000012024,,,2026-07-25
47,113,Ag,93,237,Np,0,0.00011629,0.000018456,0.00029213,0.000048643,,,2026-07-25
47,113,Ag,93,237,Np,1,0.00016991,0.000025846,0.00042682,0.000068341,,,2026-07-25
48,113,Cd,93,237,Np,0,0.00017545,0.000026669,0.00044074,0.00007052,,,2026-07-25
48,113,Cd,93,237,Np,1,0.0000020106,0.0000004033,0.0000050508,0.0000010483,,,2026-07-25
49,113,In,93,237,Np,0,0.0000020077,0.00000040274,0.0000050437,0.0000010468,,,2026-07-25
42,113,Mo,93,237,Np,0,0.0000000012125,0.00000000051045,0.0000000020914,0.00000000089551,,,2026-07-25
46,113,Pd,93,237,Np,0,0.00017723,0.00002694,0.00044514,0.000071222,,,2026-07-25
46,113,Pd,93,237,Np,2,0.000014891,0.0000054646,0.000042144,0.000015547,,,2026-07-25
45,113,Rh,93,237,Np,0,0.00015617,0.000023918,0.00038793,0.000062581,,,2026-07-25
44,113,Ru,93,237,Np,-2,0.000021638,0.0000071188,0.00005126,0.000017441,,,2026-07-25
44,113,Ru,93,237,Np,0,0.000033405,0.0000082739,0.000078961,0.000020398,,,2026-07-25
43,113,Tc,93,237,Np,0,0.000001018,0.00000042477,0.0000022224,0.00000094419,,,2026-07-25
47,114,Ag,93,237,Np,-2,0.0000017077,0.00000070311,0.0000057765,0.0000024157,,,2026-07-25
47,114,Ag,93,237,Np,0,0.00014671,0.000022298,0.00042897,0.000069064,,,2026-07-25
48,114,Cd,93,237,Np,0,0.00014672,0.000022298,0.00042898,0.000069066,,,2026-07-25
49,114,In,93,237,Np,0,,,0.0000000000010824,0.00000000000030746,,,2026-07-25
42,114,Mo,93,237,Np,0,0.000000000016778,0.0000000000070301,0.000000000032537,0.000000000013875,,,2026-07-25
46,114,Pd,93,237,Np,0,0.0001446,0.000021981,0.000422,0.00006795,,,2026-07-25
45,114,Rh,93,237,Np,0,0.000050995,0.000010138,0.00014423,0.000030263,,,2026-07-25
45,114,Rh,93,237,Np,5,0.000041539,0.0000092206,0.00011906,0.00002768,,,2026-07-25
44,114,Ru,93,237,Np,0,0.0000094535,0.0000036013,0.000025162,0.000009843,,,2026-07-25
50,114,Sn,93,237,Np,0,,,0.000000000001077,0.00000000000030592,,,2026-07-25
43,114,Tc,93,237,Np,0,0.000000055086,0.000000023063,0.00000013514,0.000000057591,,,2026-07-25
47,115,Ag,93,237,Np,0,0.000067797,0.0000075227,0.00021526,0.000034639,,,2026-07-25
47,115,Ag,93,237,Np,1,0.000080012,0.0000083443,0.00027203,0.000042075,,,2026-07-25
48,115,Cd,93,237,Np,0,0.00012528,0.000011661,0.00041157,0.000060114,,,2026-07-25
48,115,Cd,93,237,Np,1,0.0000058055,0.00000074586,0.000018894,0.0000032987,,,2026-07-25
49,115,In,93,237,Np,0,0.00012482,0.000011619,0.00040988,0.00005987,,,2026-07-25
49,115,In,93,237,Np,1,0.00012528,0.000011661,0.00041157,0.000060114,,,2026-07-25
46,115,Pd,93,237,Np,0,0.000067929,0.0000083343,0.00021053,0.000036449,,,2026-07-25
46,115,Pd,93,237,Np,1,0.000057034,0.0000074866,0.00019763,0.000035142,,,2026-07-25
45,115,Rh,93,237,Np,0,0.000042466,0.0000089387,0.00013288,0.000033919,,,2026-07-25
44,115,Ru,93,237,Np,0,0.0000013735,0.00000051954,0.0000039933,0.000001642,,,2026-07-25
50,115,Sn,93,237,Np,0,0.0000062639,0.00000078098,0.000020578,0.0000035544,,,2026-07-25
43,115,Tc,93,237,Np,0,0.0000000020809,0.00000000080101,0.0000000055871,0.0000000023304,,,2026-07-25
47,116,Ag,93,237,Np,0,0.00010658,0.000016349,0.0003827,0.000064218,,,2026-07-25
47,116,Ag,93,237,Np,1,0.00002201,0.000006907,0.000088253,0.000028036,,,2026-07-25
48,116,Cd,93,237,Np,0,0.00012801,0.000019328,0.00046873,0.000077335,,,2026-07-25
49,116,In,93,237,Np,0,0.00000000019402,0.000000000081662,0.00000000077178,0.00000000033299,,,2026-07-25
49,116,In,93,237,Np,1,0.00000000058542,0.00000000018512,0.0000000026891,0.00000000088009,,,2026-07-25
49,116,In,93,237,Np,4,0.00000000028803,0.00000000012123,0.0000000014429,0.00000000062252,,,2026-07-25
46,116,Pd,93,237,Np,0,0.000095862,0.000015086,0.00034503,0.000059286,,,2026-07-25
45,116,Rh,93,237,Np,0,0.0000046566,0.0000017338,0.00001429,0.0000055069,,,2026-07-25
45,116,Rh,93,237,Np,1,0.000010547,0.0000038749,0.000037621,0.000014279,,,2026-07-25
44,116,Ru,93,237,Np,0,0.00000015496,0.00000006509,0.00000049264,0.00000021218,,,2026-07-25
50,116,Sn,93,237,Np,0,0.00000000077944,0.00000000021475,0.0000000034609,0.00000000099922,,,2026-07-25
43,116,Tc,93,237,Np,0,0.000000000066233,0.000000000027877,0.00000000019545,0.000000000084326,,,2026-07-25
47,117,Ag,93,237,Np,0,0.000046101,0.0000080349,0.00017487,0.000033585,,,2026-07-25
47,117,Ag,93,237,Np,1,0.000082771,0.000013482,0.00032946,0.00005888,,,2026-07-25
48,117,Cd,93,237,Np,0,0.000097641,0.000014985,0.00038135,0.000065009,,,2026-07-25
48,117,Cd,93,237,Np,2,0.000029737,0.0000052983,0.0001181,0.000022946,,,2026-07-25
49,117,In,93,237,Np,0,0.000079813,0.000012272,0.00031367,0.000053532,,,2026-07-25
49,117,In,93,237,Np,1,0.000089936,0.000013927,0.00035129,0.000060363,,,2026-07-25
46,117,Pd,93,237,Np,-2,0.000040765,0.0000093162,0.00016455,0.000039835,,,2026-07-25
46,117,Pd,93,237,Np,0,0.000067242,0.000011579,0.00025664,0.000048898,,,2026-07-25
45,117,Rh,93,237,Np,0,0.0000047541,0.0000018785,0.000017096,0.0000069937,,,2026-07-25
44,117,Ru,93,237,Np,0,0.000000017744,0.0000000074077,0.000000059592,0.000000025624,,,2026-07-25
50,117,Sn,93,237,Np,0,0.00012739,0.000019236,0.0004995,0.000083899,,,2026-07-25
50,117,Sn,93,237,Np,2,0.00000027193,0.00000004616,0.0000010687,0.00000019913,,,2026-07-25
43,117,Tc,93,237,Np,0,0.0000000000026143,0.0000000000010919,0.0000000000081816,0.000000000003519,,,2026-07-25
47,118,Ag,93,237,Np,0,0.000075237,0.00001243,0.0003068,0.00005396,,,2026-07-25
47,118,Ag,93,237,Np,4,0.00006807,0.000012067,0.00029339,0.000054083,,,2026-07-25
48,118,Cd,93,237,Np,0,0.0001272,0.000019334,0.00053256,0.000086808,,,2026-07-25
49,118,In,93,237,Np,0,0.00012722,0.000019338,0.00053266,0.000086824,,,2026-07-25
49,118,In,93,237,Np,1,0.000000071945,0.000000022786,0.00000035384,0.00000011261,,,2026-07-25
49,118,In,93,237,Np,3,0.000000035643,0.000000015018,0.00000019129,0.000000080126,,,2026-07-25
46,118,Pd,93,237,Np,0,0.000037838,0.00001008,0.00015224,0.000041713,,,2026-07-25
45,118,Rh,93,237,Np,0,0.0000010906,0.00000045388,0.000004128,0.0000017103,,,2026-07-25
44,118,Ru,93,237,Np,0,0.0000000014502,0.00000000061138,0.0000000051456,0.0000000021568,,,2026-07-25
50,118,Sn,93,237,Np,0,0.0001273,0.000019349,0.00053302,0.000086882,,,2026-07-25
47,119,Ag,93,237,Np,0,0.000079093,0.000013275,0.00032975,0.000058174,,,2026-07-25
48,119,Cd,93,237,Np,0,0.000097347,0.000015241,0.00039952,0.000066548,,,2026-07-25
48,119,Cd,93,237,Np,2,0.000030574,0.0000072685,0.00013051,0.000032077,,,2026-07-25
49,119,In,93,237,Np,0,0.000045434,0.0000084398,0.0001918,0.000037431,,,2026-07-25
49,119,In,93,237,Np,1,0.000088073,0.000014053,0.00036146,0.00006125,,,2026-07-25
46,119,Pd,93,237,Np,0,0.000016505,0.0000057568,0.000064759,0.000022755,,,2026-07-25
45,119,Rh,93,237,Np,0,0.00000018168,0.000000076613,0.0000006721,0.00000028171,,,2026-07-25
44,119,Ru,93,237,Np,0,0.000000000084356,0.000000000035655,0.00000000029364,0.00000000012334,,,2026-07-25
50,119,Sn,93,237,Np,0,0.00012857,0.000019544,0.00053303,0.000086346,,,2026-07-25
50,119,Sn,93,237,Np,2,0.000041046,0.0000077598,0.00017328,0.000034396,,,2026-07-25
47,120,Ag,93,237,Np,0,0.000029096,0.0000066227,0.00010717,0.000024836,,,2026-07-25
47,120,Ag,93,237,Np,2,0.000026845,0.0000075269,0.00010946,0.000030841,,,2026-07-25
48,120,Cd,93,237,Np,0,0.00012234,0.000018645,0.00047894,0.000076825,,,2026-07-25
49,120,In,93,237,Np,0,0.00012547,0.000019092,0.00049189,0.000078787,,,2026-07-25
49,120,In,93,237,Np,1,0.0000031248,0.0000012402,0.000012945,0.0000051053,,,2026-07-25
49,120,In,93,237,Np,2,0.0000031248,0.0000012402,0.000012945,0.0000051053,,,2026-07-25
46,120,Pd,93,237,Np,0,0.0000016542,0.0000006829,0.0000060437,0.0000024845,,,2026-07-25
45,120,Rh,93,237,Np,0,0.0000000028223,0.0000000011872,0.0000000098151,0.0000000041056,,,2026-07-25
51,120,Sb,93,237,Np,0,0.0000000000049935,0.0000000000021005,0.000000000024033,0.000000000010054,,,2026-07-25
51,120,Sb,93,237,Np,1,0.0000000000070855,0.0000000000029806,0.000000000040193,0.000000000016813,,,2026-07-25
50,120,Sn,93,237,Np,0,0.00013177,0.00002003,0.00051804,0.00008288,,,2026-07-25
47,121,Ag,93,237,Np,0,0.000017868,0.0000062392,0.00006115,0.000021156,,,2026-07-25
48,121,Cd,93,237,Np,0,0.000042015,0.0000084034,0.0001378,0.000027828,,,2026-07-25
48,121,Cd,93,237,Np,2,0.000064667,0.000011975,0.00023872,0.00004337,,,2026-07-25
49,121,In,93,237,Np,0,0.00010561,0.00001651,0.00038559,0.000059998,,,2026-07-25
49,121,In,93,237,Np,1,0.000033965,0.000006667,0.00011135,0.000021969,,,2026-07-25
46,121,Pd,93,237,Np,0,0.0000001957,0.000000082541,0.00000064116,0.00000026629,,,2026-07-25
45,121,Rh,93,237,Np,0,0.000000000090384,0.000000000038209,0.00000000028316,0.00000000011785,,,2026-07-25
51,121,Sb,93,237,Np,0,0.00013989,0.000021263,0.00049835,0.000075742,,,2026-07-25
50,121,Sn,93,237,Np,0,0.00013709,0.00002084,0.00048811,0.000074201,,,2026-07-25
50,121,Sn,93,237,Np,1,0.000012472,0.0000025032,0.000045706,0.000009102,,,2026-07-25
47,122,Ag,93,237,Np,0,0.0000028179,0.0000011368,0.0000071216,0.0000028658,,,2026-07-25
47,122,Ag,93,237,Np,1,0.0000025218,0.0000010247,0.0000076253,0.0000030835,,,2026-07-25
48,122,Cd,93,237,Np,0,0.000080875,0.00001561,0.00023094,0.000045666,,,2026-07-25
49,122,In,93,237,Np,0,0.00011117,0.000018056,0.00031128,0.000052527,,,2026-07-25
49,122,In,93,237,Np,1,0.000021495,0.0000058879,0.00006718,0.00001822,,,2026-07-25
49,122,In,93,237,Np,5,0.000021495,0.0000058879,0.00006718,0.00001822,,,2026-07-25
46,122,Pd,93,237,Np,0,0.000000018364,0.0000000076979,0.000000048884,0.000000020392,,,2026-07-25
45,122,Rh,93,237,Np,0,0.0000000000024838,0.0000000000010415,0.0000000000063668,0.0000000000026566,,,2026-07-25
51,122,Sb,93,237,Np,0,0.000000012011,0.0000000037934,0.00000004392,0.000000013953,,,2026-07-25
51,122,Sb,93,237,Np,5,0.0000000063814,0.0000000026756,0.000000025149,0.000000010492,,,2026-07-25
50,122,Sn,93,237,Np,0,0.000159,0.000024168,0.0004603,0.000072267,,,2026-07-25
52,122,Te,93,237,Np,0,0.000000011701,0.0000000036949,0.000000042785,0.000000013591,,,2026-07-25
47,123,Ag,93,237,Np,0,0.0000011895,0.00000049877,0.0000026533,0.0000011075,,,2026-07-25
48,123,Cd,93,237,Np,0,0.000015524,0.0000050747,0.000032264,0.000010565,,,2026-07-25
48,123,Cd,93,237,Np,2,0.000035344,0.000011053,0.00008468,0.000026352,,,2026-07-25
49,123,In,93,237,Np,0,0.00014247,0.000022891,0.00034115,0.00005549,,,2026-07-25
49,123,In,93,237,Np,1,0.000034904,0.0000072326,0.000073139,0.000015362,,,2026-07-25
46,123,Pd,93,237,Np,0,0.000000001255,0.00000000053105,0.000000002718,0.0000000011444,,,2026-07-25
51,123,Sb,93,237,Np,0,0.00020099,0.000030752,0.00047094,0.00007346,,,2026-07-25
50,123,Sn,93,237,Np,0,0.00002742,0.0000069012,0.000067303,0.000017055,,,2026-07-25
50,123,Sn,93,237,Np,25,0.00017337,0.000026714,0.00040304,0.00006336,,,2026-07-25
52,123,Te,93,237,Np,0,0.00000000011645,0.000000000040881,0.00000000025551,0.000000000090963,,,2026-07-25
52,123,Te,93,237,Np,2,0.000000000089189,0.000000000037741,0.00000000020213,0.000000000085112,,,2026-07-25
47,124,Ag,93,237,Np,0,0.00000012582,0.000000042136,0.00000023606,0.000000077223,,,2026-07-25
47,124,Ag,93,237,Np,1,0.000000078113,0.000000033006,0.0000001653,0.000000069446,,,2026-07-25
48,124,Cd,93,237,Np,0,0.000023291,0.0000087366,0.000046172,0.000017243,,,2026-07-25
49,124,In,93,237,Np,0,0.00011356,0.000021783,0.00021451,0.000041777,,,2026-07-25
49,124,In,93,237,Np,2,0.000081312,0.000017814,0.00018149,0.000038882,,,2026-07-25
46,124,Pd,93,237,Np,0,0.000000000047763,0.000000000020192,0.000000000090127,0.000000000037884,,,2026-07-25
51,124,Sb,93,237,Np,0,0.0000019986,0.0000005534,0.0000048288,0.0000013285,,,2026-07-25
51,124,Sb,93,237,Np,1,0.0000015304,0.00000048722,0.0000039367,0.0000012603,,,2026-07-25
51,124,Sb,93,237,Np,2,0.00000087985,0.0000003694,0.0000024232,0.0000010101,,,2026-07-25
50,124,Sn,93,237,Np,0,0.0002861,0.000044061,0.00058126,0.000090099,,,2026-07-25
52,124,Te,93,237,Np,0,0.0000023873,0.00000059784,0.0000058243,0.0000014461,,,2026-07-25
47,125,Ag,93,237,Np,0,0.000000013448,0.0000000056959,0.000000025051,0.0000000094883,,,2026-07-25
48,125,Cd,93,237,Np,0,0.00000206,0.00000086014,0.000003521,0.0000013108,,,2026-07-25
48,125,Cd,93,237,Np,1,0.0000049636,0.0000020648,0.0000098291,0.0000036432,,,2026-07-25
53,125,I,93,237,Np,0,0.000000000033871,0.000000000014346,0.000000000081571,0.000000000030897,,,2026-07-25
49,125,In,93,237,Np,0,0.00014351,0.000036196,0.00028938,0.000055928,,,2026-07-25
49,125,In,93,237,Np,1,0.000032882,0.000010204,0.000057782,0.000014686,,,2026-07-25
51,125,Sb,93,237,Np,0,0.00046716,0.000072877,0.00091697,0.000077943,,,2026-07-25
50,125,Sn,93,237,Np,0,0.00021171,0.000040649,0.00042499,0.000053358,,,2026-07-25
50,125,Sn,93,237,Np,1,0.0002298,0.000041112,0.0004327,0.000051351,,,2026-07-25
52,125,Te,93,237,Np,0,0.00046735,0.000072907,0.00091732,0.00007797,,,2026-07-25
52,125,Te,93,237,Np,2,0.00010468,0.000019324,0.00020546,0.000024869,,,2026-07-25
48,126,Cd,93,237,Np,0,0.000000074732,0.000000033535,0.00000013099,0.000000063353,,,2026-07-25
49,126,In,93,237,Np,0,0.000047636,0.00001929,0.000077445,0.000033986,,,2026-07-25
49,126,In,93,237,Np,1,0.000042843,0.00001746,0.000083356,0.000036509,,,2026-07-25
51,126,Sb,93,237,Np,0,0.000032737,0.000011551,0.000072364,0.000028556,,,2026-07-25
51,126,Sb,93,237,Np,1,0.000045089,0.000014149,0.000084651,0.000029588,,,2026-07-25
51,126,Sb,93,237,Np,2,0.000025552,0.000010706,0.000046854,0.000021266,,,2026-07-25
50,126,Sn,93,237,Np,0,0.00077089,0.00012451,0.0013404,0.00028528,,,2026-07-25
52,126,Te,93,237,Np,0,0.000071614,0.000018183,0.00014532,0.000042958,,,2026-07-25
48,127,Cd,93,237,Np,0,0.00000014518,0.000000080152,0.00000038794,0.00000019094,,,2026-07-25
53,127,I,93,237,Np,0,0.0016254,0.00047137,0.0043072,0.0010079,,,2026-07-25
49,127,In,93,237,Np,0,0.00014148,0.000070663,0.00040341,0.00017109,,,2026-07-25
49,127,In,93,237,Np,9,0.000032858,0.000017164,0.000081612,0.000036494,,,2026-07-25
51,127,Sb,93,237,Np,0,0.0016253,0.00047132,0.0043068,0.0010078,,,2026-07-25
50,127,Sn,93,237,Np,0,0.00097275,0.00029777,0.0026249,0.0006522,,,2026-07-25
50,127,Sn,93,237,Np,1,0.00049906,0.00016232,0.0012092,0.00032546,,,2026-07-25
52,127,Te,93,237,Np,0,0.001619,0.00046951,0.0042902,0.0010039,,,2026-07-25
52,127,Te,93,237,Np,2,0.00026796,0.000086068,0.00071003,0.00018771,,,2026-07-25
47,128,Ag,93,237,Np,0,,,0.0000000000016979,0.00000000000082168,,,2026-07-25
48,128,Cd,93,237,Np,0,0.00000036275,0.00000017035,0.0000007288,0.00000035263,,,2026-07-25
53,128,I,93,237,Np,0,,,0.0000000000014952,0.0000000000007236,,,2026-07-25
49,128,In,93,237,Np,-3,0.00020461,0.000086001,0.00048339,0.0001984,,,2026-07-25
49,128,In,93,237,Np,-2,0.000066077,0.000028456,0.00012689,0.000053597,,,2026-07-25
49,128,In,93,237,Np,0,0.00022751,0.000078394,0.00044909,0.0001578,,,2026-07-25
51,128,Sb,93,237,Np,0,0.0037344,0.00073603,0.0072602,0.0017217,,,2026-07-25
51,128,Sb,93,237,Np,1,0.00021222,0.000090928,0.00045092,0.0002019,,,2026-07-25
50,128,Sn,93,237,Np,-2,0.0024264,0.00050106,0.004865,0.0012083,,,2026-07-25
50,128,Sn,93,237,Np,0,0.0036024,0.00071063,0.0069216,0.0016438,,,2026-07-25
52,128,Te,93,237,Np,0,0.0039395,0.00077598,0.0076957,0.0018239,,,2026-07-25
54,128,Xe,93,237,Np,0,,,0.000000000001392,0.00000000000067367,,,2026-07-25
47,129,Ag,93,237,Np,0,0.0000000063045,0.0000000027486,0.0000000032827,0.0000000018677,,,2026-07-25
48,129,Cd,93,237,Np,0,0.0000040191,0.0000017477,0.0000029043,0.0000016494,,,2026-07-25
48,129,Cd,93,237,Np,1,0.0000096982,0.0000042167,0.000008123,0.0000046135,,,2026-07-25
53,129,I,93,237,Np,0,0.0093189,0.0018172,0.016959,0.0062917,,,2026-07-25
49,129,In,93,237,Np,0,0.0010136,0.00032076,0.0014457,0.00066994,,,2026-07-25
49,129,In,93,237,Np,1,0.00023618,0.00007876,0.00029236,0.00013895,,,2026-07-25
51,129,Sb,93,237,Np,0,0.0067599,0.0013332,0.011728,0.0043866,,,2026-07-25
51,129,Sb,93,237,Np,11,0.0029412,0.00066098,0.0059365,0.0023735,,,2026-07-25
50,129,Sn,93,237,Np,0,0.0028593,0.00063048,0.0040592,0.0016367,,,2026-07-25
50,129,Sn,93,237,Np,1,0.0042537,0.00093857,0.0070787,0.0028905,,,2026-07-25
52,129,Te,93,237,Np,0,0.007985,0.00156,0.014365,0.0053355,,,2026-07-25
52,129,Te,93,237,Np,1,0.003605,0.00074796,0.0070099,0.0026898,,,2026-07-25
54,129,Xe,93,237,Np,0,0.0000000000020898,0.0000000000007694,0.000000000015559,0.0000000000079672,,,2026-07-25
54,129,Xe,93,237,Np,2,0.0000000000016006,0.00000000000069781,0.000000000012309,0.0000000000070031,,,2026-07-25
47,130,Ag,93,237,Np,0,0.00000000027601,0.00000000013518,0.000000000072765,0.00000000003845,,,2026-07-25
48,130,Cd,93,237,Np,0,0.0000021384,0.000001047,0.00000087398,0.00000046174,,,2026-07-25
53,130,I,93,237,Np,0,0.0000016385,0.00000068169,0.0000054273,0.0000024916,,,2026-07-25
53,130,I,93,237,Np,1,0.00000051489,0.00000025215,0.000001522,0.00000080415,,,2026-07-25
49,130,In,93,237,Np,0,0.00016166,0.000074118,0.0000949,0.000047813,,,2026-07-25
49,130,In,93,237,Np,1,0.00017825,0.000082384,0.00013695,0.000069309,,,2026-07-25
49,130,In,93,237,Np,2,0.00030328,0.00013951,0.00019077,0.000096386,,,2026-07-25
51,130,Sb,93,237,Np,0,0.0099662,0.0026856,0.011203,0.00347,,,2026-07-25
51,130,Sb,93,237,Np,1,0.0072888,0.0020619,0.0087732,0.0028229,,,2026-07-25
50,130,Sn,93,237,Np,0,0.0026775,0.00089642,0.0024302,0.00095623,,,2026-07-25
50,130,Sn,93,237,Np,2,0.0055162,0.0017849,0.0060843,0.0022703,,,2026-07-25
52,130,Te,93,237,Np,0,0.018118,0.0047289,0.021353,0.0063847,,,2026-07-25
54,130,Xe,93,237,Np,0,0.0000017213,0.00000069628,0.0000056722,0.0000025421,,,2026-07-25
48,131,Cd,93,237,Np,0,0.00000012481,0.00000006154,0.000000042492,0.000000015847,,,2026-07-25
55,131,Cs,93,237,Np,0,,,0.0000000000030763,0.0000000000011472,,,2026-07-25
53,131,I,93,237,Np,0,0.034507,0.0067634,0.037352,0.0010458,,,2026-07-25
49,131,In,93,237,Np,0,0.000047786,0.000023284,0.000025359,0.0000092589,,,2026-07-25
49,131,In,93,237,Np,1,0.000047187,0.000023236,0.000025064,0.0000092578,,,2026-07-25
49,131,In,93,237,Np,4,0.000047185,0.000023236,0.000025063,0.0000092578,,,2026-07-25
51,131,Sb,93,237,Np,0,0.029413,0.0058039,0.03011,0.0010597,,,2026-07-25
50,131,Sn,93,237,Np,0,0.0015387,0.00071341,0.0014462,0.00044094,,,2026-07-25
50,131,Sn,93,237,Np,1,0.003543,0.001621,0.0039366,0.0011482,,,2026-07-25
52,131,Te,93,237,Np,0,0.02978,0.0058657,0.031177,0.0010141,,,2026-07-25
52,131,Te,93,237,Np,1,0.0059233,0.0017241,0.0076473,0.0013466,,,2026-07-25
54,131,Xe,93,237,Np,0,0.034507,0.0067634,0.037352,0.0010458,,,2026-07-25
54,131,Xe,93,237,Np,2,0.00037484,0.000087435,0.00040578,0.000038163,,,2026-07-25
56,132,Ba,93,237,Np,0,0.000000000001428,0.00000000000054777,0.000000000007837,0.0000000000028583,,,2026-07-25
48,132,Cd,93,237,Np,0,0.0000000031585,0.0000000012116,0.00000000086679,0.00000000031613,,,2026-07-25
55,132,Cs,93,237,Np,0,0.000000000079336,0.000000000030432,0.00000000043539,0.00000000015879,,,2026-07-25
53,132,I,93,237,Np,0,0.043115,0.0031905,0.04681,0.0016384,,,2026-07-25
53,132,I,93,237,Np,3,0.00022163,0.000083836,0.00056559,0.00019932,,,2026-07-25
49,132,In,93,237,Np,0,0.000014238,0.0000054604,0.0000060828,0.0000022167,,,2026-07-25
51,132,Sb,93,237,Np,0,0.015388,0.0020036,0.012886,0.0017344,,,2026-07-25
51,132,Sb,93,237,Np,1,0.0095985,0.0015448,0.0099391,0.0015961,,,2026-07-25
50,132,Sn,93,237,Np,0,0.0023645,0.0008813,0.0016605,0.00057204,,,2026-07-25
52,132,Te,93,237,Np,0,0.042624,0.0031548,0.045685,0.0016046,,,2026-07-25
54,132,Xe,93,237,Np,0,0.043148,0.0031929,0.046893,0.0016412,,,2026-07-25
54,132,Xe,93,237,Np,30,0.00000092329,0.00000035416,0.0000025955,0.00000094653,,,2026-07-25
56,133,Ba,93,237,Np,0,,,0.0000000000010844,0.00000000000031584,,,2026-07-25
55,133,Cs,93,237,Np,0,0.065601,0.0036074,0.066917,0.0019404,,,2026-07-25
53,133,I,93,237,Np,0,0.065544,0.0036049,0.066803,0.0019373,,,2026-07-25
53,133,I,93,237,Np,16,0.002074,0.00064863,0.0042045,0.0012003,,,2026-07-25
49,133,In,93,237,Np,0,0.00000082687,0.00000023965,0.00000026502,0.000000080075,,,2026-07-25
49,133,In,93,237,Np,1,0.00000015529,0.000000053692,0.000000044417,0.000000015785,,,2026-07-25
51,133,Sb,93,237,Np,0,0.021324,0.00325,0.015706,0.003137,,,2026-07-25
50,133,Sn,93,237,Np,0,0.00059736,0.00020651,0.00030038,0.00010613,,,2026-07-25
52,133,Te,93,237,Np,0,0.034429,0.00272,0.02963,0.0022355,,,2026-07-25
52,133,Te,93,237,Np,2,0.031088,0.0027016,0.033075,0.0022368,,,2026-07-25
54,133,Xe,93,237,Np,0,0.065601,0.0036074,0.066917,0.0019404,,,2026-07-25
54,133,Xe,93,237,Np,1,0.0019059,0.00018306,0.0019854,0.00016249,,,2026-07-25
56,134,Ba,93,237,Np,0,0.00000072135,0.00000019337,0.0000028034,0.00000071234,,,2026-07-25
55,134,Cs,93,237,Np,0,0.00000072129,0.00000019337,0.0000028031,0.00000071235,,,2026-07-25
55,134,Cs,93,237,Np,3,0.00000030604,0.00000011187,0.0000013163,0.00000047068,,,2026-07-25
53,134,I,93,237,Np,0,0.065807,0.0055943,0.071702,0.0020872,,,2026-07-25
53,134,I,93,237,Np,5,0.0070311,0.0018212,0.01307,0.0023202,,,2026-07-25
49,134,In,93,237,Np,0,0.000000012631,0.0000000046174,0.0000000036308,0.0000000012983,,,2026-07-25
51,134,Sb,93,237,Np,0,0.0013795,0.00044093,0.00093775,0.00031276,,,2026-07-25
51,134,Sb,93,237,Np,2,0.0031506,0.0010046,0.0025138,0.0008339,,,2026-07-25
50,134,Sn,93,237,Np,0,0.000041281,0.00001509,0.000018628,0.0000066587,,,2026-07-25
52,134,Te,93,237,Np,0,0.049398,0.0044885,0.044169,0.0028195,,,2026-07-25
54,134,Xe,93,237,Np,0,0.066786,0.0056653,0.073535,0.0021303,,,2026-07-25
54,134,Xe,93,237,Np,7,0.00073401,0.00021647,0.0014222,0.00039434,,,2026-07-25
56,135,Ba,93,237,Np,0,0.0000000080538,0.0000000023669,0.000000026104,0.0000000077059,,,2026-07-25
56,135,Ba,93,237,Np,2,0.0000000056948,0.0000000021725,0.000000019231,0.0000000072437,,,2026-07-25
55,135,Cs,93,237,Np,0,0.078177,0.0040653,0.076153,0.0021323,,,2026-07-25
55,135,Cs,93,237,Np,10,0.0000096213,0.0000036704,0.00002999,0.000011288,,,2026-07-25
53,135,I,93,237,Np,0,0.073221,0.0038583,0.068726,0.0020872,,,2026-07-25
49,135,In,93,237,Np,0,0.00000000013787,0.000000000052596,0.00000000002752,0.000000000010366,,,2026-07-25
51,135,Sb,93,237,Np,0,0.00093346,0.00034334,0.00052656,0.00019572,,,2026-07-25
50,135,Sn,93,237,Np,0,0.0000019527,0.00000074488,0.00000061721,0.00000023246,,,2026-07-25
52,135,Te,93,237,Np,0,0.028149,0.0045088,0.018648,0.0040661,,,2026-07-25
54,135,Xe,93,237,Np,0,0.078059,0.0040591,0.075982,0.0021276,,,2026-07-25
54,135,Xe,93,237,Np,2,0.015574,0.0018865,0.016765,0.0018896,,,2026-07-25
56,136,Ba,93,237,Np,0,0.00028227,0.000088333,0.00061743,0.00014705,,,2026-07-25
56,136,Ba,93,237,Np,5,0.00000031095,0.00000013064,0.00000082385,0.00000030282,,,2026-07-25
55,136,Cs,93,237,Np,0,0.00022976,0.000081197,0.00048783,0.00013919,,,2026-07-25
55,136,Cs,93,237,Np,2,0.00010414,0.000043717,0.00025694,0.000093763,,,2026-07-25
53,136,I,93,237,Np,0,0.027919,0.0057531,0.017226,0.0021162,,,2026-07-25
53,136,I,93,237,Np,2,0.035173,0.006828,0.029626,0.002722,,,2026-07-25
57,136,La,93,237,Np,0,0.0000000000093112,0.0000000000029964,0.000000000050684,0.000000000013229,,,2026-07-25
57,136,La,93,237,Np,9,0.0000000000046556,0.0000000000019559,0.000000000025342,0.0000000000093149,,,2026-07-25
51,136,Sb,93,237,Np,0,0.000086303,0.00003614,0.000038504,0.000014136,,,2026-07-25
50,136,Sn,93,237,Np,0,0.000000053135,0.000000022323,0.000000012966,0.0000000047659,,,2026-07-25
52,136,Te,93,237,Np,0,0.012881,0.0041316,0.0063474,0.0019807,,,2026-07-25
54,136,Xe,93,237,Np,0,0.079614,0.013508,0.07052,0.0023579,,,2026-07-25
56,137,Ba,93,237,Np,0,0.065124,0.0090567,0.062674,0.002324,,,2026-07-25
56,137,Ba,93,237,Np,2,0.061475,0.0085816,0.05916,0.0022584,,,2026-07-25
55,137,Cs,93,237,Np,0,0.065115,0.009056,0.062654,0.002324,,,2026-07-25
53,137,I,93,237,Np,0,0.040716,0.0062707,0.027163,0.003304,,,2026-07-25
57,137,La,93,237,Np,0,0.00000000098114,0.00000000037915,0.0000000044292,0.0000000015909,,,2026-07-25
51,137,Sb,93,237,Np,0,0.0000058611,0.0000022643,0.0000021619,0.00000077644,,,2026-07-25
50,137,Sn,93,237,Np,0,0.00000000083883,0.00000000032415,0.00000000016769,0.000000000060232,,,2026-07-25
52,137,Te,93,237,Np,0,0.002475,0.00089735,0.0010389,0.00036301,,,2026-07-25
54,137,Xe,93,237,Np,0,0.063063,0.0087865,0.058914,0.0022636,,,2026-07-25
56,138,Ba,93,237,Np,0,0.061451,0.0042403,0.062743,0.0024471,,,2026-07-25
58,138,Ce,93,237,Np,0,0.0000000000013796,0.0000000000003713,0.0000000000065137,0.0000000000018685,,,2026-07-25
58,138,Ce,93,237,Np,5,,,0.0000000000047654,0.0000000000017478,,,2026-07-25
55,138,Cs,93,237,Np,0,0.060545,0.0041793,0.061179,0.002392,,,2026-07-25
55,138,Cs,93,237,Np,3,0.0040348,0.0012137,0.0068563,0.0019454,,,2026-07-25
53,138,I,93,237,Np,0,0.012524,0.0026504,0.0085439,0.0023189,,,2026-07-25
57,138,La,93,237,Np,0,0.000000043336,0.000000015094,0.00000017294,0.000000063427,,,2026-07-25
51,138,Sb,93,237,Np,0,0.00000017877,0.000000062263,0.000000057842,0.000000021214,,,2026-07-25
52,138,Te,93,237,Np,0,0.00034673,0.00011927,0.00013061,0.000047714,,,2026-07-25
54,138,Xe,93,237,Np,0,0.054433,0.0038193,0.051526,0.0022443,,,2026-07-25
56,139,Ba,93,237,Np,0,0.058912,0.0098973,0.057196,0.0024023,,,2026-07-25
58,139,Ce,93,237,Np,0,0.00000000014375,0.000000000048542,0.00000000054958,0.00000000015662,,,2026-07-25
58,139,Ce,93,237,Np,2,0.00000000010165,0.000000000042485,0.00000000040488,0.00000000014686,,,2026-07-25
55,139,Cs,93,237,Np,0,0.057914,0.0097315,0.055659,0.0023479,,,2026-07-25
53,139,I,93,237,Np,0,0.0035426,0.0012901,0.0021447,0.00071738,,,2026-07-25
57,139,La,93,237,Np,0,0.058914,0.0098976,0.057201,0.0024025,,,2026-07-25
51,139,Sb,93,237,Np,0,0.0000000043623,0.0000000018234,0.0000000011326,0.00000000041084,,,2026-07-25
52,139,Te,93,237,Np,0,0.000025016,0.000010446,0.0000076485,0.0000027733,,,2026-07-25
54,139,Xe,93,237,Np,0,0.03789,0.0068806,0.030407,0.0027584,,,2026-07-25
56,140,Ba,93,237,Np,0,0.060823,0.004136,0.05738,0.0013198,,,2026-07-25
58,140,Ce,93,237,Np,0,0.060846,0.0041375,0.057444,0.0013212,,,2026-07-25
55,140,Cs,93,237,Np,0,0.056038,0.0038622,0.050522,0.0013995,,,2026-07-25
53,140,I,93,237,Np,0,0.00054127,0.00020341,0.00029614,0.00010742,,,2026-07-25
57,140,La,93,237,Np,0,0.060846,0.0041375,0.057444,0.0013212,,,2026-07-25
52,140,Te,93,237,Np,0,0.0000014513,0.00000056281,0.00000037836,0.00000013903,,,2026-07-25
54,140,Xe,93,237,Np,0,0.024793,0.0037033,0.016641,0.0029991,,,2026-07-25
56,141,Ba,93,237,Np,0,0.060552,0.005147,0.051444,0.0078713,,,2026-07-25
58,141,Ce,93,237,Np,0,0.060807,0.0051686,0.051985,0.0079537,,,2026-07-25
55,141,Cs,93,237,Np,0,0.051508,0.0044876,0.037748,0.0059363,,,2026-07-25
53,141,I,93,237,Np,0,0.000068603,0.000028381,0.000028996,0.000011217,,,2026-07-25
57,141,La,93,237,Np,0,0.060806,0.0051685,0.051984,0.0079535,,,2026-07-25
59,141,Pr,93,237,Np,0,0.060807,0.0051686,0.051985,0.0079537,,,2026-07-25
52,141,Te,93,237,Np,0,0.000000041678,0.000000017325,0.0000000082353,0.0000000031897,,,2026-07-25
54,141,Xe,93,237,Np,0,0.0085161,0.0026317,0.004103,0.0013894,,,2026-07-25
56,142,Ba,93,237,Np,0,0.047541,0.0053745,0.046803,0.0011145,,,2026-07-25
58,142,Ce,93,237,Np,0,0.048901,0.0055031,0.049381,0.0011328,,,2026-07-25
55,142,Cs,93,237,Np,0,0.02628,0.0036262,0.019901,0.0024263,,,2026-07-25
53,142,I,93,237,Np,0,0.0000039422,0.0000014416,0.0000015062,0.00000052947,,,2026-07-25
57,142,La,93,237,Np,0,0.048893,0.0055031,0.049363,0.0011328,,,2026-07-25
60,142,Nd,93,237,Np,0,0.0000000006215,0.00000000017913,0.0000000030105,0.00000000082593,,,2026-07-25
59,142,Pr,93,237,Np,0,0.0000000006216,0.00000000017916,0.000000003011,0.00000000082606,,,2026-07-25
59,142,Pr,93,237,Np,1,0.00000000043562,0.00000000015938,0.0000000022029,0.00000000077445,,,2026-07-25
52,142,Te,93,237,Np,0,0.00000000082873,0.0000000003032,0.00000000014677,0.000000000051599,,,2026-07-25
54,142,Xe,93,237,Np,0,0.0020962,0.00070493,0.00091952,0.00030987,,,2026-07-25
56,143,Ba,93,237,Np,0,0.042243,0.0045025,0.037405,0.0012568,,,2026-07-25
58,143,Ce,93,237,Np,0,0.049263,0.0051726,0.047121,0.0010838,,,2026-07-25
55,143,Cs,93,237,Np,0,0.012523,0.0025768,0.0080296,0.0018885,,,2026-07-25
53,143,I,93,237,Np,0,0.00000018621,0.000000065522,0.000000054315,0.000000019245,,,2026-07-25
57,143,La,93,237,Np,0,0.04916,0.0051619,0.046942,0.0010801,,,2026-07-25
60,143,Nd,93,237,Np,0,0.049263,0.0051727,0.047121,0.0010838,,,2026-07-25
59,143,Pr,93,237,Np,0,0.049263,0.0051727,0.047121,0.0010838,,,2026-07-25
54,143,Xe,93,237,Np,0,0.00027911,0.00009707,0.00009546,0.000033655,,,2026-07-25
56,144,Ba,93,237,Np,0,0.025874,0.00701,0.024031,0.0019123,,,2026-07-25
58,144,Ce,93,237,Np,0,0.039466,0.01034,0.04123,0.0019378,,,2026-07-25
55,144,Cs,93,237,Np,0,0.0015867,0.00058946,0.0010445,0.00026656,,,2026-07-25
55,144,Cs,93,237,Np,4,0.0010452,0.00046763,0.00069226,0.00023861,,,2026-07-25
53,144,I,93,237,Np,0,0.0000000027453,0.0000000013169,0.00000000074866,0.00000000027344,,,2026-07-25
57,144,La,93,237,Np,0,0.038739,0.01015,0.04002,0.001887,,,2026-07-25
60,144,Nd,93,237,Np,0,0.039467,0.01034,0.041233,0.0019379,,,2026-07-25
59,144,Pr,93,237,Np,0,0.039467,0.01034,0.041232,0.0019379,,,2026-07-25
59,144,Pr,93,237,Np,1,0.00054536,0.00016642,0.00057163,0.000074667,,,2026-07-25
54,144,Xe,93,237,Np,0,0.000019494,0.0000093431,0.0000062992,0.0000022998,,,2026-07-25
56,145,Ba,93,237,Np,0,0.011151,0.0032718,0.0079534,0.0016843,,,2026-07-25
58,145,Ce,93,237,Np,0,0.034831,0.006374,0.032112,0.00073863,,,2026-07-25
55,145,Cs,93,237,Np,0,0.00034237,0.00015571,0.00018207,0.000066494,,,2026-07-25
57,145,La,93,237,Np,0,0.032373,0.0059377,0.028614,0.00076291,,,2026-07-25
60,145,Nd,93,237,Np,0,0.034845,0.0063766,0.032152,0.0007395,,,2026-07-25
59,145,Pr,93,237,Np,0,0.034845,0.0063766,0.032152,0.0007395,,,2026-07-25
54,145,Xe,93,237,Np,0,0.00000073421,0.00000034166,0.00000018375,0.000000068038,,,2026-07-25
56,146,Ba,93,237,Np,0,0.0043513,0.0015296,0.0025454,0.00076475,,,2026-07-25
58,146,Ce,93,237,Np,0,0.027352,0.0046498,0.027836,0.00061306,,,2026-07-25
55,146,Cs,93,237,Np,0,0.000028628,0.00001278,0.000014127,0.0000051171,,,2026-07-25
57,146,La,93,237,Np,0,0.010576,0.0021543,0.0078348,0.00083802,,,2026-07-25
57,146,La,93,237,Np,1,0.011196,0.0022314,0.011097,0.001005,,,2026-07-25
60,146,Nd,93,237,Np,0,0.027461,0.0046682,0.028113,0.00061842,,,2026-07-25
61,146,Pm,93,237,Np,0,0.0000000000038975,0.000000000001745,0.000000000025336,0.0000000000091912,,,2026-07-25
59,146,Pr,93,237,Np,0,0.027461,0.0046682,0.028112,0.00061842,,,2026-07-25
62,146,Sm,93,237,Np,0,0.0000000000013252,0.0000000000005933,0.0000000000086142,0.000000000003125,,,2026-07-25
54,146,Xe,93,237,Np,0,0.000000021859,0.0000000097865,0.0000000050013,0.0000000018143,,,2026-07-25
56,147,Ba,93,237,Np,0,0.00086541,0.00030637,0.00033935,0.00011613,,,2026-07-25
58,147,Ce,93,237,Np,0,0.024125,0.0027045,0.020737,0.00047076,,,2026-07-25
55,147,Cs,93,237,Np,0,0.0000019787,0.00000074282,0.0000006638,0.0000002343,,,2026-07-25
57,147,La,93,237,Np,0,0.013975,0.0018974,0.0092157,0.0011223,,,2026-07-25
60,147,Nd,93,237,Np,0,0.024962,0.0027955,0.022193,0.00046599,,,2026-07-25
61,147,Pm,93,237,Np,0,0.024962,0.0027955,0.022193,0.00046599,,,2026-07-25
59,147,Pr,93,237,Np,0,0.024958,0.0027953,0.022184,0.00046587,,,2026-07-25
62,147,Sm,93,237,Np,0,0.024962,0.0027955,0.022193,0.00046599,,,2026-07-25
54,147,Xe,93,237,Np,0,0.00000000031186,0.00000000011711,0.000000000048096,0.000000000016978,,,2026-07-25
56,148,Ba,93,237,Np,0,0.000099005,0.000048578,0.000033075,0.000011812,,,2026-07-25
58,148,Ce,93,237,Np,0,0.016494,0.0047802,0.013863,0.00052936,,,2026-07-25
55,148,Cs,93,237,Np,0,0.000000048781,0.000000024086,0.000000013765,0.000000004935,,,2026-07-25
57,148,La,93,237,Np,0,0.0035646,0.0013843,0.0022568,0.00061998,,,2026-07-25
60,148,Nd,93,237,Np,0,0.018936,0.0054679,0.017413,0.00053971,,,2026-07-25
61,148,Pm,93,237,Np,-2,0.000000010768,0.0000000053171,0.000000042303,0.000000015166,,,2026-07-25
61,148,Pm,93,237,Np,0,0.0000000051359,0.0000000023743,0.000000017635,0.0000000056209,,,2026-07-25
59,148,Pr,93,237,Np,0,0.0019354,0.00081292,0.0028746,0.00067449,,,2026-07-25
62,148,Sm,93,237,Np,0,0.000000015366,0.0000000063189,0.000000057825,0.000000015509,,,2026-07-25
56,149,Ba,93,237,Np,0,0.0000062304,0.0000028007,0.0000015149,0.00000054919,,,2026-07-25
58,149,Ce,93,237,Np,0,0.0094457,0.0021938,0.0061685,0.00061202,,,2026-07-25
55,149,Cs,93,237,Np,0,0.0000000010459,0.00000000047046,0.00000000021284,0.000000000077186,,,2026-07-25
57,149,La,93,237,Np,0,0.00087967,0.00036109,0.00044246,0.00015,,,2026-07-25
60,149,Nd,93,237,Np,0,0.015923,0.0034076,0.012752,0.00028055,,,2026-07-25
61,149,Pm,93,237,Np,0,0.015924,0.0034077,0.012753,0.00028058,,,2026-07-25
59,149,Pr,93,237,Np,0,0.015647,0.0033489,0.012385,0.0002766,,,2026-07-25
62,149,Sm,93,237,Np,0,0.015924,0.0034077,0.012753,0.00028058,,,2026-07-25
56,150,Ba,93,237,Np,0,0.00000022773,0.00000011281,0.000000054331,0.000000020121,,,2026-07-25
58,150,Ce,93,237,Np,0,0.0041881,0.0012357,0.0025432,0.00053779,,,2026-07-25
55,150,Cs,93,237,Np,0,0.0000000000080177,0.0000000000039719,0.0000000000015912,0.00000000000058932,,,2026-07-25
57,150,La,93,237,Np,0,0.000088522,0.000043142,0.000045308,0.000016619,,,2026-07-25
60,150,Nd,93,237,Np,0,0.011236,0.0024493,0.0098536,0.00020693,,,2026-07-25
61,150,Pm,93,237,Np,0,0.000004533,0.000002245,0.000012254,0.0000045442,,,2026-07-25
59,150,Pr,93,237,Np,0,0.010435,0.0022787,0.0085584,0.00023296,,,2026-07-25
62,150,Sm,93,237,Np,0,0.0000045352,0.0000022452,0.000012261,0.0000045442,,,2026-07-25
56,151,Ba,93,237,Np,0,0.0000000039257,0.0000000020694,0.00000000082324,0.00000000030779,,,2026-07-25
58,151,Ce,93,237,Np,0,0.00094827,0.00041556,0.00049262,0.00016145,,,2026-07-25
63,151,Eu,93,237,Np,0,0.0073841,0.0018534,0.0071108,0.00014933,,,2026-07-25
57,151,La,93,237,Np,0,0.0000070443,0.0000037052,0.0000032146,0.0000012006,,,2026-07-25
60,151,Nd,93,237,Np,0,0.0073485,0.0018445,0.0070264,0.0001479,,,2026-07-25
61,151,Pm,93,237,Np,0,0.0073841,0.0018534,0.0071107,0.00014932,,,2026-07-25
59,151,Pr,93,237,Np,0,0.0062214,0.00157,0.0049118,0.00022113,,,2026-07-25
62,151,Sm,93,237,Np,0,0.0073841,0.0018534,0.0071108,0.00014933,,,2026-07-25
56,152,Ba,93,237,Np,0,0.000000000056114,0.000000000029653,0.0000000000092966,0.0000000000034348,,,2026-07-25
58,152,Ce,93,237,Np,0,0.00016617,0.000083912,0.000070281,0.000025196,,,2026-07-25
63,152,Eu,93,237,Np,0,0.000000000064684,0.000000000028347,0.00000000032731,0.000000000086472,,,2026-07-25
63,152,Eu,93,237,Np,1,0.0000000000072831,0.0000000000038487,0.000000000032174,0.000000000011887,,,2026-07-25
63,152,Eu,93,237,Np,16,0.000000000034105,0.000000000018023,0.0000000001865,0.000000000068904,,,2026-07-25
64,152,Gd,93,237,Np,0,0.000000000023291,0.0000000000094854,0.00000000011448,0.000000000025635,,,2026-07-25
57,152,La,93,237,Np,0,0.00000029016,0.0000001533,0.00000010534,0.000000038914,,,2026-07-25
60,152,Nd,93,237,Np,0,0.0042708,0.0013797,0.0043282,0.000095558,,,2026-07-25
61,152,Pm,93,237,Np,0,0.0042963,0.0013878,0.0043694,0.000094972,,,2026-07-25
61,152,Pm,93,237,Np,4,0.000050823,0.000026181,0.000086593,0.000031683,,,2026-07-25
61,152,Pm,93,237,Np,14,0.000056215,0.000028937,0.00011311,0.000041143,,,2026-07-25
59,152,Pr,93,237,Np,0,0.0021487,0.0007431,0.0015721,0.00025157,,,2026-07-25
62,152,Sm,93,237,Np,0,0.0044042,0.0014225,0.004571,0.000095991,,,2026-07-25
58,153,Ce,93,237,Np,0,0.000013203,0.0000065065,0.0000047681,0.0000022231,,,2026-07-25
63,153,Eu,93,237,Np,0,0.0027709,0.000762,0.0028258,0.00056515,,,2026-07-25
57,153,La,93,237,Np,0,0.0000000083696,0.0000000041513,0.0000000025375,0.0000000011865,,,2026-07-25
60,153,Nd,93,237,Np,0,0.002403,0.00066329,0.0023029,0.00046628,,,2026-07-25
61,153,Pm,93,237,Np,0,0.002765,0.00076038,0.0028144,0.00056289,,,2026-07-25
59,153,Pr,93,237,Np,0,0.00057357,0.0002185,0.00041257,0.00015333,,,2026-07-25
62,153,Sm,93,237,Np,0,0.0027709,0.000762,0.0028258,0.00056515,,,2026-07-25
62,153,Sm,93,237,Np,6,0.000004175,0.0000020657,0.0000083431,0.0000038916,,,2026-07-25
58,154,Ce,93,237,Np,0,0.00000076207,0.00000035527,0.00000026533,0.000000097486,,,2026-07-25
63,154,Eu,93,237,Np,0,0.000000034574,0.000000012641,0.00000013919,0.000000036264,,,2026-07-25
63,154,Eu,93,237,Np,13,0.000000016385,0.0000000076436,0.000000072212,0.000000026541,,,2026-07-25
64,154,Gd,93,237,Np,0,0.000000034571,0.000000012639,0.00000013918,0.000000036256,,,2026-07-25
57,154,La,93,237,Np,0,0.00000000010609,0.000000000049494,0.000000000030745,0.0000000000113,,,2026-07-25
60,154,Nd,93,237,Np,0,0.0011873,0.00027242,0.001135,0.000072297,,,2026-07-25
61,154,Pm,93,237,Np,0,0.00023073,0.000080005,0.00033028,0.000070071,,,2026-07-25
59,154,Pr,93,237,Np,0,0.000080557,0.000034896,0.000059424,0.000020401,,,2026-07-25
62,154,Sm,93,237,Np,0,0.0016792,0.00037274,0.0018519,0.000040742,,,2026-07-25
58,155,Ce,93,237,Np,0,0.000000022878,0.0000000099485,0.00000000753,0.0000000035307,,,2026-07-25
63,155,Eu,93,237,Np,0,0.00097074,0.00017084,0.001253,0.00027942,,,2026-07-25
64,155,Gd,93,237,Np,0,0.00097074,0.00017084,0.001253,0.00027942,,,2026-07-25
64,155,Gd,93,237,Np,6,0.00000000010248,0.000000000044567,0.00000000048994,0.00000000022972,,,2026-07-25
57,155,La,93,237,Np,0,0.0000000000010972,0.00000000000047716,,,,,2026-07-25
60,155,Nd,93,237,Np,0,0.00037514,0.000094137,0.00033325,0.00010848,,,2026-07-25
61,155,Pm,93,237,Np,0,0.00088713,0.00015674,0.0011045,0.0002474,,,2026-07-25
59,155,Pr,93,237,Np,0,0.000010392,0.000004442,0.0000074073,0.0000034411,,,2026-07-25
62,155,Sm,93,237,Np,0,0.00097033,0.00017078,0.0012515,0.00027908,,,2026-07-25
58,156,Ce,93,237,Np,0,0.00000000049177,0.00000000020654,0.00000000016523,0.000000000075643,,,2026-07-25
63,156,Eu,93,237,Np,0,0.00052631,0.000084208,0.00085263,0.00017905,,,2026-07-25
64,156,Gd,93,237,Np,0,0.00052631,0.000084208,0.00085264,0.00017906,,,2026-07-25
60,156,Nd,93,237,Np,0,0.000091237,0.000029902,0.000080363,0.000032115,,,2026-07-25
61,156,Pm,93,237,Np,0,0.00036235,0.000062041,0.0005441,0.00012169,,,2026-07-25
59,156,Pr,93,237,Np,0,0.00000062101,0.0000002602,0.00000045591,0.0000002085,,,2026-07-25
62,156,Sm,93,237,Np,0,0.00052423,0.000083877,0.00084441,0.00017733,,,2026-07-25
58,157,Ce,93,237,Np,0,0.000000000004689,0.0000000000019761,0.0000000000014317,0.00000000000063448,,,2026-07-25
63,157,Eu,93,237,Np,0,0.00027104,0.000041741,0.00046922,0.000087275,,,2026-07-25
64,157,Gd,93,237,Np,0,0.00027107,0.000041745,0.00046935,0.000087299,,,2026-07-25
60,157,Nd,93,237,Np,0,0.000010239,0.0000040902,0.0000081564,0.0000035216,,,2026-07-25
61,157,Pm,93,237,Np,0,0.00012079,0.000025499,0.0001897,0.000047676,,,2026-07-25
59,157,Pr,93,237,Np,0,0.000000026413,0.000000011128,0.000000017728,0.0000000078556,,,2026-07-25
62,157,Sm,93,237,Np,0,0.00026386,0.000040653,0.00044309,0.000082541,,,2026-07-25
65,157,Tb,93,237,Np,0,0.0000000000029449,0.000000000001241,0.000000000027741,0.000000000012293,,,2026-07-25
66,158,Dy,93,237,Np,0,0.0000000000090698,0.0000000000036011,0.000000000079683,0.000000000032467,,,2026-07-25
63,158,Eu,93,237,Np,0,0.00013319,0.000020244,0.00024593,0.000041563,,,2026-07-25
64,158,Gd,93,237,Np,0,0.00013339,0.000020275,0.00024675,0.000041701,,,2026-07-25
60,158,Nd,93,237,Np,0,0.00000084847,0.00000036514,0.00000063576,0.00000027867,,,2026-07-25
61,158,Pm,93,237,Np,0,0.000023073,0.0000076229,0.000035735,0.000012695,,,2026-07-25
59,158,Pr,93,237,Np,0,0.00000000050891,0.000000000221,0.00000000031908,0.00000000014043,,,2026-07-25
62,158,Sm,93,237,Np,0,0.00012178,0.000018588,0.00020642,0.000035352,,,2026-07-25
65,158,Tb,93,237,Np,0,0.000000000054438,0.000000000021682,0.00000000047847,0.00000000019547,,,2026-07-25
65,158,Tb,93,237,Np,3,0.0000000000055126,0.0000000000023939,0.000000000042846,0.000000000018856,,,2026-07-25
63,159,Eu,93,237,Np,0,0.000062149,0.0000093852,0.00012149,0.000019444,,,2026-07-25
64,159,Gd,93,237,Np,0,0.000062886,0.0000094958,0.00012408,0.000019853,,,2026-07-25
60,159,Nd,93,237,Np,0,0.000000039962,0.000000016988,0.000000026059,0.000000011069,,,2026-07-25
61,159,Pm,93,237,Np,0,0.0000042574,0.0000016351,0.0000059134,0.0000023435,,,2026-07-25
59,159,Pr,93,237,Np,0,0.0000000000087694,0.0000000000037318,0.0000000000047543,0.0000000000020204,,,2026-07-25
62,159,Sm,93,237,Np,0,0.000045595,0.000007262,0.000070404,0.000013205,,,2026-07-25
65,159,Tb,93,237,Np,0,0.000062887,0.000009496,0.00012409,0.000019855,,,2026-07-25
66,160,Dy,93,237,Np,0,0.0000000061409,0.0000000025566,0.000000040743,0.000000017098,,,2026-07-25
63,160,Eu,93,237,Np,0,0.000026413,0.0000039766,0.000053567,0.0000083644,,,2026-07-25
64,160,Gd,93,237,Np,0,0.000028421,0.0000042631,0.000059798,0.0000092686,,,2026-07-25
60,160,Nd,93,237,Np,0,0.0000000013964,0.00000000058167,0.00000000079367,0.00000000033349,,,2026-07-25
61,160,Pm,93,237,Np,0,0.00000038843,0.00000015827,0.00000047722,0.00000019804,,,2026-07-25
62,160,Sm,93,237,Np,0,0.000014442,0.000002768,0.000020228,0.0000050663,,,2026-07-25
65,160,Tb,93,237,Np,0,0.0000000061388,0.0000000025565,0.000000040726,0.000000017097,,,2026-07-25
66,161,Dy,93,237,Np,0,0.000012326,0.0000018489,0.000027719,0.0000042133,,,2026-07-25
63,161,Eu,93,237,Np,0,0.0000096133,0.0000014923,0.000020391,0.0000032531,,,2026-07-25
64,161,Gd,93,237,Np,0,0.000012292,0.0000018439,0.000027532,0.0000041849,,,2026-07-25
60,161,Nd,93,237,Np,0,0.000000000022992,0.0000000000095648,0.00000000001097,0.0000000000046378,,,2026-07-25
61,161,Pm,93,237,Np,0,0.00000002744,0.000000011371,0.000000028575,0.00000001206,,,2026-07-25
62,161,Sm,93,237,Np,0,0.0000024698,0.00000075868,0.0000029884,0.0000010756,,,2026-07-25
65,161,Tb,93,237,Np,0,0.000012326,0.0000018489,0.000027719,0.0000042133,,,2026-07-25
66,162,Dy,93,237,Np,0,0.0000051262,0.0000007689,0.000012347,0.0000018644,,,2026-07-25
63,162,Eu,93,237,Np,0,0.0000023861,0.00000047844,0.000005189,0.0000011274,,,2026-07-25
64,162,Gd,93,237,Np,0,0.0000050449,0.00000075686,0.000011923,0.0000018018,,,2026-07-25
61,162,Pm,93,237,Np,0,0.00000000086412,0.00000000036065,0.00000000083246,0.00000000034952,,,2026-07-25
62,162,Sm,93,237,Np,0,0.00000031587,0.00000012058,0.00000035893,0.00000014444,,,2026-07-25
65,162,Tb,93,237,Np,0,0.0000051258,0.00000076887,0.000012345,0.0000018641,,,2026-07-25
66,163,Dy,93,237,Np,0,0.0000020453,0.00000030675,0.0000052922,0.0000007938,,,2026-07-25
63,163,Eu,93,237,Np,0,0.00000052101,0.00000014871,0.0000011506,0.00000034767,,,2026-07-25
64,163,Gd,93,237,Np,0,0.00000189,0.00000028452,0.0000045205,0.00000068752,,,2026-07-25
67,163,Ho,93,237,Np,0,,,0.0000000000050384,0.0000000000019214,,,2026-07-25
61,163,Pm,93,237,Np,0,0.00000000002081,0.0000000000088594,0.000000000018771,0.0000000000079102,,,2026-07-25
62,163,Sm,93,237,Np,0,0.00000002017,0.0000000084635,0.000000021688,0.0000000090811,,,2026-07-25
65,163,Tb,93,237,Np,0,0.0000020436,0.00000030655,0.0000052829,0.00000079243,,,2026-07-25
66,164,Dy,93,237,Np,0,0.00000078288,0.00000011743,0.0000021832,0.00000032745,,,2026-07-25
68,164,Er,93,237,Np,0,0.0000000000020784,0.00000000000071375,0.000000000024221,0.0000000000082931,,,2026-07-25
63,164,Eu,93,237,Np,0,0.000000061337,0.000000023465,0.00000012942,0.000000050001,,,2026-07-25
64,164,Gd,93,237,Np,0,0.00000063533,0.000000097368,0.0000014865,0.0000002413,,,2026-07-25
67,164,Ho,93,237,Np,0,0.0000000000040201,0.0000000000013806,0.000000000046849,0.000000000016041,,,2026-07-25
67,164,Ho,93,237,Np,3,0.0000000000028173,0.0000000000012178,0.000000000034275,0.000000000014481,,,2026-07-25
62,164,Sm,93,237,Np,0,0.00000000097194,0.00000000041944,0.00000000096987,0.00000000040951,,,2026-07-25
65,164,Tb,93,237,Np,0,0.00000077689,0.00000011654,0.000002151,0.00000032269,,,2026-07-25
66,165,Dy,93,237,Np,0,0.00000028742,0.000000043113,0.0000008666,0.00000012999,,,2026-07-25
66,165,Dy,93,237,Np,2,0.0000000016437,0.00000000066834,0.0000000066428,0.0000000026735,,,2026-07-25
63,165,Eu,93,237,Np,0,0.0000000067244,0.0000000027115,0.000000012152,0.0000000049902,,,2026-07-25
64,165,Gd,93,237,Np,0,0.00000015271,0.00000002848,0.00000031226,0.000000074576,,,2026-07-25
67,165,Ho,93,237,Np,0,0.0000002875,0.000000043124,0.00000086709,0.00000013006,,,2026-07-25
62,165,Sm,93,237,Np,0,0.00000000002599,0.000000000010863,0.000000000021789,0.0000000000091378,,,2026-07-25
65,165,Tb,93,237,Np,0,0.00000027506,0.000000041315,0.00000081021,0.0000001219,,,2026-07-25
66,166,Dy,93,237,Np,0,0.00000010116,0.000000015174,0.00000033034,0.000000049552,,,2026-07-25
68,166,Er,93,237,Np,0,0.0000001012,0.00000001518,0.00000033068,0.000000049602,,,2026-07-25
63,166,Eu,93,237,Np,0,0.00000000034737,0.00000000014246,0.0000000005612,0.0000000002336,,,2026-07-25
64,166,Gd,93,237,Np,0,0.000000029568,0.0000000077794,0.000000055225,0.000000017935,,,2026-07-25
67,166,Ho,93,237,Np,0,0.0000001012,0.00000001518,0.00000033067,0.000000049601,,,2026-07-25
67,166,Ho,93,237,Np,1,0.000000000099086,0.000000000040768,0.0000000008984,0.00000000037324,,,2026-07-25
65,166,Tb,93,237,Np,0,0.000000081979,0.000000012633,0.00000025146,0.00000003931,,,2026-07-25
66,167,Dy,93,237,Np,0,0.000000033845,0.0000000050772,0.0000001189,0.000000017844,,,2026-07-25
68,167,Er,93,237,Np,0,0.000000034244,0.000000005136,0.00000012209,0.000000018313,,,2026-07-25
68,167,Er,93,237,Np,3,0.0000000040919,0.00000000086637,0.000000014589,0.0000000031165,,,2026-07-25
63,167,Eu,93,237,Np,0,0.000000000012796,0.0000000000053226,0.000000000018846,0.0000000000078765,,,2026-07-25
64,167,Gd,93,237,Np,0,0.0000000027478,0.0000000010161,0.0000000047565,0.0000000018763,,,2026-07-25
67,167,Ho,93,237,Np,0,0.000000034244,0.000000005136,0.00000012208,0.000000018312,,,2026-07-25
65,167,Tb,93,237,Np,0,0.000000020097,0.0000000035095,0.000000066095,0.000000012162,,,2026-07-25
66,168,Dy,93,237,Np,0,0.000000010586,0.0000000015901,0.000000039239,0.000000005918,,,2026-07-25
68,168,Er,93,237,Np,0,0.000000011108,0.0000000016662,0.000000043291,0.0000000064935,,,2026-07-25
64,168,Gd,93,237,Np,0,0.00000000019006,0.000000000079385,0.00000000032039,0.00000000013488,,,2026-07-25
67,168,Ho,93,237,Np,0,0.000000011101,0.0000000016652,0.000000043232,0.0000000064848,,,2026-07-25
67,168,Ho,93,237,Np,1,0.0000000003029,0.00000000012354,0.0000000025066,0.0000000009653,,,2026-07-25
65,168,Tb,93,237,Np,0,0.0000000030112,0.00000000083185,0.000000010237,0.0000000030139,,,2026-07-25
66,169,Dy,93,237,Np,0,0.0000000028552,0.00000000043624,0.000000010354,0.0000000016609,,,2026-07-25
68,169,Er,93,237,Np,0,0.0000000034568,0.00000000051852,0.000000014782,0.000000002217,,,2026-07-25
64,169,Gd,93,237,Np,0,0.0000000000071649,0.0000000000030595,0.000000000011238,0.0000000000047154,,,2026-07-25
67,169,Ho,93,237,Np,0,0.000000003442,0.00000000051631,0.000000014657,0.0000000021987,,,2026-07-25
65,169,Tb,93,237,Np,0,0.00000000042558,0.00000000015101,0.0000000014052,0.00000000051221,,,2026-07-25
69,169,Tm,93,237,Np,0,0.0000000034568,0.00000000051852,0.000000014782,0.000000002217,,,2026-07-25
66,170,Dy,93,237,Np,0,0.00000000066929,0.00000000011119,0.0000000023254,0.00000000046418,,,2026-07-25
68,170,Er,93,237,Np,0,0.0000000010319,0.00000000015479,0.0000000048599,0.00000000072898,,,2026-07-25
67,170,Ho,93,237,Np,0,0.00000000023163,0.00000000006628,0.0000000016711,0.00000000037872,,,2026-07-25
67,170,Ho,93,237,Np,1,0.00000000076819,0.00000000012062,0.0000000029385,0.00000000050214,,,2026-07-25
65,170,Tb,93,237,Np,0,0.000000000030524,0.000000000012389,0.000000000094432,0.000000000038348,,,2026-07-25
66,171,Dy,93,237,Np,0,0.000000000095082,0.00000000002405,0.00000000029019,0.000000000091968,,,2026-07-25
68,171,Er,93,237,Np,0,0.00000000029548,0.000000000044322,0.0000000015359,0.00000000023038,,,2026-07-25
67,171,Ho,93,237,Np,0,0.00000000025889,0.000000000039265,0.0000000012896,0.00000000019673,,,2026-07-25
65,171,Tb,93,237,Np,0,0.0000000000018647,0.00000000000076865,0.0000000000049504,0.0000000000020812,,,2026-07-25
69,171,Tm,93,237,Np,0,0.00000000029548,0.000000000044322,0.0000000015395,0.00000000023085,,,2026-07-25
70,171,Yb,93,237,Np,0,0.00000000029548,0.000000000044322,0.0000000015395,0.00000000023085,,,2026-07-25
66,172,Dy,93,237,Np,0,0.000000000010275,0.0000000000035339,0.000000000029914,0.000000000011394,,,2026-07-25
68,172,Er,93,237,Np,0,0.000000000080712,0.000000000012107,0.00000000046228,0.000000000069354,,,2026-07-25
67,172,Ho,93,237,Np,0,0.000000000049885,0.0000000000084943,0.00000000026401,0.000000000047318,,,2026-07-25
69,172,Tm,93,237,Np,0,0.000000000080712,0.000000000012107,0.00000000046944,0.000000000070416,,,2026-07-25
70,172,Yb,93,237,Np,0,0.000000000080712,0.000000000012107,0.00000000046944,0.000000000070416,,,2026-07-25
66,173,Dy,93,237,Np,0,,,0.0000000000015242,0.00000000000062948,,,2026-07-25
68,173,Er,93,237,Np,0,0.000000000020081,0.0000000000030208,0.00000000012707,0.000000000019144,,,2026-07-25
67,173,Ho,93,237,Np,0,0.0000000000075584,0.0000000000018622,0.000000000046346,0.000000000011515,,,2026-07-25
69,173,Tm,93,237,Np,0,0.000000000020081,0.0000000000030208,0.00000000013789,0.000000000020683,,,2026-07-25
70,173,Yb,93,237,Np,0,0.000000000020081,0.0000000000030208,0.00000000013789,0.000000000020683,,,2026-07-25
68,174,Er,93,237,Np,0,0.000000000004071,0.00000000000063231,0.000000000030886,0.0000000000047642,,,2026-07-25
67,174,Ho,93,237,Np,0,,,0.0000000000042678,0.000000000001557,,,2026-07-25
69,174,Tm,93,237,Np,0,0.000000000004071,0.00000000000063231,0.000000000038762,0.0000000000058144,,,2026-07-25
70,174,Yb,93,237,Np,0,,,0.000000000038762,0.0000000000058144,,,2026-07-25
68,175,Er,93,237,Np,0,,,0.0000000000049602,0.0000000000010157,,,2026-07-25
69,175,Tm,93,237,Np,0,,,0.0000000000099573,0.0000000000014982,,,2026-07-25
70,175,Yb,93,237,Np,0,,,0.0000000000099573,0.0000000000014966,,,2026-07-25
70,175,Yb,93,237,Np,7,,,0.0000000000076671,0.0000000000012159,,,2026-07-25
69,176,Tm,93,237,Np,0,,,0.0000000000016278,0.00000000000028335,,,2026-07-25
70,176,Yb,93,237,Np,0,,,0.0000000000015464,0.00000000000025339,,,2026-07-25
1,1,H,93,237,Np,0,0.000032586,0.0000059306,,,,,2026-07-25
1,2,H,93,237,Np,0,0.0000099585,0.0000016729,,,,,2026-07-25
1,3,H,93,237,Np,0,0.000125,0.000011,,,,,2026-07-25
2,3,He,93,237,Np,0,0.000125,0.000011,,,,,2026-07-25
2,4,He,93,237,Np,0,0.00206,0.00017922,,,,,2026-07-25
27,61,Co,93,237,Np,0,0.0000000000020223,0.00000000000035552,,,,,2026-07-25
26,61,Fe,93,237,Np,0,0.0000000000020223,0.00000000000035552,,,,,2026-07-25
25,61,Mn,93,237,Np,0,0.0000000000020223,0.00000000000035552,,,,,2026-07-25
28,61,Ni,93,237,Np,0,0.0000000000020223,0.00000000000035552,,,,,2026-07-25
27,62,Co,93,237,Np,0,0.000000000013868,0.0000000000020803,,,,,2026-07-25
24,62,Cr,93,237,Np,0,0.0000000000011919,0.00000000000043831,,,,,2026-07-25
26,62,Fe,93,237,Np,0,0.000000000013868,0.0000000000020803,,,,,2026-07-25
25,62,Mn,93,237,Np,0,0.0000000000058716,0.0000000000012047,,,,,2026-07-25
25,62,Mn,93,237,Np,1,0.0000000000015431,0.00000000000037582,,,,,2026-07-25
28,62,Ni,93,237,Np,0,0.000000000013868,0.0000000000020803,,,,,2026-07-25
27,63,Co,93,237,Np,0,0.00000000005296,0.0000000000079451,,,,,2026-07-25
29,63,Cu,93,237,Np,0,0.00000000005296,0.0000000000079451,,,,,2026-07-25
26,63,Fe,93,237,Np,0,0.000000000049891,0.0000000000075098,,,,,2026-07-25
25,63,Mn,93,237,Np,0,0.000000000015568,0.0000000000042766,,,,,2026-07-25
28,63,Ni,93,237,Np,0,0.00000000005296,0.0000000000079451,,,,,2026-07-25
27,64,Co,93,237,Np,0,0.00000000019649,0.000000000029474,,,,,2026-07-25
26,64,Fe,93,237,Np,0,0.00000000016717,0.000000000025426,,,,,2026-07-25
25,64,Mn,93,237,Np,0,0.00000000001942,0.0000000000073377,,,,,2026-07-25
28,64,Ni,93,237,Np,0,0.00000000019649,0.000000000029474,,,,,2026-07-25
27,65,Co,93,237,Np,0,0.00000000067704,0.00000000010162,,,,,2026-07-25
29,65,Cu,93,237,Np,0,0.00000000069821,0.00000000010473,,,,,2026-07-25
26,65,Fe,93,237,Np,0,0.00000000041285,0.000000000072103,,,,,2026-07-25
25,65,Mn,93,237,Np,0,0.00000000002264,0.0000000000090811,,,,,2026-07-25
28,65,Ni,93,237,Np,0,0.00000000069821,0.00000000010473,,,,,2026-07-25
27,66,Co,93,237,Np,0,0.0000000020165,0.0000000003074,,,,,2026-07-25
29,66,Cu,93,237,Np,0,0.0000000023651,0.00000000035475,,,,,2026-07-25
26,66,Fe,93,237,Np,0,0.00000000083266,0.00000000019931,,,,,2026-07-25
25,66,Mn,93,237,Np,0,0.000000000012473,0.0000000000051096,,,,,2026-07-25
28,66,Ni,93,237,Np,0,0.0000000023631,0.00000000035446,,,,,2026-07-25
30,66,Zn,93,237,Np,0,0.0000000023651,0.00000000035475,,,,,2026-07-25
27,67,Co,93,237,Np,0,0.0000000049731,0.00000000082563,,,,,2026-07-25
29,67,Cu,93,237,Np,0,0.0000000076845,0.0000000011527,,,,,2026-07-25
26,67,Fe,93,237,Np,0,0.0000000008256,0.00000000029283,,,,,2026-07-25
25,67,Mn,93,237,Np,0,0.0000000000049584,0.0000000000020603,,,,,2026-07-25
28,67,Ni,93,237,Np,0,0.000000007624,0.0000000011436,,,,,2026-07-25
30,67,Zn,93,237,Np,0,0.0000000076845,0.0000000011527,,,,,2026-07-25
27,68,Co,93,237,Np,-2,0.0000000039546,0.0000000010947,,,,,2026-07-25
27,68,Co,93,237,Np,0,0.0000000057521,0.0000000013337,,,,,2026-07-25
29,68,Cu,93,237,Np,0,0.000000023984,0.000000003594,,,,,2026-07-25
29,68,Cu,93,237,Np,3,0.00000000058449,0.00000000023865,,,,,2026-07-25
26,68,Fe,93,237,Np,0,0.00000000060796,0.00000000024922,,,,,2026-07-25
28,68,Ni,93,237,Np,0,0.000000023243,0.000000003488,,,,,2026-07-25
30,68,Zn,93,237,Np,0,0.000000024083,0.000000003594,,,,,2026-07-25
27,69,Co,93,237,Np,0,0.000000011077,0.0000000037463,,,,,2026-07-25
29,69,Cu,93,237,Np,0,0.000000071335,0.0000000107,,,,,2026-07-25
26,69,Fe,93,237,Np,0,0.0000000002387,0.00000000010181,,,,,2026-07-25
31,69,Ga,93,237,Np,0,0.000000071527,0.000000010729,0.00000021719,0.000000032579,,,2026-07-25
28,69,Ni,93,237,Np,0,0.000000036247,0.000000006217,,,,,2026-07-25
28,69,Ni,93,237,Np,1,0.00000002528,0.0000000048473,,,,,2026-07-25
30,69,Zn,93,237,Np,0,0.000000071527,0.000000010729,0.00000021719,0.000000032579,,,2026-07-25
30,69,Zn,93,237,Np,1,0.00000000015609,0.000000000066659,0.00000000020899,0.000000000087799,,,2026-07-25
27,70,Co,93,237,Np,0,0.0000000040998,0.0000000016821,,,,,2026-07-25
27,70,Co,93,237,Np,1,0.0000000041704,0.0000000016857,,,,,2026-07-25
29,70,Cu,93,237,Np,0,0.000000032159,0.0000000083811,,,,,2026-07-25
29,70,Cu,93,237,Np,1,0.00000005566,0.000000014345,,,,,2026-07-25
29,70,Cu,93,237,Np,3,0.00000014871,0.000000023551,,,,,2026-07-25
26,70,Fe,93,237,Np,0,0.000000000070503,0.000000000030023,,,,,2026-07-25
31,70,Ga,93,237,Np,0,0.0000000000055936,0.0000000000023829,0.0000000000068621,0.0000000000029095,,,2026-07-25
32,70,Ge,93,237,Np,0,0.0000000000055707,0.0000000000023732,0.000000000006834,0.0000000000028976,,,2026-07-25
28,70,Ni,93,237,Np,0,0.00000014438,0.000000023129,,,,,2026-07-25
30,70,Zn,93,237,Np,0,0.00000020562,0.00000003084,0.0000005697,0.000000085455,,,2026-07-25
27,71,Co,93,237,Np,0,0.0000000053701,0.0000000022005,,,,,2026-07-25
29,71,Cu,93,237,Np,0,0.00000051285,0.000000077425,,,,,2026-07-25
26,71,Fe,93,237,Np,0,0.000000000010915,0.0000000000045403,,,,,2026-07-25
31,71,Ga,93,237,Np,0,0.00000056615,0.000000084922,0.0000014348,0.00000021522,,,2026-07-25
28,71,Ni,93,237,Np,0,0.00000021537,0.000000049634,,,,,2026-07-25
30,71,Zn,93,237,Np,0,0.00000052281,0.000000078745,0.0000013745,0.00000020642,,,2026-07-25
30,71,Zn,93,237,Np,1,0.000000043056,0.000000015914,0.000000059961,0.000000023558,,,2026-07-25
27,72,Co,93,237,Np,0,0.0000000015939,0.00000000065583,,,,,2026-07-25
29,72,Cu,93,237,Np,0,0.0000010113,0.00000016483,,,,,2026-07-25
26,72,Fe,93,237,Np,0,0.0000000000011946,0.00000000000049259,,,,,2026-07-25
31,72,Ga,93,237,Np,-2,0.000000050272,0.000000010923,0.00000011642,0.000000024867,,,2026-07-25
31,72,Ga,93,237,Np,0,0.0000014955,0.00000022433,0.0000034794,0.00000052185,,,2026-07-25
32,72,Ge,93,237,Np,0,0.0000014955,0.00000022433,0.0000034794,0.00000052185,,,2026-07-25
28,72,Ni,93,237,Np,0,0.00000024904,0.000000080029,,,,,2026-07-25
30,72,Zn,93,237,Np,0,0.000001489,0.00000022336,0.0000034707,0.00000052061,,,2026-07-25
27,73,Co,93,237,Np,0,0.00000000033622,0.00000000014081,,,,,2026-07-25
29,73,Cu,93,237,Np,0,0.0000016532,0.00000034862,,,,,2026-07-25
31,73,Ga,93,237,Np,0,0.0000037897,0.00000056846,0.0000081265,0.0000012271,,,2026-07-25
32,73,Ge,93,237,Np,0,0.0000037902,0.0000005685,0.0000081269,0.0000012272,,,2026-07-25
32,73,Ge,93,237,Np,2,0.0000037342,0.00000056017,0.0000080073,0.0000012092,,,2026-07-25
28,73,Ni,93,237,Np,0,0.00000013587,0.000000054006,,,,,2026-07-25
30,73,Zn,93,237,Np,-2,0.0000010523,0.00000021205,0.0000016291,0.00000038798,,,2026-07-25
30,73,Zn,93,237,Np,0,0.0000029063,0.00000045003,0.0000067252,0.0000010335,,,2026-07-25
30,73,Zn,93,237,Np,1,0.0000015554,0.00000031929,0.0000024936,0.00000062381,,,2026-07-25
33,74,As,93,237,Np,0,0.0000000000041165,0.0000000000017827,0.0000000000030817,0.0000000000013058,,,2026-07-25
27,74,Co,93,237,Np,0,0.00000000003234,0.000000000014005,,,,,2026-07-25
29,74,Cu,93,237,Np,0,0.0000015556,0.00000051553,,,,,2026-07-25
31,74,Ga,93,237,Np,0,0.0000070388,0.0000010829,0.000013996,0.0000021744,,,2026-07-25
31,74,Ga,93,237,Np,2,0.0000088447,0.0000013278,0.000017764,0.0000026836,,,2026-07-25
32,74,Ge,93,237,Np,0,0.0000092649,0.0000013822,0.00001845,0.0000027603,,,2026-07-25
28,74,Ni,93,237,Np,0,0.000000055636,0.000000023885,,,,,2026-07-25
34,74,Se,93,237,Np,0,0.0000000000013996,0.0000000000006061,0.0000000000010478,0.00000000000044398,,,2026-07-25
30,74,Zn,93,237,Np,0,0.0000084393,0.0000012709,0.00001709,0.0000025874,,,2026-07-25
33,75,As,93,237,Np,0,0.000021459,0.0000032189,0.000039502,0.0000060438,,,2026-07-25
33,75,As,93,237,Np,4,0.00000000056455,0.00000000013711,0.0000000007292,0.00000000015677,,,2026-07-25
27,75,Co,93,237,Np,0,0.0000000000027286,0.0000000000011584,,,,,2026-07-25
29,75,Cu,93,237,Np,0,0.0000014086,0.0000005415,,,,,2026-07-25
31,75,Ga,93,237,Np,0,0.000021194,0.0000031795,0.00003927,0.0000060086,,,2026-07-25
32,75,Ge,93,237,Np,0,0.000021458,0.0000032187,0.000039501,0.0000060437,,,2026-07-25
32,75,Ge,93,237,Np,2,0.0000010773,0.00000022495,0.0000017752,0.00000036949,,,2026-07-25
28,75,Ni,93,237,Np,0,0.000000012836,0.0000000054439,,,,,2026-07-25
30,75,Zn,93,237,Np,0,0.000015422,0.0000024507,0.000029383,0.0000047019,,,2026-07-25
33,76,As,93,237,Np,0,0.000000011129,0.0000000046312,0.0000000091561,0.0000000038239,,,2026-07-25
29,76,Cu,93,237,Np,0,0.00000031518,0.00000012918,,,,,2026-07-25
29,76,Cu,93,237,Np,1,0.00000031518,0.00000012918,,,,,2026-07-25
31,76,Ga,93,237,Np,0,0.000044574,0.0000067571,0.000079626,0.000012354,,,2026-07-25
32,76,Ge,93,237,Np,0,0.000048104,0.0000072637,0.000082818,0.000012837,,,2026-07-25
28,76,Ni,93,237,Np,0,0.0000000021973,0.00000000091462,,,,,2026-07-25
34,76,Se,93,237,Np,0,0.000000011133,0.0000000046314,0.0000000091577,0.000000003824,,,2026-07-25
30,76,Zn,93,237,Np,0,0.000024083,0.0000046759,0.000044015,0.0000083634,,,2026-07-25
33,77,As,93,237,Np,0,0.00010339,0.000015611,0.00016719,0.00002675,,,2026-07-25
29,77,Cu,93,237,Np,0,0.00000021763,0.000000090141,,,,,2026-07-25
31,77,Ga,93,237,Np,0,0.000080051,0.000012503,0.0001451,0.000023429,,,2026-07-25
32,77,Ge,93,237,Np,0,0.000035775,0.0000071478,0.000047324,0.0000096212,,,2026-07-25
32,77,Ge,93,237,Np,1,0.000083106,0.000012854,0.00014766,0.000023791,,,2026-07-25
28,77,Ni,93,237,Np,0,0.0000000001767,0.000000000073456,,,,,2026-07-25
34,77,Se,93,237,Np,0,0.00010339,0.000015611,0.00016719,0.00002675,,,2026-07-25
34,77,Se,93,237,Np,1,0.00000000024851,0.00000000010331,0.0000000001088,0.000000000045831,,,2026-07-25
30,77,Zn,93,237,Np,0,0.000018848,0.0000055984,0.000035643,0.000010363,,,2026-07-25
30,77,Zn,93,237,Np,2,0.0000026458,0.00000096242,0.0000043501,0.0000015836,,,2026-07-25
33,78,As,93,237,Np,0,0.00021338,0.000032422,0.0003265,0.000054802,,,2026-07-25
29,78,Cu,93,237,Np,0,0.000000031921,0.000000013312,,,,,2026-07-25
31,78,Ga,93,237,Np,0,0.000096686,0.000019823,0.00019933,0.000037088,,,2026-07-25
32,78,Ge,93,237,Np,0,0.00020977,0.00003189,0.00032281,0.000054234,,,2026-07-25
28,78,Ni,93,237,Np,0,0.0000000000092115,0.0000000000038432,,,,,2026-07-25
34,78,Se,93,237,Np,0,0.00021339,0.000032422,0.00032651,0.000054802,,,2026-07-25
30,78,Zn,93,237,Np,0,0.000012287,0.0000047164,0.000026498,0.0000098131,,,2026-07-25
33,79,As,93,237,Np,0,0.00042239,0.000065471,0.00061547,0.00011017,,,2026-07-25
35,79,Br,93,237,Np,0,0.00000023107,0.00000004788,0.00000033657,0.000000078229,,,2026-07-25
35,79,Br,93,237,Np,1,0.000000000083307,0.000000000035341,0.000000000044555,0.000000000018603,,,2026-07-25
29,79,Cu,93,237,Np,0,0.00000000339,0.0000000014381,,,,,2026-07-25
31,79,Ga,93,237,Np,0,0.00010101,0.000029675,0.00022974,0.000057021,,,2026-07-25
32,79,Ge,93,237,Np,0,0.0001487,0.000031838,0.00028209,0.000061117,,,2026-07-25
32,79,Ge,93,237,Np,1,0.00024859,0.000043182,0.00030579,0.000064203,,,2026-07-25
34,79,Se,93,237,Np,0,0.00042256,0.000065497,0.00061537,0.00011015,,,2026-07-25
34,79,Se,93,237,Np,1,0.00041244,0.000063944,0.00060092,0.00010759,,,2026-07-25
30,79,Zn,93,237,Np,0,0.000003603,0.0000015103,0.0000086943,0.0000035598,,,2026-07-25
33,80,As,93,237,Np,0,0.00080385,0.00012862,0.0011271,0.000216,,,2026-07-25
35,80,Br,93,237,Np,0,0.0000000065575,0.0000000022972,0.0000000038212,0.0000000013884,,,2026-07-25
35,80,Br,93,237,Np,2,0.0000000049253,0.0000000020938,0.0000000029691,0.0000000012684,,,2026-07-25
29,80,Cu,93,237,Np,0,0.00000000014591,0.000000000062031,,,,,2026-07-25
31,80,Ga,93,237,Np,0,0.000054021,0.000020759,0.00013428,0.000048415,,,2026-07-25
32,80,Ge,93,237,Np,0,0.00063495,0.000104,0.00092476,0.00017934,,,2026-07-25
36,80,Kr,93,237,Np,0,0.0000000060132,0.0000000021065,0.000000003504,0.0000000012732,,,2026-07-25
34,80,Se,93,237,Np,0,0.00081208,0.00012946,0.0011324,0.000216,,,2026-07-25
30,80,Zn,93,237,Np,0,0.00000072905,0.0000003095,0.0000019491,0.00000083039,,,2026-07-25
33,81,As,93,237,Np,0,0.0014175,0.00025405,0.0018908,0.0003745,,,2026-07-25
35,81,Br,93,237,Np,0,0.0015051,0.00026942,0.0019508,0.00038626,,,2026-07-25
31,81,Ga,93,237,Np,0,0.000025105,0.000010154,0.000065307,0.000025687,,,2026-07-25
32,81,Ge,93,237,Np,0,0.00054952,0.00012714,0.00086396,0.00019565,,,2026-07-25
32,81,Ge,93,237,Np,1,0.0001349,0.000036154,0.00019584,0.000050242,,,2026-07-25
36,81,Kr,93,237,Np,0,0.000000000082097,0.000000000030661,0.000000000025163,0.0000000000095441,,,2026-07-25
36,81,Kr,93,237,Np,2,0.000000000010886,0.0000000000045092,0.0000000000029566,0.0000000000012235,,,2026-07-25
34,81,Se,93,237,Np,0,0.0015047,0.00026935,0.0019506,0.00038621,,,2026-07-25
34,81,Se,93,237,Np,1,0.00012666,0.000034744,0.00012064,0.00003126,,,2026-07-25
30,81,Zn,93,237,Np,0,0.000000075932,0.00000003145,0.00000021486,0.000000088898,,,2026-07-25
33,82,As,93,237,Np,0,0.00094744,0.00022213,0.0013706,0.00030097,,,2026-07-25
33,82,As,93,237,Np,1,0.0011358,0.00026109,0.0013878,0.00031533,,,2026-07-25
35,82,Br,93,237,Np,0,0.0000065549,0.0000022506,0.0000046187,0.0000015565,,,2026-07-25
35,82,Br,93,237,Np,1,0.0000019754,0.00000082316,0.0000012477,0.00000050183,,,2026-07-25
31,82,Ga,93,237,Np,0,0.000005072,0.0000021093,0.000014649,0.0000058438,,,2026-07-25
32,82,Ge,93,237,Np,0,0.00057105,0.00017182,0.0009723,0.00024675,,,2026-07-25
36,82,Kr,93,237,Np,0,0.0000066103,0.0000022571,0.0000046514,0.0000015602,,,2026-07-25
34,82,Se,93,237,Np,0,0.0026856,0.00053712,0.0032354,0.00063091,,,2026-07-25
30,82,Zn,93,237,Np,0,0.0000000052626,0.0000000021958,0.000000016761,0.0000000067452,,,2026-07-25
33,83,As,93,237,Np,0,0.0026731,0.00059744,0.0032518,0.00016609,,,2026-07-25
35,83,Br,93,237,Np,0,0.0045715,0.00096279,0.004878,0.00010699,,,2026-07-25
31,83,Ga,93,237,Np,0,0.00000070716,0.00000029222,0.0000020629,0.00000073215,,,2026-07-25
32,83,Ge,93,237,Np,0,0.00022482,0.000086722,0.00035586,0.0001017,,,2026-07-25
36,83,Kr,93,237,Np,0,0.0045718,0.00096279,0.0048781,0.00010699,,,2026-07-25
36,83,Kr,93,237,Np,2,0.0045675,0.00096279,0.0048736,0.00010699,,,2026-07-25
37,83,Rb,93,237,Np,0,0.0000000000257,0.0000000000088484,0.0000000000082508,0.0000000000022972,,,2026-07-25
37,83,Rb,93,237,Np,2,0.000000000018172,0.0000000000075121,0.0000000000060784,0.0000000000021605,,,2026-07-25
34,83,Se,93,237,Np,0,0.0024274,0.0005537,0.0024673,0.00019652,,,2026-07-25
34,83,Se,93,237,Np,1,0.0020505,0.000467,0.0023437,0.0001627,,,2026-07-25
30,83,Zn,93,237,Np,0,0.0000000001543,0.000000000063783,0.00000000049948,0.00000000017754,,,2026-07-25
33,84,As,93,237,Np,-2,0.00088619,0.00024404,0.001311,0.00023883,,,2026-07-25
33,84,As,93,237,Np,0,0.00088619,0.00024404,0.001311,0.00023883,,,2026-07-25
35,84,Br,93,237,Np,0,0.0069133,0.0012237,0.007713,0.00016151,,,2026-07-25
35,84,Br,93,237,Np,1,0.0002978,0.00010789,0.00025024,0.00008149,,,2026-07-25
31,84,Ga,93,237,Np,0,0.000000042861,0.000000016639,0.00000014869,0.000000052216,,,2026-07-25
32,84,Ge,93,237,Np,0,0.000062586,0.000023977,0.00011106,0.000037031,,,2026-07-25
36,84,Kr,93,237,Np,0,0.0072204,0.0012431,0.0079673,0.00016151,,,2026-07-25
37,84,Rb,93,237,Np,0,0.0000000021756,0.00000000067366,0.00000000084149,0.00000000022202,,,2026-07-25
37,84,Rb,93,237,Np,2,0.0000000013983,0.00000000054281,0.00000000056986,0.00000000020014,,,2026-07-25
34,84,Se,93,237,Np,0,0.0066155,0.0011721,0.0074628,0.0001583,,,2026-07-25
38,84,Sr,93,237,Np,0,0.000000000069619,0.000000000021557,0.000000000026928,0.0000000000071047,,,2026-07-25
33,85,As,93,237,Np,0,0.00093386,0.00024887,0.0013183,0.0003306,,,2026-07-25
35,85,Br,93,237,Np,0,0.010207,0.00083759,0.0092785,0.00019652,,,2026-07-25
31,85,Ga,93,237,Np,0,0.0000000019066,0.00000000066065,0.000000006268,0.0000000022043,,,2026-07-25
32,85,Ge,93,237,Np,0,0.0000082217,0.0000028437,0.000013476,0.0000047097,,,2026-07-25
36,85,Kr,93,237,Np,0,0.0023036,0.00028731,0.0020415,0.00018567,,,2026-07-25
36,85,Kr,93,237,Np,1,0.010214,0.00083811,0.0092719,0.00019648,,,2026-07-25
37,85,Rb,93,237,Np,0,0.010332,0.0008473,0.0093293,0.00019658,,,2026-07-25
34,85,Se,93,237,Np,0,0.0070856,0.00066654,0.0069221,0.0002734,,,2026-07-25
38,85,Sr,93,237,Np,0,0.0000000000096802,0.0000000000028807,0.0000000000017735,0.00000000000053944,,,2026-07-25
38,85,Sr,93,237,Np,2,0.0000000000018649,0.00000000000064619,,,,,2026-07-25
33,86,As,93,237,Np,0,0.00020608,0.000079135,0.00035069,0.0001174,,,2026-07-25
35,86,Br,93,237,Np,0,0.013644,0.0022985,0.012484,0.00027326,,,2026-07-25
31,86,Ga,93,237,Np,0,0.000000000033863,0.00000000001366,0.00000000012922,0.000000000046257,,,2026-07-25
32,86,Ge,93,237,Np,0,0.00000069953,0.00000028215,0.0000013233,0.00000047339,,,2026-07-25
36,86,Kr,93,237,Np,0,0.015106,0.002483,0.013379,0.0002751,,,2026-07-25
37,86,Rb,93,237,Np,0,0.0000034206,0.0000010865,0.0000014783,0.00000039743,,,2026-07-25
37,86,Rb,93,237,Np,2,0.0000021984,0.00000088661,0.0000010011,0.00000035829,,,2026-07-25
34,86,Se,93,237,Np,0,0.0062198,0.0013727,0.0065068,0.00060152,,,2026-07-25
38,86,Sr,93,237,Np,0,0.0000034216,0.0000010866,0.0000014785,0.00000039741,,,2026-07-25
33,87,As,93,237,Np,0,0.000033059,0.00001321,0.000070932,0.000026718,,,2026-07-25
35,87,Br,93,237,Np,0,0.015671,0.0017387,0.01532,0.00086315,,,2026-07-25
32,87,Ge,93,237,Np,0,0.000000024829,0.00000001002,0.000000058667,0.000000022342,,,2026-07-25
36,87,Kr,93,237,Np,0,0.019698,0.0020866,0.0182,0.0009558,,,2026-07-25
37,87,Rb,93,237,Np,0,0.019755,0.0020866,0.018231,0.0009558,,,2026-07-25
34,87,Se,93,237,Np,0,0.0028654,0.00093822,0.0034577,0.00086255,,,2026-07-25
38,87,Sr,93,237,Np,0,0.000000059512,0.00000002034,0.000000016129,0.0000000052376,,,2026-07-25
38,87,Sr,93,237,Np,1,0.000000011184,0.0000000045128,0.0000000027046,0.0000000010299,,,2026-07-25
39,87,Y,93,237,Np,0,0.0000000000012951,0.00000000000044162,,,,,2026-07-25
39,87,Y,93,237,Np,1,0.0000000000010654,0.00000000000042997,,,,,2026-07-25
33,88,As,93,237,Np,0,0.0000026934,0.00000097419,0.0000068725,0.0000025056,,,2026-07-25
35,88,Br,93,237,Np,0,0.01224,0.0014702,0.013577,0.0008378,,,2026-07-25
32,88,Ge,93,237,Np,0,0.00000000068821,0.00000000024914,0.0000000019346,0.00000000070611,,,2026-07-25
36,88,Kr,93,237,Np,0,0.022603,0.0020343,0.021972,0.00048342,,,2026-07-25
37,88,Rb,93,237,Np,0,0.023067,0.0020484,0.022269,0.00048444,,,2026-07-25
34,88,Se,93,237,Np,0,0.0011352,0.00038552,0.0014867,0.00047835,,,2026-07-25
38,88,Sr,93,237,Np,0,0.023069,0.0020484,0.02227,0.00048444,,,2026-07-25
39,88,Y,93,237,Np,-2,0.000000000062291,0.000000000022551,0.00000000002027,0.0000000000073984,,,2026-07-25
39,88,Y,93,237,Np,0,0.00000000014681,0.000000000039116,0.000000000043164,0.000000000011181,,,2026-07-25
33,89,As,93,237,Np,0,0.00000016307,0.000000062653,0.00000038676,0.00000014808,,,2026-07-25
35,89,Br,93,237,Np,0,0.0079551,0.0019732,0.0082151,0.0015754,,,2026-07-25
32,89,Ge,93,237,Np,0,0.000000000008492,0.000000000003263,0.000000000022226,0.00000000000851,,,2026-07-25
36,89,Kr,93,237,Np,0,0.025109,0.0045213,0.020663,0.0025355,,,2026-07-25
37,89,Rb,93,237,Np,0,0.028297,0.0050658,0.022498,0.0027451,,,2026-07-25
34,89,Se,93,237,Np,0,0.00020571,0.000078477,0.00024608,0.000092652,,,2026-07-25
38,89,Sr,93,237,Np,0,0.028339,0.0050733,0.022511,0.0027466,,,2026-07-25
39,89,Y,93,237,Np,0,0.028339,0.0050733,0.022511,0.0027466,,,2026-07-25
39,89,Y,93,237,Np,1,0.0000027428,0.00000061614,0.000002173,0.00000039167,,,2026-07-25
33,90,As,93,237,Np,0,0.0000000043323,0.0000000016923,0.000000015354,0.0000000055602,,,2026-07-25
35,90,Br,93,237,Np,0,0.0022708,0.00076751,0.0036975,0.0010159,,,2026-07-25
36,90,Kr,93,237,Np,0,0.023891,0.0041984,0.025402,0.00086514,,,2026-07-25
37,90,Rb,93,237,Np,-2,0.011208,0.0024347,0.0097498,0.0014196,,,2026-07-25
37,90,Rb,93,237,Np,0,0.021968,0.003901,0.022965,0.00090629,,,2026-07-25
34,90,Se,93,237,Np,0,0.000024998,0.0000097564,0.000044382,0.000016031,,,2026-07-25
38,90,Sr,93,237,Np,0,0.033348,0.005636,0.032672,0.00072161,,,2026-07-25
39,90,Y,93,237,Np,-2,0.00000025113,0.000000098097,0.00000011159,0.000000040408,,,2026-07-25
39,90,Y,93,237,Np,0,0.033348,0.0056361,0.032672,0.00072161,,,2026-07-25
40,90,Zr,93,237,Np,-2,0.000000000038214,0.000000000013603,0.0000000000091756,0.000000000002698,,,2026-07-25
40,90,Zr,93,237,Np,0,0.033348,0.0056361,0.032672,0.00072161,,,2026-07-25
33,91,As,93,237,Np,0,0.000000000080861,0.00000000003038,0.00000000035977,0.00000000012973,,,2026-07-25
35,91,Br,93,237,Np,0,0.00052857,0.00019001,0.0010825,0.00036347,,,2026-07-25
36,91,Kr,93,237,Np,0,0.013667,0.0025016,0.018225,0.0018356,,,2026-07-25
37,91,Rb,93,237,Np,0,0.034993,0.0031316,0.037,0.00076583,,,2026-07-25
34,91,Se,93,237,Np,0,0.0000013825,0.00000051937,0.0000030714,0.0000011072,,,2026-07-25
38,91,Sr,93,237,Np,0,0.037381,0.003327,0.038395,0.00076823,,,2026-07-25
39,91,Y,93,237,Np,0,0.037392,0.0033279,0.038401,0.00076817,,,2026-07-25
39,91,Y,93,237,Np,1,0.022002,0.0023072,0.022595,0.0012701,,,2026-07-25
40,91,Zr,93,237,Np,0,0.037392,0.0033279,0.038401,0.00076817,,,2026-07-25
33,92,As,93,237,Np,0,,,0.0000000000035321,0.0000000000012984,,,2026-07-25
35,92,Br,93,237,Np,0,0.000060346,0.000023094,0.00014937,0.000054358,,,2026-07-25
36,92,Kr,93,237,Np,0,0.0072878,0.0020733,0.010479,0.002176,,,2026-07-25
41,92,Nb,93,237,Np,0,0.0000000000018601,0.0000000000007162,,,,,2026-07-25
41,92,Nb,93,237,Np,1,0.0000000000013109,0.00000000000050473,,,,,2026-07-25
37,92,Rb,93,237,Np,0,0.033824,0.0026065,0.037493,0.0013113,,,2026-07-25
34,92,Se,93,237,Np,0,0.00000005463,0.000000021034,0.00000014721,0.000000054117,,,2026-07-25
38,92,Sr,93,237,Np,0,0.042777,0.0030593,0.044775,0.0012879,,,2026-07-25
39,92,Y,93,237,Np,0,0.042902,0.0030593,0.044854,0.0012879,,,2026-07-25
40,92,Zr,93,237,Np,0,0.042902,0.0030593,0.044854,0.0012879,,,2026-07-25
35,93,Br,93,237,Np,0,0.0000056223,0.0000020765,0.000014704,0.000005431,,,2026-07-25
36,93,Kr,93,237,Np,0,0.0020612,0.00071942,0.0028317,0.00092509,,,2026-07-25
41,93,Nb,93,237,Np,0,0.00000000047428,0.00000000014985,0.00000000014957,0.000000000046993,,,2026-07-25
41,93,Nb,93,237,Np,1,0.00000000008907,0.000000000032915,0.000000000025068,0.0000000000092693,,,2026-07-25
37,93,Rb,93,237,Np,0,0.030479,0.0042846,0.034646,0.0016679,,,2026-07-25
34,93,Se,93,237,Np,0,0.0000000010504,0.00000000038815,0.0000000030012,0.0000000011097,,,2026-07-25
38,93,Sr,93,237,Np,0,0.049541,0.006292,0.051659,0.0011286,,,2026-07-25
39,93,Y,93,237,Np,0,0.050811,0.0063551,0.052519,0.0011286,,,2026-07-25
39,93,Y,93,237,Np,2,0.013499,0.0021319,0.013686,0.0012017,,,2026-07-25
40,93,Zr,93,237,Np,0,0.050816,0.0063551,0.05252,0.0011286,,,2026-07-25
35,94,Br,93,237,Np,0,0.00000023177,0.000000084013,0.00000071197,0.00000025035,,,2026-07-25
36,94,Kr,93,237,Np,0,0.0003796,0.0001361,0.00059433,0.00020351,,,2026-07-25
42,94,Mo,93,237,Np,0,0.000000000046251,0.000000000016767,0.000000000015633,0.0000000000054978,,,2026-07-25
41,94,Nb,93,237,Np,0,0.00000002233,0.0000000061379,0.0000000083399,0.0000000021431,,,2026-07-25
41,94,Nb,93,237,Np,1,0.0000000092502,0.0000000033535,0.0000000031266,0.0000000010996,,,2026-07-25
37,94,Rb,93,237,Np,0,0.011951,0.0027007,0.016928,0.0025402,,,2026-07-25
34,94,Se,93,237,Np,0,0.00000000001485,0.0000000000053835,0.000000000049976,0.000000000017575,,,2026-07-25
38,94,Sr,93,237,Np,0,0.045796,0.0058515,0.046334,0.0011007,,,2026-07-25
39,94,Y,93,237,Np,0,0.05067,0.006436,0.050094,0.001059,,,2026-07-25
40,94,Zr,93,237,Np,0,0.050756,0.0064467,0.050128,0.0010593,,,2026-07-25
35,95,Br,93,237,Np,0,0.0000000077255,0.0000000027561,0.000000027048,0.0000000096132,,,2026-07-25
36,95,Kr,93,237,Np,0,0.000036588,0.000013036,0.000064682,0.000022914,,,2026-07-25
42,95,Mo,93,237,Np,0,0.057884,0.0052097,0.056148,0.001517,,,2026-07-25
41,95,Nb,93,237,Np,0,0.057849,0.0052065,0.056114,0.0015162,,,2026-07-25
41,95,Nb,93,237,Np,1,0.00062551,0.000094383,0.00060665,0.000071558,,,2026-07-25
37,95,Rb,93,237,Np,0,0.0044128,0.0012819,0.0072201,0.0018619,,,2026-07-25
38,95,Sr,93,237,Np,0,0.039645,0.0039769,0.041607,0.0017664,,,2026-07-25
39,95,Y,93,237,Np,0,0.057123,0.0051427,0.055791,0.0015095,,,2026-07-25
40,95,Zr,93,237,Np,0,0.057883,0.0052096,0.056147,0.001517,,,2026-07-25
35,96,Br,93,237,Np,0,0.00000000011936,0.000000000049165,0.00000000045063,0.00000000016248,,,2026-07-25
36,96,Kr,93,237,Np,0,0.0000025735,0.0000010599,0.000004884,0.0000017604,,,2026-07-25
42,96,Mo,93,237,Np,0,0.000015206,0.0000062606,0.0000070247,0.0000025319,,,2026-07-25
41,96,Nb,93,237,Np,0,0.0000152,0.0000062601,0.0000070234,0.0000025319,,,2026-07-25
37,96,Rb,93,237,Np,-2,0.0003892,0.00015593,0.00068621,0.00023481,,,2026-07-25
37,96,Rb,93,237,Np,0,0.0005838,0.00019023,0.0010293,0.00026128,,,2026-07-25
38,96,Sr,93,237,Np,0,0.02863,0.006598,0.029224,0.0024306,,,2026-07-25
39,96,Y,93,237,Np,0,0.039107,0.0081258,0.036893,0.0019084,,,2026-07-25
39,96,Y,93,237,Np,5,0.018844,0.0046363,0.016085,0.0024028,,,2026-07-25
40,96,Zr,93,237,Np,0,0.062239,0.012323,0.055278,0.0011608,,,2026-07-25
35,97,Br,93,237,Np,0,0.0000000000013236,0.00000000000052102,0.0000000000070693,0.0000000000025905,,,2026-07-25
36,97,Kr,93,237,Np,0,0.000000081298,0.000000032001,0.00000021766,0.000000079754,,,2026-07-25
42,97,Mo,93,237,Np,0,0.060273,0.003383,0.063229,0.0010598,,,2026-07-25
41,97,Nb,93,237,Np,0,0.060272,0.003383,0.063229,0.0010598,,,2026-07-25
41,97,Nb,93,237,Np,1,0.057159,0.0032649,0.060012,0.0010384,,,2026-07-25
37,97,Rb,93,237,Np,0,0.00010546,0.000041196,0.0002607,0.000094377,,,2026-07-25
38,97,Sr,93,237,Np,0,0.010212,0.0027874,0.013517,0.0029937,,,2026-07-25
43,97,Tc,93,237,Np,0,0.0000000000042536,0.0000000000014022,0.0000000000011011,0.00000000000034274,,,2026-07-25
39,97,Y,93,237,Np,0,0.016386,0.0023454,0.018504,0.0023767,,,2026-07-25
39,97,Y,93,237,Np,1,0.032457,0.0024355,0.033898,0.0016025,,,2026-07-25
39,97,Y,93,237,Np,29,0.0068425,0.00089398,0.0085956,0.00093367,,,2026-07-25
40,97,Zr,93,237,Np,0,0.060104,0.003383,0.063119,0.0010598,,,2026-07-25
36,98,Kr,93,237,Np,0,0.0000000025301,0.00000000097927,0.000000006746,0.0000000024273,,,2026-07-25
42,98,Mo,93,237,Np,0,0.06222,0.0095822,0.060751,0.0013377,,,2026-07-25
41,98,Nb,93,237,Np,0,0.061325,0.0094464,0.060155,0.0013293,,,2026-07-25
41,98,Nb,93,237,Np,1,0.0008893,0.00033803,0.00059414,0.00020956,,,2026-07-25
37,98,Rb,93,237,Np,0,0.0000045642,0.0000017659,0.000011182,0.0000040201,,,2026-07-25
37,98,Rb,93,237,Np,5,0.0000045665,0.000001766,0.000011188,0.0000040202,,,2026-07-25
38,98,Sr,93,237,Np,0,0.0037375,0.0013072,0.0046825,0.0014312,,,2026-07-25
43,98,Tc,93,237,Np,0,0.00000000041466,0.00000000016049,0.00000000010728,0.000000000038602,,,2026-07-25
39,98,Y,93,237,Np,0,0.010315,0.0021509,0.010447,0.0015175,,,2026-07-25
39,98,Y,93,237,Np,2,0.027662,0.0051185,0.027947,0.0025495,,,2026-07-25
40,98,Zr,93,237,Np,0,0.06103,0.009402,0.059985,0.0013276,,,2026-07-25
36,99,Kr,93,237,Np,0,0.000000000035928,0.000000000011935,0.00000000012802,0.000000000047049,,,2026-07-25
42,99,Mo,93,237,Np,0,0.066104,0.0037019,0.076218,0.012424,,,2026-07-25
41,99,Nb,93,237,Np,0,0.043341,0.0029545,0.049774,0.0083673,,,2026-07-25
41,99,Nb,93,237,Np,1,0.023152,0.0021809,0.026951,0.004889,,,2026-07-25
37,99,Rb,93,237,Np,0,0.00000058485,0.00000019427,0.0000019081,0.00000070122,,,2026-07-25
44,99,Ru,93,237,Np,0,0.0000021538,0.00000021643,0.0000024834,0.00000045947,,,2026-07-25
38,99,Sr,93,237,Np,0,0.00063389,0.00020609,0.0010513,0.00037768,,,2026-07-25
43,99,Tc,93,237,Np,0,0.066101,0.0037018,0.076216,0.012423,,,2026-07-25
43,99,Tc,93,237,Np,2,0.058211,0.003315,0.067117,0.010965,,,2026-07-25
39,99,Y,93,237,Np,0,0.022256,0.0032619,0.030268,0.0061299,,,2026-07-25
40,99,Zr,93,237,Np,0,0.059664,0.0034222,0.070769,0.011556,,,2026-07-25

