model,Z,symbol,charge,lower_n,upper_n,transition,wavelength_nm,energy_eV,set,origin,source,A,split,family,predicted_energy_eV,predicted_frequency_hz,predicted_omega_rad_s,predicted_wavelength_nm,fractional_energy_residual,path_ratio,period_ratio,angular_rate_ratio,delta_active_path_m,delta_companion_path_m,delta_active_swept_screening,lower_phases,upper_phases
A0_TRANSITION_FIX,1,H,0,,,1s→2p,121.567,10.198836726512972,FINAL_UNTOUCHED,COMPUTED,APS01 NIST comparison column,1,CALIBRATION,CROSS_N,10.198715448175673,2466038423677404.0,1.5494576390590172e+16,121.56844561770602,-1.1891389238960492e-05,4.0,8.0,0.125,9.974755429320008e-10,0.0,0.0,{},{}
A0_TRANSITION_FIX,2,He,0,,,1s²→1s2p ¹P,58.433,21.218181238889027,FINAL_UNTOUCHED,COMPUTED,APS01 NIST comparison column,4,CALIBRATION,CROSS_N,31.960897728410544,7728110687467299.0,4.855715152375206e+16,38.792464306466826,0.5062977061310086,6.491013794677917,21.0666300413495,0.047468436956324,9.973306761283996e-10,-1.5383682917478022e-11,0.7025188131978297,{},{}
A0_TRANSITION_FIX,4,Be,0,,,2s²→2s2p ¹P,234.861,5.279045837035534,FINAL_UNTOUCHED,COMPUTED,APS01 NIST comparison column,9,CALIBRATION,CROSS_N,0.0,nan,nan,nan,-1.0,1.0,1.0,1.0,0.0,0.0,0.0,{},{}
A0_TRANSITION_FIX,5,B,0,,,2s²2p→2s²3s,249.773,4.963875135951454,FINAL_UNTOUCHED,COMPUTED,APS01 NIST comparison column,11,CALIBRATION,CROSS_N,21.79235918855784,5269369007758327.0,3.3108421927654596e+16,56.893426434664605,3.390190847212109,3.550829243277227,8.405592209941815,0.1189684170994208,9.872550700105655e-10,-4.57178635336295e-11,1.258877612148568,{},{}
A0_TRANSITION_FIX,6,C,0,,,2p²→2p3s,193.091,6.421024202743797,FINAL_UNTOUCHED,COMPUTED,APS01 NIST comparison column,12,CALIBRATION,CROSS_N,25.2440460884834,6103983186864872.0,3.835245747498059e+16,49.11423390633214,2.9314672070066723,3.303348912804048,7.2747426931491255,0.13746190651412787,7.732844931828084e-10,-4.8409403809640734e-11,1.2632206757623323,{},{}
A0_TRANSITION_FIX,8,O,0,,,2p⁴→2p³3s,130.217,9.521352698434171,FINAL_UNTOUCHED,COMPUTED,APS01 NIST comparison column,16,CALIBRATION,CROSS_N,42.24413180123793,1.0214585623661068e+16,6.418013430951506e+16,29.349448822041367,3.436778380049419,3.590427380088408,8.594112514459004,0.11635872794515648,6.108469425309847e-10,-4.6933323136729e-11,2.105606209226006,{},{}
A0_TRANSITION_FIX,9,F,0,,,2p⁵→2p⁴3s,95.483,12.98495003646725,FINAL_UNTOUCHED,COMPUTED,APS01 NIST comparison column,19,CALIBRATION,CROSS_N,48.06044052940615,1.1620962816996606e+16,7.301666282703338e+16,25.797557631070728,2.701241852639559,3.678726898420215,9.022021062106942,0.11083990971824075,5.727583968936889e-10,-4.562699958827203e-11,2.415736936394111,{},{}
A0_TRANSITION_FIX,12,Mg,0,,,3s²→3s3p ¹P,285.213,4.347073886295514,FINAL_UNTOUCHED,COMPUTED,APS01 NIST comparison column,24,CALIBRATION,CROSS_N,0.0,nan,nan,nan,-1.0,1.0,1.0,1.0,0.0,0.0,0.0,{},{}
A0_TRANSITION_FIX,13,Al,0,,,3p→4s,394.401,3.1436076083275712,FINAL_UNTOUCHED,COMPUTED,APS01 NIST comparison column,27,CALIBRATION,CROSS_N,26.53697256225405,6416611417303294.0,4.031675857908084e+16,46.7213048294568,7.441566463942989,2.033017558610303,3.0998702952133477,0.32259414258207697,5.005408658389877e-10,-2.5190766040880683e-11,0.7753519919048495,{},{}
A0_TRANSITION_FIX,14,Si,0,,,3p²→3p4s,251.611,4.9276143901975775,FINAL_UNTOUCHED,COMPUTED,APS01 NIST comparison column,28,CALIBRATION,CROSS_N,31.85425397225663,7702324341955729.0,4.839513113650791e+16,38.92233625724965,5.464437240792172,2.182492937477878,3.572456566605614,0.2799194283697491,5.133527957733751e-10,-3.924079663094819e-11,1.2782116165729978,{},{}
A0_TRANSITION_FIX,17,Cl,0,,,3p⁵→3p⁴4s,134.724,9.202829372138615,FINAL_UNTOUCHED,COMPUTED,APS01 NIST comparison column,35,CALIBRATION,CROSS_N,48.37430311479147,1.1696854452492072e+16,7.34935040361163e+16,25.63017768731214,4.256459851493469,2.4243335297595445,4.40804479763728,0.226857948570759,4.648675012963173e-10,-4.70185102342484e-11,2.4452295524161283,{},{}
A0_TRANSITION_FIX,20,Ca,0,,,4s²→4s4p ¹P,422.673,2.933336135338672,FINAL_UNTOUCHED,COMPUTED,APS01 NIST comparison column,40,CALIBRATION,CROSS_N,0.0,nan,nan,nan,-1.0,1.0,1.0,1.0,0.0,0.0,0.0,{},{}
A0_TRANSITION_FIX,30,Zn,0,,,3d¹⁰4s²→3d¹⁰4s4p,213.856,5.797555291093084,FINAL_UNTOUCHED,COMPUTED,APS01 NIST comparison column,64,CALIBRATION,CROSS_N,0.0,nan,nan,nan,-1.0,1.0,1.0,1.0,0.0,0.0,0.0,{},{}
A0_TRANSITION_FIX,3,Li,0,,,2s→2p,670.776,1.8483696261225844,FINAL_UNTOUCHED,COMPUTED,APS01 NIST comparison column,7,HOLDOUT,SAME_N,0.0,nan,nan,nan,-1.0,1.0,1.0,1.0,0.0,0.0,0.0,{},{}
A0_TRANSITION_FIX,7,N,0,,,2p³→2p²3s,119.955,10.335892495785941,FINAL_UNTOUCHED,COMPUTED,APS01 NIST comparison column,14,HOLDOUT,CROSS_N,35.7015257092944,8632590509109199.0,5.424016584973286e+16,34.727983179980086,2.4541309058555236,3.712256281427262,9.187231132664108,0.10884672275682922,7.205455408979862e-10,-5.478614976846166e-11,1.971949667625791,{},{}
A0_TRANSITION_FIX,10,Ne,0,,,2p⁶→2p⁵3s,73.59,16.847968261068115,FINAL_UNTOUCHED,COMPUTED,APS01 NIST comparison column,20,HOLDOUT,CROSS_N,59.13597204739972,1.4299014423084694e+16,8.984335733027474e+16,20.965952556562737,2.5099764630996915,3.944787372853821,10.3742316113513,0.09639268116067679,5.385232580074788e-10,-4.827984298652524e-11,3.1245112367028236,{},{}
A0_TRANSITION_FIX,11,Na,0,,,3s→3p,588.995,2.105012749398556,FINAL_UNTOUCHED,COMPUTED,APS01 NIST comparison column,23,HOLDOUT,SAME_N,0.0,nan,nan,nan,-1.0,1.0,1.0,1.0,0.0,0.0,0.0,{},{}
A0_TRANSITION_FIX,18,Ar,0,,,3p⁶→3p⁵4s,104.822,11.828070293755152,FINAL_UNTOUCHED,COMPUTED,APS01 NIST comparison column,40,HOLDOUT,CROSS_N,53.31779768933484,1.2892186122447174e+16,8.100399442198464e+16,23.25381088611633,3.50773425970295,2.499451743992141,4.685444265409017,0.21342693314754535,4.52854105979677e-10,-5.046650238894772e-11,2.8608426986624433,{},{}
A0_TRANSITION_FIX,19,K,0,,,4s→4p,766.49,1.6175579385667165,FINAL_UNTOUCHED,COMPUTED,APS01 NIST comparison column,39,HOLDOUT,SAME_N,0.0,nan,nan,nan,-1.0,1.0,1.0,1.0,0.0,0.0,0.0,{},{}
A0_TRANSITION_FIX,26,Fe,0,,,3d⁶4s²→3d⁶4s4p,371.994,3.3329623174889984,FINAL_UNTOUCHED,COMPUTED,APS01 NIST comparison column,56,HOLDOUT,CROSS_N,0.0,nan,nan,nan,-1.0,1.0,1.0,1.0,0.0,0.0,0.0,{},{}
A0_TRANSITION_FIX,29,Cu,0,,,3d¹⁰4s→3d¹⁰4p,324.754,3.8177881853095035,FINAL_UNTOUCHED,COMPUTED,APS01 NIST comparison column,63,HOLDOUT,CROSS_N,0.0,nan,nan,nan,-1.0,1.0,1.0,1.0,0.0,0.0,0.0,{},{}
A0_TRANSITION_FIX,1,H,0,1,2,2->1,121.567,10.198836726512972,HLIKE_CONTROL,COMPUTED,APS01 NIST comparison column,1,CONTROL,HLIKE,10.198715448175673,2466038423677404.0,1.5494576390590172e+16,121.56844561770602,-1.1891389238960492e-05,4.0,8.0,0.125,9.974755429320008e-10,0.0,0.0,{},{}
A0_TRANSITION_FIX,1,H,0,1,3,3->1,102.5722,12.08750503871422,HLIKE_CONTROL,COMPUTED,APS01 NIST comparison column,1,CONTROL,HLIKE,12.087366457097094,2922712205839886.5,1.8363942388847612e+16,102.57337598993946,-1.1464865303678629e-05,9.0,27.0,0.037037037037037035,2.659934781152002e-09,0.0,0.0,{},{}
A0_TRANSITION_FIX,1,H,0,2,3,3->2,656.4614,1.888674618693502,HLIKE_CONTROL,COMPUTED,APS01 NIST comparison column,1,CONTROL,HLIKE,1.888651008921421,456673782162482.25,2869365998257439.5,656.4696063356125,-1.2500709146601174e-05,2.25,3.375,0.2962962962962963,1.6624592382200014e-09,0.0,0.0,{},{}
A0_TRANSITION_FIX,2,He,1,1,2,2->1,30.3785,40.813140356897236,HLIKE_CONTROL,COMPUTED,APS01 NIST comparison column,4,CONTROL,HLIKE,40.81152653288659,9868183210958298.0,6.200362375964945e+16,30.379701267310296,-3.954177494147615e-05,4.0,8.0,0.125,4.987377714660004e-10,0.0,0.0,{},{}
A0_TRANSITION_FIX,2,He,1,1,3,3->1,25.6317,48.3714300780675,HLIKE_CONTROL,COMPUTED,APS01 NIST comparison column,4,CONTROL,HLIKE,48.36921663156929,1.1695624546320942e+16,7.348577630773266e+16,25.632872944293073,-4.575937686024378e-05,9.0,27.0,0.037037037037037035,1.329967390576001e-09,0.0,0.0,{},{}
A0_TRANSITION_FIX,3,Li,2,1,2,2->1,13.5006,91.83606538464976,HLIKE_CONTROL,COMPUTED,APS01 NIST comparison column,7,CONTROL,HLIKE,91.83128950545174,2.220470701109679e+16,1.3951628884235091e+17,13.501302127075077,-5.200439694386105e-05,4.0,8.0,0.125,3.3249184764400027e-10,0.0,0.0,{},{}
A0_TRANSITION_FIX,3,Li,2,1,3,3->1,11.3921,108.83348849922338,HLIKE_CONTROL,COMPUTED,APS01 NIST comparison column,7,CONTROL,HLIKE,108.83708385831316,2.6316689790929532e+16,1.6535263862797146e+17,11.391723669719596,3.3035411612480914e-05,9.000000000000002,27.000000000000007,0.03703703703703703,8.866449270506676e-10,0.0,0.0,{},{}
A1_PATHWAY,1,H,0,,,1s→2p,121.567,10.198836726512972,FINAL_UNTOUCHED,COMPUTED,APS01 NIST comparison column,1,CALIBRATION,CROSS_N,10.198715448195454,2466038423682187.5,1.5494576390620228e+16,121.56844561747023,-1.1891387299400868e-05,4.0,8.0,0.125,9.974755429320008e-10,0.0,0.0,{},{}
A1_PATHWAY,2,He,0,,,1s²→1s2p ¹P,58.433,21.218181238889027,FINAL_UNTOUCHED,COMPUTED,APS01 NIST comparison column,4,CALIBRATION,CROSS_N,38.56473087470355,9324910437893326.0,5.8590140254136904e+16,32.14963403634886,0.8175323530567966,6.491013794677917,21.0666300413495,0.047468436956324,9.973306761283996e-10,-1.5383682917478022e-11,0.23511699402427383,{},{}
A1_PATHWAY,4,Be,0,,,2s²→2s2p ¹P,234.861,5.279045837035534,FINAL_UNTOUCHED,COMPUTED,APS01 NIST comparison column,9,CALIBRATION,CROSS_N,0.0,nan,nan,nan,-1.0,1.0,1.0,1.0,0.0,0.0,0.0,{},{}
A1_PATHWAY,5,B,0,,,2s²2p→2s²3s,249.773,4.963875135951454,FINAL_UNTOUCHED,COMPUTED,APS01 NIST comparison column,11,CALIBRATION,CROSS_N,28.852058752904306,6976396767652461.0,4.38339936675691e+16,42.97239219392612,4.812406227533777,3.550829243277227,8.405592209941815,0.1189684170994208,9.872550700105655e-10,-4.57178635336295e-11,0.7728074527832409,{},{}
A1_PATHWAY,6,C,0,,,2p²→2p3s,193.091,6.421024202743797,FINAL_UNTOUCHED,COMPUTED,APS01 NIST comparison column,12,CALIBRATION,CROSS_N,37.2193778032622,8999605512538219.0,5.654618912679254e+16,33.311733229009896,4.796486141160754,3.303348912804048,7.2747426931491255,0.13746190651412787,7.732844931828084e-10,-4.8409403809640734e-11,0.5773111725124105,{},{}
A1_PATHWAY,8,O,0,,,2p⁴→2p³3s,130.217,9.521352698434171,FINAL_UNTOUCHED,COMPUTED,APS01 NIST comparison column,16,CALIBRATION,CROSS_N,78.06047726328443,1.887493942546361e+16,1.1859474207197765e+17,15.883095105225031,7.19846504332539,3.590427380088408,8.594112514459004,0.11635872794515648,6.108469425309847e-10,-4.6933323136729e-11,1.8554494604734817,{},{}
A1_PATHWAY,9,F,0,,,2p⁵→2p⁴3s,95.483,12.98495003646725,FINAL_UNTOUCHED,COMPUTED,APS01 NIST comparison column,19,CALIBRATION,CROSS_N,95.82416955164553,2.3170181110760004e+16,1.4558254151981725e+17,12.93871880271058,6.379633289502893,3.678726898420215,9.022021062106942,0.11083990971824075,5.727583968936889e-10,-4.562699958827203e-11,1.8391516558336987,{},{}
A1_PATHWAY,12,Mg,0,,,3s²→3s3p ¹P,285.213,4.347073886295514,FINAL_UNTOUCHED,COMPUTED,APS01 NIST comparison column,24,CALIBRATION,CROSS_N,0.0,nan,nan,nan,-1.0,1.0,1.0,1.0,0.0,0.0,0.0,{},{}
A1_PATHWAY,13,Al,0,,,3p→4s,394.401,3.1436076083275712,FINAL_UNTOUCHED,COMPUTED,APS01 NIST comparison column,27,CALIBRATION,CROSS_N,29.296742186629146,7083920743540465.0,4.4509586733038136e+16,42.32013158438685,8.319465352170747,2.033017558610303,3.0998702952133477,0.32259414258207697,5.005408658389877e-10,-2.5190766040880683e-11,0.8347312972641872,{},{}
A1_PATHWAY,14,Si,0,,,3p²→3p4s,251.611,4.9276143901975775,FINAL_UNTOUCHED,COMPUTED,APS01 NIST comparison column,28,CALIBRATION,CROSS_N,38.91595552723742,9409836181031520.0,5.912374443562411e+16,31.85947685298984,6.897524531272636,2.182492937477878,3.572456566605614,0.2799194283697491,5.133527957733751e-10,-3.924079663094819e-11,1.2108923774585092,{},{}
A1_PATHWAY,17,Cl,0,,,3p⁵→3p⁴4s,134.724,9.202829372138615,FINAL_UNTOUCHED,COMPUTED,APS01 NIST comparison column,35,CALIBRATION,CROSS_N,74.66254412833673,1.8053322848900868e+16,1.1343237286998344e+17,16.60594343263806,7.11299885167665,2.4243335297595445,4.40804479763728,0.226857948570759,4.648675012963173e-10,-4.70185102342484e-11,1.6638377024437059,{},{}
A1_PATHWAY,20,Ca,0,,,4s²→4s4p ¹P,422.673,2.933336135338672,FINAL_UNTOUCHED,COMPUTED,APS01 NIST comparison column,40,CALIBRATION,CROSS_N,0.0,nan,nan,nan,-1.0,1.0,1.0,1.0,0.0,0.0,0.0,{},{}
A1_PATHWAY,30,Zn,0,,,3d¹⁰4s²→3d¹⁰4s4p,213.856,5.797555291093084,FINAL_UNTOUCHED,COMPUTED,APS01 NIST comparison column,64,CALIBRATION,CROSS_N,0.0,nan,nan,nan,-1.0,1.0,1.0,1.0,0.0,0.0,0.0,{},{}
A1_PATHWAY,3,Li,0,,,2s→2p,670.776,1.8483696261225844,FINAL_UNTOUCHED,COMPUTED,APS01 NIST comparison column,7,HOLDOUT,SAME_N,0.0,nan,nan,nan,-1.0,1.0,1.0,1.0,0.0,0.0,0.0,{},{}
A1_PATHWAY,7,N,0,,,2p³→2p²3s,119.955,10.335892495785941,FINAL_UNTOUCHED,COMPUTED,APS01 NIST comparison column,14,HOLDOUT,CROSS_N,62.281223129608755,1.5059532751128434e+16,9.462183491487995e+16,19.90715535165167,5.025722805747206,3.712256281427262,9.187231132664108,0.10884672275682922,7.205455408979862e-10,-5.478614976846166e-11,2.1279855729877113,{},{}
A1_PATHWAY,10,Ne,0,,,2p⁶→2p⁵3s,73.59,16.847968261068115,FINAL_UNTOUCHED,COMPUTED,APS01 NIST comparison column,20,HOLDOUT,CROSS_N,134.29509333615985,3.247240909516245e+16,2.0403016371544944e+17,9.232221025592503,6.9709963394509575,3.944787372853821,10.3742316113513,0.09639268116067679,5.385232580074788e-10,-4.827984298652524e-11,2.9310158328959783,{},{}
A1_PATHWAY,11,Na,0,,,3s→3p,588.995,2.105012749398556,FINAL_UNTOUCHED,COMPUTED,APS01 NIST comparison column,23,HOLDOUT,SAME_N,0.0,nan,nan,nan,-1.0,1.0,1.0,1.0,0.0,0.0,0.0,{},{}
A1_PATHWAY,18,Ar,0,,,3p⁶→3p⁵4s,104.822,11.828070293755152,FINAL_UNTOUCHED,COMPUTED,APS01 NIST comparison column,40,HOLDOUT,CROSS_N,89.03389636442908,2.15283003590093e+16,1.3526630050427624e+17,13.925505172290155,6.527339130833216,2.499451743992141,4.685444265409017,0.21342693314754535,4.52854105979677e-10,-5.046650238894772e-11,-13.039857358494997,{},{}
A1_PATHWAY,19,K,0,,,4s→4p,766.49,1.6175579385667165,FINAL_UNTOUCHED,COMPUTED,APS01 NIST comparison column,39,HOLDOUT,SAME_N,0.0,nan,nan,nan,-1.0,1.0,1.0,1.0,0.0,0.0,0.0,{},{}
A1_PATHWAY,26,Fe,0,,,3d⁶4s²→3d⁶4s4p,371.994,3.3329623174889984,FINAL_UNTOUCHED,COMPUTED,APS01 NIST comparison column,56,HOLDOUT,CROSS_N,0.0,nan,nan,nan,-1.0,1.0,1.0,1.0,0.0,0.0,0.0,{},{}
A1_PATHWAY,29,Cu,0,,,3d¹⁰4s→3d¹⁰4p,324.754,3.8177881853095035,FINAL_UNTOUCHED,COMPUTED,APS01 NIST comparison column,63,HOLDOUT,CROSS_N,0.0,nan,nan,nan,-1.0,1.0,1.0,1.0,0.0,0.0,0.0,{},{}
A1_PATHWAY,1,H,0,1,2,2->1,121.567,10.198836726512972,HLIKE_CONTROL,COMPUTED,APS01 NIST comparison column,1,CONTROL,HLIKE,10.198715448195454,2466038423682187.5,1.5494576390620228e+16,121.56844561747023,-1.1891387299400868e-05,4.0,8.0,0.125,9.974755429320008e-10,0.0,0.0,{},{}
A1_PATHWAY,1,H,0,1,3,3->1,102.5722,12.08750503871422,HLIKE_CONTROL,COMPUTED,APS01 NIST comparison column,1,CONTROL,HLIKE,12.087366457120538,2922712205845555.0,1.8363942388883228e+16,102.57337598974051,-1.1464863364119005e-05,9.0,27.0,0.037037037037037035,2.659934781152002e-09,0.0,0.0,{},{}
A1_PATHWAY,1,H,0,2,3,3->2,656.4614,1.888674618693502,HLIKE_CONTROL,COMPUTED,APS01 NIST comparison column,1,CONTROL,HLIKE,1.888651008925084,456673782163368.0,2869365998263005.0,656.4696063343393,-1.2500707207152573e-05,2.25,3.375,0.2962962962962963,1.6624592382200014e-09,0.0,0.0,{},{}
A1_PATHWAY,2,He,1,1,2,2->1,30.3785,40.813140356897236,HLIKE_CONTROL,COMPUTED,APS01 NIST comparison column,4,CONTROL,HLIKE,40.81152653296574,9868183210977436.0,6.20036237597697e+16,30.37970126725138,-3.954177300202755e-05,4.0,8.0,0.125,4.987377714660004e-10,0.0,0.0,{},{}
A1_PATHWAY,2,He,1,1,3,3->1,25.6317,48.3714300780675,HLIKE_CONTROL,COMPUTED,APS01 NIST comparison column,4,CONTROL,HLIKE,48.36921663166311,1.169562454634363e+16,7.348577630787522e+16,25.632872944243346,-4.575937492068416e-05,9.0,27.0,0.037037037037037035,1.329967390576001e-09,0.0,0.0,{},{}
A1_PATHWAY,3,Li,2,1,2,2->1,13.5006,91.83606538464976,HLIKE_CONTROL,COMPUTED,APS01 NIST comparison column,7,CONTROL,HLIKE,91.83128950562981,2.2204707011139852e+16,1.3951628884262146e+17,13.501302127048895,-5.200439500474552e-05,4.0,8.0,0.125,3.3249184764400027e-10,0.0,0.0,{},{}
A1_PATHWAY,3,Li,2,1,3,3->1,11.3921,108.83348849922338,HLIKE_CONTROL,COMPUTED,APS01 NIST comparison column,7,CONTROL,HLIKE,108.83708385852424,2.631668979098057e+16,1.6535263862829213e+17,11.391723669697503,3.303541355181849e-05,9.000000000000002,27.000000000000007,0.03703703703703703,8.866449270506676e-10,0.0,0.0,{},{}
A2_AXIS_AROUND,1,H,0,,,1s→2p,121.567,10.198836726512972,FINAL_UNTOUCHED,COMPUTED,APS01 NIST comparison column,1,CALIBRATION,CROSS_N,10.198715448195454,2466038423682187.5,1.5494576390620228e+16,121.56844561747023,-1.1891387299400868e-05,4.0,8.0,0.125,9.974755429320008e-10,0.0,0.0,"{""1"": 0.0}","{""2"": 0.0}"
A2_AXIS_AROUND,2,He,0,,,1s²→1s2p ¹P,58.433,21.218181238889027,FINAL_UNTOUCHED,COMPUTED,APS01 NIST comparison column,4,CALIBRATION,CROSS_N,37.354685791334035,9032322838490804.0,5.675175814850803e+16,33.19106982341785,0.7605036629091357,5.313215287232584,14.115128344241016,0.07084597288893946,7.797623229785001e-10,-1.4271630981966284e-11,0.09166770196479257,"{""1"": 0.0}","{""1"": 0.0, ""2"": 0.0}"
A2_AXIS_AROUND,4,Be,0,,,2s²→2s2p ¹P,234.861,5.279045837035534,FINAL_UNTOUCHED,COMPUTED,APS01 NIST comparison column,9,CALIBRATION,CROSS_N,-0.9542180192912796,nan,nan,nan,-1.180755774575188,0.9553634289939843,0.9127192814591438,1.0956271225050953,-2.4226257368669624e-11,2.013065147768417e-11,46.58384204995864,"{""1"": 0.0, ""2"": 0.0}","{""1"": 0.0, ""2"": 0.0}"
A2_AXIS_AROUND,5,B,0,,,2s²2p→2s²3s,249.773,4.963875135951454,FINAL_UNTOUCHED,COMPUTED,APS01 NIST comparison column,11,CALIBRATION,CROSS_N,27.34686986122173,6612443712913042.0,4.1547209181527256e+16,45.33761964802111,4.5091776308309575,3.5629924668081707,8.463276879021183,0.11815754279276924,1.0195776818276877e-09,-6.055052355675672e-11,2.1897945286573473,"{""1"": 0.0, ""2"": 0.0}","{""1"": 0.0, ""2"": 0.0, ""3"": 0.0}"
A2_AXIS_AROUND,6,C,0,,,2p²→2p3s,193.091,6.421024202743797,FINAL_UNTOUCHED,COMPUTED,APS01 NIST comparison column,12,CALIBRATION,CROSS_N,43.13102379320868,1.0429035153208724e+16,6.5527560442700456e+16,28.74594376141902,5.717156396136643,3.698427661612388,9.118911445453119,0.10966221198459178,8.608435044478217e-10,-5.4495871567366265e-11,1.2563781236710048,"{""1"": 0.0, ""2"": 0.0}","{""1"": 0.0, ""2"": 0.0, ""3"": 0.0}"
A2_AXIS_AROUND,8,O,0,,,2p⁴→2p³3s,130.217,9.521352698434171,FINAL_UNTOUCHED,COMPUTED,APS01 NIST comparison column,16,CALIBRATION,CROSS_N,71.87142983184191,1.7378434414665478e+16,1.091919237760102e+17,17.25083231588504,6.548447380135544,3.61035173473937,8.689759765690383,0.1150779799400533,6.421841654075951e-10,-4.738720166626412e-11,-1.175323308318906,"{""1"": 0.0, ""2"": 0.0}","{""1"": 0.0, ""2"": 0.0, ""3"": 0.0}"
A2_AXIS_AROUND,9,F,0,,,2p⁵→2p⁴3s,95.483,12.98495003646725,FINAL_UNTOUCHED,COMPUTED,APS01 NIST comparison column,19,CALIBRATION,CROSS_N,98.7350550287206,2.387403008761088e+16,1.5000495506964006e+17,12.557262301331077,6.603807080614916,3.7353832398807825,9.302058632521497,0.10750308501645417,5.778154047206456e-10,-4.497236188624863e-11,-3.3881227719613936,"{""1"": 0.0, ""2"": 3.141592653589793}","{""1"": 0.0, ""2"": 0.0, ""3"": 0.0}"
A2_AXIS_AROUND,12,Mg,0,,,3s²→3s3p ¹P,285.213,4.347073886295514,FINAL_UNTOUCHED,COMPUTED,APS01 NIST comparison column,24,CALIBRATION,CROSS_N,1.638560857637747,396202252626950.9,2489412172377112.5,756.6652032195115,-0.6230657908062165,1.037747210402098,1.076919272697336,0.9285747087572515,2.0692258010420517e-11,5.2443476289051465e-12,-0.3597957485777181,"{""1"": 0.0, ""2"": 0.0, ""3"": 0.0}","{""1"": 0.0, ""2"": 0.0, ""3"": 0.0}"
A2_AXIS_AROUND,13,Al,0,,,3p→4s,394.401,3.1436076083275712,FINAL_UNTOUCHED,COMPUTED,APS01 NIST comparison column,27,CALIBRATION,CROSS_N,31.209597997204128,7546447220703459.0,4.74157262985302e+16,39.72630421074543,8.927955993785092,2.3369898822354145,4.096141282253022,0.24413220421195153,6.660056176687104e-10,-4.4838409305483593e-11,-3.7098425736599356,"{""1"": 0.0, ""2"": 0.0, ""3"": 0.0}","{""1"": 0.0, ""2"": 0.0, ""3"": 0.0, ""4"": 0.0}"
A2_AXIS_AROUND,14,Si,0,,,3p²→3p4s,251.611,4.9276143901975775,FINAL_UNTOUCHED,COMPUTED,APS01 NIST comparison column,28,CALIBRATION,CROSS_N,40.83445159560237,9873726466460384.0,6.20384530611741e+16,30.362645655452525,7.286860204977417,2.3890171879258713,4.2805523431539285,0.23361471133493858,6.098131704047778e-10,-4.4887381178186756e-11,1.034170899731536,"{""1"": 0.0, ""2"": 0.0, ""3"": 0.0}","{""1"": 0.0, ""2"": 0.0, ""3"": 0.0, ""4"": 0.0}"
A2_AXIS_AROUND,17,Cl,0,,,3p⁵→3p⁴4s,134.724,9.202829372138615,FINAL_UNTOUCHED,COMPUTED,APS01 NIST comparison column,35,CALIBRATION,CROSS_N,71.79167721732759,1.73591503182731e+16,1.0907075822489538e+17,17.2699960829548,6.801044039203365,2.437073007374727,4.454493632455873,0.224492407557596,4.791882316659117e-10,-4.8500099627835817e-11,-2.476715290702735,"{""1"": 0.0, ""2"": 0.0, ""3"": 0.0}","{""1"": 0.0, ""2"": 0.0, ""3"": 0.0, ""4"": 0.0}"
A2_AXIS_AROUND,20,Ca,0,,,4s²→4s4p ¹P,422.673,2.933336135338672,FINAL_UNTOUCHED,COMPUTED,APS01 NIST comparison column,40,CALIBRATION,CROSS_N,2.950483721093584,713423789655096.4,4482573872953281.0,420.2165141492327,0.005845762286950551,1.0526174160263875,1.108003424522069,0.9025242863589023,3.359779389681472e-11,1.7918957495681423e-12,-5069.588979242665,"{""1"": 0.0, ""2"": 0.0, ""3"": 0.0, ""4"": 0.0}","{""1"": 0.0, ""2"": 3.665191429188092, ""3"": 3.665191429188092, ""4"": 3.665191429188092}"
A2_AXIS_AROUND,30,Zn,0,,,3d¹⁰4s²→3d¹⁰4s4p,213.856,5.797555291093084,FINAL_UNTOUCHED,COMPUTED,APS01 NIST comparison column,64,CALIBRATION,CROSS_N,5.259750658823357,1271802050908393.8,7990967959908484.0,235.72257788534864,-0.09276403678218792,1.0440502540166698,1.0900409329122724,0.9173967415409718,1.935436055923197e-11,6.856330127446616e-13,-13644.389225373732,"{""1"": 0.0, ""2"": 0.0, ""3"": 0.0, ""4"": 0.0}","{""1"": 0.0, ""2"": 0.0, ""3"": 0.0, ""4"": 0.0}"
A2_AXIS_AROUND,3,Li,0,,,2s→2p,670.776,1.8483696261225844,FINAL_UNTOUCHED,COMPUTED,APS01 NIST comparison column,7,HOLDOUT,SAME_N,-0.6949018883355516,nan,nan,nan,-1.3759539642475522,0.9288499727063989,0.862762271796678,1.159067836748967,-5.794053836679768e-11,4.966804497643566e-13,-0.031692056782071765,"{""1"": 0.0, ""2"": 0.0}","{""1"": 0.0, ""2"": 3.665191429188092}"
A2_AXIS_AROUND,7,N,0,,,2p³→2p²3s,119.955,10.335892495785941,FINAL_UNTOUCHED,COMPUTED,APS01 NIST comparison column,14,HOLDOUT,CROSS_N,62.42947503534943,1.5095379902448386e+16,9.484706920935771e+16,19.859881628509086,5.040066212066604,3.8004284316617767,9.628837509455456,0.10385469679159154,7.462571202467697e-10,-4.8603970735592186e-11,3.9149960274478697,"{""1"": 0.0, ""2"": 1.0471975511965976}","{""1"": 0.0, ""2"": 0.0, ""3"": 0.0}"
A2_AXIS_AROUND,10,Ne,0,,,2p⁶→2p⁵3s,73.59,16.847968261068115,FINAL_UNTOUCHED,COMPUTED,APS01 NIST comparison column,20,HOLDOUT,CROSS_N,128.69396332977118,3.1118061885265764e+16,1.9552054922540694e+17,9.634033735949028,6.638544976794273,3.824836173121613,9.752914500813056,0.10253345294031178,5.24891833103426e-10,-4.154805348644168e-11,64.62329174259987,"{""1"": 0.0, ""2"": 0.0}","{""1"": 0.0, ""2"": 0.0, ""3"": 0.0}"
A2_AXIS_AROUND,11,Na,0,,,3s→3p,588.995,2.105012749398556,FINAL_UNTOUCHED,COMPUTED,APS01 NIST comparison column,23,HOLDOUT,SAME_N,0.8278878185470198,200182383889984.44,1257783013213733.8,1497.5966025300154,-0.6067065062748129,1.026276220564945,1.0532428808970677,0.9494486201969675,1.7001370130396696e-11,-4.021738322093737e-13,0.03356123160535862,"{""1"": 0.0, ""2"": 0.0, ""3"": 0.0}","{""1"": 0.0, ""2"": 0.0, ""3"": 0.0}"
A2_AXIS_AROUND,18,Ar,0,,,3p⁶→3p⁵4s,104.822,11.828070293755152,FINAL_UNTOUCHED,COMPUTED,APS01 NIST comparison column,40,HOLDOUT,CROSS_N,86.62665972472644,2.0946233129213936e+16,1.316090642382353e+17,14.312475954536962,6.3238201645168255,2.477603065061552,4.603887711001797,0.21720773024292594,4.5108113364369645e-10,-4.661818600428379e-11,-229.98476787660175,"{""1"": 0.0, ""2"": 0.0, ""3"": 0.0}","{""1"": 0.0, ""2"": 0.0, ""3"": 0.0, ""4"": 0.0}"
A2_AXIS_AROUND,19,K,0,,,4s→4p,766.49,1.6175579385667165,FINAL_UNTOUCHED,COMPUTED,APS01 NIST comparison column,39,HOLDOUT,SAME_N,2.1588115325106307,521998306129956.0,3279812087448371.5,574.3169172762872,0.3346115653968522,1.0470726069295937,1.0963610441823355,0.9121082925249308,3.3323830006473046e-11,-2.3103550375671937e-12,0.10306815195917807,"{""1"": 0.0, ""2"": 0.0, ""3"": 0.0, ""4"": 0.0}","{""1"": 0.0, ""2"": 1.0471975511965976, ""3"": 1.0471975511965976, ""4"": 1.0471975511965976}"
A2_AXIS_AROUND,26,Fe,0,,,3d⁶4s²→3d⁶4s4p,371.994,3.3329623174889984,FINAL_UNTOUCHED,COMPUTED,APS01 NIST comparison column,56,HOLDOUT,CROSS_N,11.908646743317297,2879497971313081.5,1.809241934540778e+16,104.11275194032919,2.5729917139564558,1.1150047069104903,1.243235496432548,0.8043528381143318,5.250529278826275e-11,1.694487104492148e-13,0.9558549343016676,"{""1"": 0.0, ""2"": 0.0, ""3"": 0.0, ""4"": 0.0}","{""1"": 0.0, ""2"": 0.0, ""3"": 0.0, ""4"": 0.0}"
A2_AXIS_AROUND,29,Cu,0,,,3d¹⁰4s→3d¹⁰4p,324.754,3.8177881853095035,FINAL_UNTOUCHED,COMPUTED,APS01 NIST comparison column,63,HOLDOUT,CROSS_N,4.105936858713752,992811115304979.5,6238016212488825.0,301.96323689215285,0.07547529077517146,1.039487861948634,1.0805350151385424,0.9254674637931873,1.863283926476372e-11,-1.4864796140888856e-12,0.11209535622068856,"{""1"": 0.0, ""2"": 0.0, ""3"": 0.0, ""4"": 0.0}","{""1"": 0.0, ""2"": 0.0, ""3"": 0.0, ""4"": 0.0}"
A2_AXIS_AROUND,1,H,0,1,2,2->1,121.567,10.198836726512972,HLIKE_CONTROL,COMPUTED,APS01 NIST comparison column,1,CONTROL,HLIKE,10.198715448195454,2466038423682187.5,1.5494576390620228e+16,121.56844561747023,-1.1891387299400868e-05,4.0,8.0,0.125,9.974755429320008e-10,0.0,0.0,"{""1"": 0.0}","{""2"": 0.0}"
A2_AXIS_AROUND,1,H,0,1,3,3->1,102.5722,12.08750503871422,HLIKE_CONTROL,COMPUTED,APS01 NIST comparison column,1,CONTROL,HLIKE,12.087366457120538,2922712205845555.0,1.8363942388883228e+16,102.57337598974051,-1.1464863364119005e-05,9.0,27.0,0.037037037037037035,2.659934781152002e-09,0.0,0.0,"{""1"": 0.0}","{""3"": 0.0}"
A2_AXIS_AROUND,1,H,0,2,3,3->2,656.4614,1.888674618693502,HLIKE_CONTROL,COMPUTED,APS01 NIST comparison column,1,CONTROL,HLIKE,1.888651008925084,456673782163368.0,2869365998263005.0,656.4696063343393,-1.2500707207152573e-05,2.25,3.375,0.2962962962962963,1.6624592382200014e-09,0.0,0.0,"{""2"": 0.0}","{""3"": 0.0}"
A2_AXIS_AROUND,2,He,1,1,2,2->1,30.3785,40.813140356897236,HLIKE_CONTROL,COMPUTED,APS01 NIST comparison column,4,CONTROL,HLIKE,40.81152653296574,9868183210977436.0,6.20036237597697e+16,30.37970126725138,-3.954177300202755e-05,4.0,8.0,0.125,4.987377714660004e-10,0.0,0.0,"{""1"": 0.0}","{""2"": 0.0}"
A2_AXIS_AROUND,2,He,1,1,3,3->1,25.6317,48.3714300780675,HLIKE_CONTROL,COMPUTED,APS01 NIST comparison column,4,CONTROL,HLIKE,48.36921663166311,1.169562454634363e+16,7.348577630787522e+16,25.632872944243346,-4.575937492068416e-05,9.0,27.0,0.037037037037037035,1.329967390576001e-09,0.0,0.0,"{""1"": 0.0}","{""3"": 0.0}"
A2_AXIS_AROUND,3,Li,2,1,2,2->1,13.5006,91.83606538464976,HLIKE_CONTROL,COMPUTED,APS01 NIST comparison column,7,CONTROL,HLIKE,91.83128950562981,2.2204707011139852e+16,1.3951628884262146e+17,13.501302127048895,-5.200439500474552e-05,4.0,8.0,0.125,3.3249184764400027e-10,0.0,0.0,"{""1"": 0.0}","{""2"": 0.0}"
A2_AXIS_AROUND,3,Li,2,1,3,3->1,11.3921,108.83348849922338,HLIKE_CONTROL,COMPUTED,APS01 NIST comparison column,7,CONTROL,HLIKE,108.83708385852424,2.631668979098057e+16,1.6535263862829213e+17,11.391723669697503,3.303541355181849e-05,9.000000000000002,27.000000000000007,0.03703703703703703,8.866449270506676e-10,0.0,0.0,"{""1"": 0.0}","{""3"": 0.0}"
A3_ANISOTROPIC_OCCLUSION,1,H,0,,,1s→2p,121.567,10.198836726512972,FINAL_UNTOUCHED,COMPUTED,APS01 NIST comparison column,1,CALIBRATION,CROSS_N,10.198715448195454,2466038423682187.5,1.5494576390620228e+16,121.56844561747023,-1.1891387299400868e-05,4.0,8.0,0.125,9.974755429320008e-10,0.0,0.0,"{""1"": 0.0}","{""2"": 0.0}"
A3_ANISOTROPIC_OCCLUSION,2,He,0,,,1s²→1s2p ¹P,58.433,21.218181238889027,FINAL_UNTOUCHED,COMPUTED,APS01 NIST comparison column,4,CALIBRATION,CROSS_N,42.84369001946058,1.0359558155827666e+16,6.509102359356884e+16,28.938730155335318,1.019197099746512,6.435657744323389,20.70884530103481,0.048288544603210234,9.359443890889653e-10,-5.7144105410522455e-12,0.09340824836505779,"{""1"": 0.0}","{""1"": 0.0, ""2"": 0.5235987755982988}"
A3_ANISOTROPIC_OCCLUSION,4,Be,0,,,2s²→2s2p ¹P,234.861,5.279045837035534,FINAL_UNTOUCHED,COMPUTED,APS01 NIST comparison column,9,CALIBRATION,CROSS_N,16.53389804762446,3997878760888477.5,2.5119413090299812e+16,74.98788130667948,2.131986074382928,1.80559313114237,3.260166555228508,0.3067327951071227,3.2458934537074756e-10,3.3378504062339156e-12,13.917411545730308,"{""1"": 0.0, ""2"": 0.0}","{""1"": 0.0, ""2"": 0.0}"
A3_ANISOTROPIC_OCCLUSION,5,B,0,,,2s²2p→2s²3s,249.773,4.963875135951454,FINAL_UNTOUCHED,COMPUTED,APS01 NIST comparison column,11,CALIBRATION,CROSS_N,4.838891844457342,1170038842351030.0,7351570863089404.0,256.22436379770846,-0.02517857280270941,1.3966745341853941,1.3004665029613247,0.7689548309955506,2.3571732587790546e-10,-1.6905650379495775e-11,-0.4343932256933396,"{""1"": 0.0, ""2"": 0.0}","{""1"": 0.0, ""2"": 0.0, ""3"": 0.0}"
A3_ANISOTROPIC_OCCLUSION,6,C,0,,,2p²→2p3s,193.091,6.421024202743797,FINAL_UNTOUCHED,COMPUTED,APS01 NIST comparison column,12,CALIBRATION,CROSS_N,14.955933924545016,3616328733488271.5,2.2722063564184868e+16,82.89966982919262,1.3292131367693845,1.7586402644351768,2.061877053128419,0.48499497023003024,3.160239833193791e-10,-2.967429858467465e-11,0.4699823518254749,"{""1"": 0.0, ""2"": 0.0}","{""1"": 0.0, ""2"": 0.0, ""3"": 0.0}"
A3_ANISOTROPIC_OCCLUSION,8,O,0,,,2p⁴→2p³3s,130.217,9.521352698434171,FINAL_UNTOUCHED,COMPUTED,APS01 NIST comparison column,16,CALIBRATION,CROSS_N,42.61980526199422,1.0305423062325622e+16,6.475088276947401e+16,29.09074728780188,3.476234271733599,2.253557902596542,3.385682146903551,0.2953614535004627,3.512695091968628e-10,-4.756309542964763e-11,-1.5367567790305197,"{""1"": 0.0, ""2"": 0.0}","{""1"": 0.0, ""2"": 0.0, ""3"": 0.0}"
A3_ANISOTROPIC_OCCLUSION,9,F,0,,,2p⁵→2p⁴3s,95.483,12.98495003646725,FINAL_UNTOUCHED,COMPUTED,APS01 NIST comparison column,19,CALIBRATION,CROSS_N,66.03673459431671,1.5967611383147476e+16,1.0032746123334573e+17,18.775034712856723,4.085636402824619,2.5371820228227753,4.291528411290046,0.2330172153513478,3.6114736481489423e-10,-4.7492957160956283e-11,-4.522072257604826,"{""1"": 0.0, ""2"": 0.0}","{""1"": 0.0, ""2"": 0.0, ""3"": 0.0}"
A3_ANISOTROPIC_OCCLUSION,12,Mg,0,,,3s²→3s3p ¹P,285.213,4.347073886295514,FINAL_UNTOUCHED,COMPUTED,APS01 NIST comparison column,24,CALIBRATION,CROSS_N,13.250657085072717,3203994628226213.0,2.0131291972353264e+16,93.56833977152151,2.048178483196809,1.2675555104940315,1.6066969721837845,0.6223948991705783,1.2424425497718234e-10,9.235522672912884e-12,-0.24930178636083422,"{""1"": 0.0, ""2"": 0.0, ""3"": 0.0}","{""1"": 0.0, ""2"": 0.0, ""3"": 0.0}"
A3_ANISOTROPIC_OCCLUSION,13,Al,0,,,3p→4s,394.401,3.1436076083275712,FINAL_UNTOUCHED,COMPUTED,APS01 NIST comparison column,27,CALIBRATION,CROSS_N,19.347380969170015,4678175904597157.0,2.9393846108166428e+16,64.08319484211773,5.154515251177612,1.662516681526912,2.0729712872664416,0.4823993492542133,3.498318477770189e-10,-3.2930211411881275e-11,-0.710701458241596,"{""1"": 0.0, ""2"": 0.0, ""3"": 0.0}","{""1"": 0.0, ""2"": 0.0, ""3"": 0.0, ""4"": 0.0}"
A3_ANISOTROPIC_OCCLUSION,14,Si,0,,,3p²→3p4s,251.611,4.9276143901975775,FINAL_UNTOUCHED,COMPUTED,APS01 NIST comparison column,28,CALIBRATION,CROSS_N,27.969249404486675,6762934416923878.0,4.2492770161835256e+16,44.32875428302034,4.676022348689752,1.7736939509615246,2.3594926737581274,0.4238199215966331,3.554941224848279e-10,-3.411777022414846e-11,0.7942951624298384,"{""1"": 0.0, ""2"": 0.0, ""3"": 0.0}","{""1"": 0.0, ""2"": 0.0, ""3"": 0.0, ""4"": 0.0}"
A3_ANISOTROPIC_OCCLUSION,17,Cl,0,,,3p⁵→3p⁴4s,134.724,9.202829372138615,FINAL_UNTOUCHED,COMPUTED,APS01 NIST comparison column,35,CALIBRATION,CROSS_N,60.04239545489499,1.4518186627894446e+16,9.122045690727752e+16,20.649442363827674,5.524340833338947,2.03769401165676,3.1141476638563645,0.3211151518620228,3.5161281169100997e-10,-4.2855866268438183e-11,-2.7227396556990975,"{""1"": 0.0, ""2"": 0.0, ""3"": 0.0}","{""1"": 0.0, ""2"": 0.0, ""3"": 0.0, ""4"": 0.0}"
A3_ANISOTROPIC_OCCLUSION,20,Ca,0,,,4s²→4s4p ¹P,422.673,2.933336135338672,FINAL_UNTOUCHED,COMPUTED,APS01 NIST comparison column,40,CALIBRATION,CROSS_N,8.137575853631683,1967657087073140.2,1.2363154099065738e+16,152.36011394949753,1.7741709364965597,1.1237910888517648,1.2629064113826356,0.7918243117518071,7.065487481665135e-11,7.991099301414131e-12,-38924.93301722881,"{""1"": 0.0, ""2"": 0.0, ""3"": 0.0, ""4"": 0.0}","{""1"": 0.0, ""2"": 0.0, ""3"": 0.0, ""4"": 0.0}"
A3_ANISOTROPIC_OCCLUSION,30,Zn,0,,,3d¹⁰4s²→3d¹⁰4s4p,213.856,5.797555291093084,FINAL_UNTOUCHED,COMPUTED,APS01 NIST comparison column,64,CALIBRATION,CROSS_N,8.913580697620041,2155294223530104.0,1.3542112997933384e+16,139.0958388544174,0.5374723051480299,1.0671628526785975,1.1388365541371215,0.8780891308478276,2.7685459307738206e-11,6.121246429392911e-12,30603.927070439124,"{""1"": 0.0, ""2"": 0.0, ""3"": 0.0, ""4"": 0.0}","{""1"": 0.0, ""2"": 0.0, ""3"": 0.0, ""4"": 0.0}"
A3_ANISOTROPIC_OCCLUSION,3,Li,0,,,2s→2p,670.776,1.8483696261225844,FINAL_UNTOUCHED,COMPUTED,APS01 NIST comparison column,7,HOLDOUT,SAME_N,8.057716936329902,1948347286781114.8,1.2241827045586312e+16,153.8701339509602,3.359364502885156,1.722498180876201,2.966999983121821,0.33704078385191594,4.043190457096677e-10,4.719409374386261e-13,-0.04773160937027754,"{""1"": 0.0, ""2"": 0.0}","{""1"": 0.0, ""2"": 0.0}"
A3_ANISOTROPIC_OCCLUSION,7,N,0,,,2p³→2p²3s,119.955,10.335892495785941,FINAL_UNTOUCHED,COMPUTED,APS01 NIST comparison column,14,HOLDOUT,CROSS_N,29.513990097673744,7136451054717591.0,4.483964441240783e+16,42.00861964881277,1.855485398063779,2.0732450021254003,2.8655632258919677,0.3489715358448351,3.4863575600710854e-10,-3.543296487144406e-11,0.9155368210964716,"{""1"": 0.0, ""2"": 0.5235987755982988}","{""1"": 0.0, ""2"": 0.0, ""3"": 0.0}"
A3_ANISOTROPIC_OCCLUSION,10,Ne,0,,,2p⁶→2p⁵3s,73.59,16.847968261068115,FINAL_UNTOUCHED,COMPUTED,APS01 NIST comparison column,20,HOLDOUT,CROSS_N,90.62259045456018,2.191244488089939e+16,1.376799517200496e+17,13.6813787612227,4.378843849318539,2.760823206197396,5.081429850585379,0.19679500247057435,3.623276847550421e-10,-3.9463601241951554e-11,-33.45066818362795,"{""1"": 0.0, ""2"": 0.0}","{""1"": 0.0, ""2"": 0.0, ""3"": 0.0}"
A3_ANISOTROPIC_OCCLUSION,11,Na,0,,,3s→3p,588.995,2.105012749398556,FINAL_UNTOUCHED,COMPUTED,APS01 NIST comparison column,23,HOLDOUT,SAME_N,8.508880579287354,2057438170290210.5,1.2927265281997902e+16,145.71152724249936,3.042199070632,1.2294792980703175,1.5116193443834804,0.6615422088342311,1.2504775474019283e-10,-3.547983061282098e-12,0.09322081341076238,"{""1"": 0.0, ""2"": 2.0943951023931953, ""3"": 2.0943951023931953}","{""1"": 0.0, ""2"": 0.0, ""3"": 0.0}"
A3_ANISOTROPIC_OCCLUSION,18,Ar,0,,,3p⁶→3p⁵4s,104.822,11.828070293755152,FINAL_UNTOUCHED,COMPUTED,APS01 NIST comparison column,40,HOLDOUT,CROSS_N,74.85435800051404,1.809970323684161e+16,1.1372378944203398e+17,16.56339079581029,5.328535098412019,2.1329033846908616,3.4119576363193,0.2930868746303558,3.5111938903119386e-10,-4.1362628551635924e-11,25953.40140702271,"{""1"": 0.0, ""2"": 0.0, ""3"": 0.0}","{""1"": 0.0, ""2"": 1.0471975511965976, ""3"": 1.0471975511965976, ""4"": 1.0471975511965976}"
A3_ANISOTROPIC_OCCLUSION,19,K,0,,,4s→4p,766.49,1.6175579385667165,FINAL_UNTOUCHED,COMPUTED,APS01 NIST comparison column,39,HOLDOUT,SAME_N,5.248207386914877,1269010900179077.0,7973430642655917.0,236.2410424982911,2.2445251337118726,1.0967075162222077,1.2027673761382842,0.8314159660787377,6.149470718805674e-11,-6.793447683781179e-12,0.1637801086815216,"{""1"": 0.0, ""2"": 0.0, ""3"": 0.0, ""4"": 0.0}","{""1"": 0.0, ""2"": 0.0, ""3"": 0.0, ""4"": 0.0}"
A3_ANISOTROPIC_OCCLUSION,26,Fe,0,,,3d⁶4s²→3d⁶4s4p,371.994,3.3329623174889984,FINAL_UNTOUCHED,COMPUTED,APS01 NIST comparison column,56,HOLDOUT,CROSS_N,17.25050418309713,4171153353526974.0,2.620812946487354e+16,71.87279694392117,4.175727337983644,1.1447780239272634,1.3105167240668099,0.763057793644013,6.081233044097273e-11,9.011131139909574e-12,0.955022986858884,"{""1"": 0.0, ""2"": 3.665191429188092, ""3"": 3.665191429188092, ""4"": 3.665191429188092}","{""1"": 0.0, ""2"": 0.0, ""3"": 0.0, ""4"": 0.0}"
A3_ANISOTROPIC_OCCLUSION,29,Cu,0,,,3d¹⁰4s→3d¹⁰4p,324.754,3.8177881853095035,FINAL_UNTOUCHED,COMPUTED,APS01 NIST comparison column,63,HOLDOUT,CROSS_N,5.385419121941442,1302188550097281.0,8181891965148725.0,230.22200431543018,0.4106123390145209,1.046554540858103,1.0952764069907146,0.9130115408470382,2.075639070363497e-11,-1.7884885978035715e-12,0.1426980963484894,"{""1"": 0.0, ""2"": 1.0471975511965976, ""3"": 1.0471975511965976, ""4"": 1.0471975511965976}","{""1"": 0.0, ""2"": 0.0, ""3"": 0.0, ""4"": 0.0}"
A3_ANISOTROPIC_OCCLUSION,1,H,0,1,2,2->1,121.567,10.198836726512972,HLIKE_CONTROL,COMPUTED,APS01 NIST comparison column,1,CONTROL,HLIKE,10.198715448195454,2466038423682187.5,1.5494576390620228e+16,121.56844561747023,-1.1891387299400868e-05,4.0,8.0,0.125,9.974755429320008e-10,0.0,0.0,"{""1"": 0.0}","{""2"": 0.0}"
A3_ANISOTROPIC_OCCLUSION,1,H,0,1,3,3->1,102.5722,12.08750503871422,HLIKE_CONTROL,COMPUTED,APS01 NIST comparison column,1,CONTROL,HLIKE,12.087366457120538,2922712205845555.0,1.8363942388883228e+16,102.57337598974051,-1.1464863364119005e-05,9.0,27.0,0.037037037037037035,2.659934781152002e-09,0.0,0.0,"{""1"": 0.0}","{""3"": 0.0}"
A3_ANISOTROPIC_OCCLUSION,1,H,0,2,3,3->2,656.4614,1.888674618693502,HLIKE_CONTROL,COMPUTED,APS01 NIST comparison column,1,CONTROL,HLIKE,1.888651008925084,456673782163368.0,2869365998263005.0,656.4696063343393,-1.2500707207152573e-05,2.25,3.375,0.2962962962962963,1.6624592382200014e-09,0.0,0.0,"{""2"": 0.0}","{""3"": 0.0}"
A3_ANISOTROPIC_OCCLUSION,2,He,1,1,2,2->1,30.3785,40.813140356897236,HLIKE_CONTROL,COMPUTED,APS01 NIST comparison column,4,CONTROL,HLIKE,40.81152653296574,9868183210977436.0,6.20036237597697e+16,30.37970126725138,-3.954177300202755e-05,4.0,8.0,0.125,4.987377714660004e-10,0.0,0.0,"{""1"": 0.0}","{""2"": 0.0}"
A3_ANISOTROPIC_OCCLUSION,2,He,1,1,3,3->1,25.6317,48.3714300780675,HLIKE_CONTROL,COMPUTED,APS01 NIST comparison column,4,CONTROL,HLIKE,48.36921663166311,1.169562454634363e+16,7.348577630787522e+16,25.632872944243346,-4.575937492068416e-05,9.0,27.0,0.037037037037037035,1.329967390576001e-09,0.0,0.0,"{""1"": 0.0}","{""3"": 0.0}"
A3_ANISOTROPIC_OCCLUSION,3,Li,2,1,2,2->1,13.5006,91.83606538464976,HLIKE_CONTROL,COMPUTED,APS01 NIST comparison column,7,CONTROL,HLIKE,91.83128950562981,2.2204707011139852e+16,1.3951628884262146e+17,13.501302127048895,-5.200439500474552e-05,4.0,8.0,0.125,3.3249184764400027e-10,0.0,0.0,"{""1"": 0.0}","{""2"": 0.0}"
A3_ANISOTROPIC_OCCLUSION,3,Li,2,1,3,3->1,11.3921,108.83348849922338,HLIKE_CONTROL,COMPUTED,APS01 NIST comparison column,7,CONTROL,HLIKE,108.83708385852424,2.631668979098057e+16,1.6535263862829213e+17,11.391723669697503,3.303541355181849e-05,9.000000000000002,27.000000000000007,0.03703703703703703,8.866449270506676e-10,0.0,0.0,"{""1"": 0.0}","{""3"": 0.0}"
A4_CORE_DEPTH,1,H,0,,,1s→2p,121.567,10.198836726512972,FINAL_UNTOUCHED,COMPUTED,APS01 NIST comparison column,1,CALIBRATION,CROSS_N,10.198715448195454,2466038423682187.5,1.5494576390620228e+16,121.56844561747023,-1.1891387299400868e-05,4.0,8.0,0.125,9.974755429320008e-10,0.0,0.0,"{""1"": 0.0}","{""2"": 0.0}"
A4_CORE_DEPTH,2,He,0,,,1s²→1s2p ¹P,58.433,21.218181238889027,FINAL_UNTOUCHED,COMPUTED,APS01 NIST comparison column,4,CALIBRATION,CROSS_N,34.953197081193586,8451645451880005.0,5.3103254524743624e+16,35.471490102949524,0.647322957970158,5.922454668681666,17.53773465129463,0.05701990706799639,8.648767639607702e-10,-9.208229222385354e-12,0.092700910128648,"{""1"": 0.0}","{""1"": 0.0, ""2"": 0.0}"
A4_CORE_DEPTH,4,Be,0,,,2s²→2s2p ¹P,234.861,5.279045837035534,FINAL_UNTOUCHED,COMPUTED,APS01 NIST comparison column,9,CALIBRATION,CROSS_N,10.519071550797273,2543500184654932.0,1.5981282989032434e+16,117.86610427971004,0.9926084893978289,1.36035991143911,1.8505790886506233,0.5403713930049674,1.633159393169896e-10,8.012003868250407e-12,34.04967277339689,"{""1"": 0.0, ""2"": 0.0}","{""1"": 0.0, ""2"": 0.0}"
A4_CORE_DEPTH,5,B,0,,,2s²2p→2s²3s,249.773,4.963875135951454,FINAL_UNTOUCHED,COMPUTED,APS01 NIST comparison column,11,CALIBRATION,CROSS_N,2.922947751057622,706765621723363.5,4440739370031883.0,424.1752128081611,-0.4111560683934561,2.1055882931058636,2.9556680400429762,0.33833298816109925,5.342714315643868e-10,-3.184692747989726e-11,-0.8161820221168616,"{""1"": 0.0, ""2"": 0.0}","{""1"": 0.0, ""2"": 0.0, ""3"": 0.0}"
A4_CORE_DEPTH,6,C,0,,,2p²→2p3s,193.091,6.421024202743797,FINAL_UNTOUCHED,COMPUTED,APS01 NIST comparison column,12,CALIBRATION,CROSS_N,8.134402162763966,1966889692035556.0,1.2358332413840786e+16,152.4195582568443,0.26683873256357105,2.431001533888566,3.9398456385123732,0.2538170506541939,5.22407085866634e-10,-4.025946574865456e-11,0.6287847550769285,"{""1"": 0.0, ""2"": 0.0}","{""1"": 0.0, ""2"": 0.0, ""3"": 0.0}"
A4_CORE_DEPTH,8,O,0,,,2p⁴→2p³3s,130.217,9.521352698434171,FINAL_UNTOUCHED,COMPUTED,APS01 NIST comparison column,16,CALIBRATION,CROSS_N,11.532007222481205,2788426940360513.0,1.7520203181816904e+16,107.51311202051438,0.21117320067112888,2.7566362783191867,5.06602904729697,0.19739326219093825,4.6502639616223985e-10,-4.561390177400111e-11,-1.37481212438907,"{""1"": 0.0, ""2"": 0.0}","{""1"": 0.0, ""2"": 0.0, ""3"": 0.0}"
A4_CORE_DEPTH,9,F,0,,,2p⁵→2p⁴3s,95.483,12.98495003646725,FINAL_UNTOUCHED,COMPUTED,APS01 NIST comparison column,19,CALIBRATION,CROSS_N,19.620892736040688,4744310755584850.0,2.9809383632184812e+16,63.18988646498208,0.511048766528704,3.00000383698528,6.000015347950936,0.1666662403357868,4.4852301901647473e-10,-4.48839463002817e-11,-3.632459263687835,"{""1"": 0.0, ""2"": 0.0}","{""1"": 0.0, ""2"": 0.0, ""3"": 0.0}"
A4_CORE_DEPTH,12,Mg,0,,,3s²→3s3p ¹P,285.213,4.347073886295514,FINAL_UNTOUCHED,COMPUTED,APS01 NIST comparison column,24,CALIBRATION,CROSS_N,5.9674846905783,1442931378412477.5,9066205236109666.0,207.7662614349919,0.3727589745808684,1.1606273492021422,1.3470558437159914,0.7423597207680698,8.021311596461491e-11,8.559181853014464e-12,0.13406775135376403,"{""1"": 0.0, ""2"": 0.0, ""3"": 0.0}","{""1"": 0.0, ""2"": 2.6179938779914944, ""3"": 2.6179938779914944}"
A4_CORE_DEPTH,13,Al,0,,,3p→4s,394.401,3.1436076083275712,FINAL_UNTOUCHED,COMPUTED,APS01 NIST comparison column,27,CALIBRATION,CROSS_N,12.340002993901217,2983799448654882.5,1.8747764855358908e+16,100.47339412678976,2.925427257909652,1.9248469856655142,2.778776938669212,0.3598705553094563,4.74948503870731e-10,-3.9157899766094273e-11,-1.4066632197221507,"{""1"": 0.0, ""2"": 0.0, ""3"": 0.0}","{""1"": 0.0, ""2"": 0.0, ""3"": 0.0, ""4"": 0.0}"
A4_CORE_DEPTH,14,Si,0,,,3p²→3p4s,251.611,4.9276143901975775,FINAL_UNTOUCHED,COMPUTED,APS01 NIST comparison column,28,CALIBRATION,CROSS_N,17.241993543753882,4169095490089450.0,2.6195199527558708e+16,71.90827332035222,2.4990549540672453,2.018345669092818,3.0552894299593008,0.32730123378632603,4.579605150662437e-10,-4.0137148311768184e-11,1.0767134744210498,"{""1"": 0.0, ""2"": 0.5235987755982988, ""3"": 0.5235987755982988}","{""1"": 0.0, ""2"": 0.0, ""3"": 0.0, ""4"": 0.0}"
A4_CORE_DEPTH,17,Cl,0,,,3p⁵→3p⁴4s,134.724,9.202829372138615,FINAL_UNTOUCHED,COMPUTED,APS01 NIST comparison column,35,CALIBRATION,CROSS_N,26.53910811398677,6417127791414857.0,4.032000305331162e+16,46.717545254603905,1.883798779789768,2.2059138203658093,3.6495418371606596,0.27400699721201144,4.056131492817737e-10,-4.6034148946075636e-11,-2.624169903249209,"{""1"": 0.0, ""2"": 0.0, ""3"": 0.0}","{""1"": 0.0, ""2"": 0.0, ""3"": 0.0, ""4"": 0.0}"
A4_CORE_DEPTH,20,Ca,0,,,4s²→4s4p ¹P,422.673,2.933336135338672,FINAL_UNTOUCHED,COMPUTED,APS01 NIST comparison column,40,CALIBRATION,CROSS_N,2.4283804807848277,587179787822671.5,3689359415520236.5,510.5633133450728,-0.17214380870658175,1.0918082405654268,1.192045234166573,0.83889434002826,5.508401803882725e-11,5.887488753404838e-12,-15150.843009787615,"{""1"": 0.0, ""2"": 0.0, ""3"": 0.0, ""4"": 0.0}","{""1"": 0.0, ""2"": 0.0, ""3"": 0.0, ""4"": 0.0}"
A4_CORE_DEPTH,30,Zn,0,,,3d¹⁰4s²→3d¹⁰4s4p,213.856,5.797555291093084,FINAL_UNTOUCHED,COMPUTED,APS01 NIST comparison column,64,CALIBRATION,CROSS_N,2.9464753454840302,712454568744882.8,4476484078370816.0,420.7881753472905,-0.49177279085017656,1.0576541356083546,1.118632270569456,0.8939488215291119,2.4425301900014158e-11,3.844730896376447e-12,-25257.724987774985,"{""1"": 0.0, ""2"": 0.0, ""3"": 0.0, ""4"": 0.0}","{""1"": 0.0, ""2"": 0.0, ""3"": 0.0, ""4"": 0.0}"
A4_CORE_DEPTH,3,Li,0,,,2s→2p,670.776,1.8483696261225844,FINAL_UNTOUCHED,COMPUTED,APS01 NIST comparison column,7,HOLDOUT,SAME_N,4.662770818315978,1127452967699552.5,7083995921185849.0,265.9024070970291,1.5226398185828778,1.3351575835109053,1.78264577280668,0.5609639420542611,2.1687006910587028e-10,5.218799583916404e-13,-0.03972773085690595,"{""1"": 0.0, ""2"": 0.0}","{""1"": 0.0, ""2"": 0.0}"
A4_CORE_DEPTH,7,N,0,,,2p³→2p²3s,119.955,10.335892495785941,FINAL_UNTOUCHED,COMPUTED,APS01 NIST comparison column,14,HOLDOUT,CROSS_N,14.977107484816784,3621448477583649.0,2.2754231865061464e+16,82.78247222228369,0.44903862834516883,2.7018400278412122,4.8666263573633355,0.20548115400044495,5.024459913382355e-10,-4.096802197667229e-11,1.3892846208232097,"{""1"": 0.0, ""2"": 0.0}","{""1"": 0.0, ""2"": 0.0, ""3"": 0.0}"
A4_CORE_DEPTH,10,Ne,0,,,2p⁶→2p⁵3s,73.59,16.847968261068115,FINAL_UNTOUCHED,COMPUTED,APS01 NIST comparison column,20,HOLDOUT,CROSS_N,29.53215990288129,7140844494069853.0,4.4867249205993944e+16,41.98277364098378,0.7528617958714645,3.192392679392805,6.794247346293847,0.14718333746643533,4.3034705986945363e-10,-4.061964408518318e-11,-177.0547502731305,"{""1"": 0.0, ""2"": 1.0471975511965976}","{""1"": 0.0, ""2"": 0.0, ""3"": 0.0}"
A4_CORE_DEPTH,11,Na,0,,,3s→3p,588.995,2.105012749398556,FINAL_UNTOUCHED,COMPUTED,APS01 NIST comparison column,23,HOLDOUT,SAME_N,1.812386302122098,438233058103329.94,2753499511795220.5,684.0936630784997,-0.139014097354074,1.1362648789822816,1.2910978752086189,0.7745346183289298,8.012190577241633e-11,-1.8515339032725807e-12,0.06339473607392332,"{""1"": 0.0, ""2"": 0.0, ""3"": 0.0}","{""1"": 0.0, ""2"": 0.0, ""3"": 0.0}"
A4_CORE_DEPTH,18,Ar,0,,,3p⁶→3p⁵4s,104.822,11.828070293755152,FINAL_UNTOUCHED,COMPUTED,APS01 NIST comparison column,40,HOLDOUT,CROSS_N,33.11325000110589,8006748227314244.0,5.030788282014706e+16,37.442473459735766,1.7995479548839546,2.280551866592958,3.9006876121654677,0.2563650564790677,3.94122440581177e-10,-4.4332515247335024e-11,107.35285962887185,"{""1"": 0.0, ""2"": 2.0943951023931953, ""3"": 2.0943951023931953}","{""1"": 0.0, ""2"": 0.0, ""3"": 0.0, ""4"": 0.0}"
A4_CORE_DEPTH,19,K,0,,,4s→4p,766.49,1.6175579385667165,FINAL_UNTOUCHED,COMPUTED,APS01 NIST comparison column,39,HOLDOUT,SAME_N,-0.8494059961674796,nan,nan,nan,-1.525116273065384,1.0744912250569332,1.1545313927243492,0.8661522816112419,4.970098609101244e-11,-4.64843371016705e-12,0.13458949469332104,"{""1"": 0.0, ""2"": 3.141592653589793, ""3"": 3.141592653589793, ""4"": 3.141592653589793}","{""1"": 0.0, ""2"": 0.0, ""3"": 0.0, ""4"": 0.0}"
A4_CORE_DEPTH,26,Fe,0,,,3d⁶4s²→3d⁶4s4p,371.994,3.3329623174889984,FINAL_UNTOUCHED,COMPUTED,APS01 NIST comparison column,56,HOLDOUT,CROSS_N,2.3302107258600397,563442446692046.4,3540213302496783.0,532.0729024944295,-0.30085896452151195,1.1319864635639656,1.281393353692053,0.7804004891384211,5.7501389151077407e-11,5.324106361910454e-12,0.9557926541653394,"{""1"": 0.0, ""2"": 0.0, ""3"": 0.0, ""4"": 0.0}","{""1"": 0.0, ""2"": 0.0, ""3"": 0.0, ""4"": 0.0}"
A4_CORE_DEPTH,29,Cu,0,,,3d¹⁰4s→3d¹⁰4p,324.754,3.8177881853095035,FINAL_UNTOUCHED,COMPUTED,APS01 NIST comparison column,63,HOLDOUT,CROSS_N,-1.641479176545757,nan,nan,nan,-1.4299555388803438,1.044080126475622,1.0901033105013511,0.9173442465192481,2.0136382713714942e-11,-1.6855820852489513e-12,0.1284909958905871,"{""1"": 0.0, ""2"": 0.0, ""3"": 0.0, ""4"": 0.0}","{""1"": 0.0, ""2"": 0.0, ""3"": 0.0, ""4"": 0.0}"
A4_CORE_DEPTH,1,H,0,1,2,2->1,121.567,10.198836726512972,HLIKE_CONTROL,COMPUTED,APS01 NIST comparison column,1,CONTROL,HLIKE,10.198715448195454,2466038423682187.5,1.5494576390620228e+16,121.56844561747023,-1.1891387299400868e-05,4.0,8.0,0.125,9.974755429320008e-10,0.0,0.0,"{""1"": 0.0}","{""2"": 0.0}"
A4_CORE_DEPTH,1,H,0,1,3,3->1,102.5722,12.08750503871422,HLIKE_CONTROL,COMPUTED,APS01 NIST comparison column,1,CONTROL,HLIKE,12.087366457120538,2922712205845555.0,1.8363942388883228e+16,102.57337598974051,-1.1464863364119005e-05,9.0,27.0,0.037037037037037035,2.659934781152002e-09,0.0,0.0,"{""1"": 0.0}","{""3"": 0.0}"
A4_CORE_DEPTH,1,H,0,2,3,3->2,656.4614,1.888674618693502,HLIKE_CONTROL,COMPUTED,APS01 NIST comparison column,1,CONTROL,HLIKE,1.888651008925084,456673782163368.0,2869365998263005.0,656.4696063343393,-1.2500707207152573e-05,2.25,3.375,0.2962962962962963,1.6624592382200014e-09,0.0,0.0,"{""2"": 0.0}","{""3"": 0.0}"
A4_CORE_DEPTH,2,He,1,1,2,2->1,30.3785,40.813140356897236,HLIKE_CONTROL,COMPUTED,APS01 NIST comparison column,4,CONTROL,HLIKE,40.81152653296574,9868183210977436.0,6.20036237597697e+16,30.37970126725138,-3.954177300202755e-05,4.0,8.0,0.125,4.987377714660004e-10,0.0,0.0,"{""1"": 0.0}","{""2"": 0.0}"
A4_CORE_DEPTH,2,He,1,1,3,3->1,25.6317,48.3714300780675,HLIKE_CONTROL,COMPUTED,APS01 NIST comparison column,4,CONTROL,HLIKE,48.36921663166311,1.169562454634363e+16,7.348577630787522e+16,25.632872944243346,-4.575937492068416e-05,9.0,27.0,0.037037037037037035,1.329967390576001e-09,0.0,0.0,"{""1"": 0.0}","{""3"": 0.0}"
A4_CORE_DEPTH,3,Li,2,1,2,2->1,13.5006,91.83606538464976,HLIKE_CONTROL,COMPUTED,APS01 NIST comparison column,7,CONTROL,HLIKE,91.83128950562981,2.2204707011139852e+16,1.3951628884262146e+17,13.501302127048895,-5.200439500474552e-05,4.0,8.0,0.125,3.3249184764400027e-10,0.0,0.0,"{""1"": 0.0}","{""2"": 0.0}"
A4_CORE_DEPTH,3,Li,2,1,3,3->1,11.3921,108.83348849922338,HLIKE_CONTROL,COMPUTED,APS01 NIST comparison column,7,CONTROL,HLIKE,108.83708385852424,2.631668979098057e+16,1.6535263862829213e+17,11.391723669697503,3.303541355181849e-05,9.000000000000002,27.000000000000007,0.03703703703703703,8.866449270506676e-10,0.0,0.0,"{""1"": 0.0}","{""3"": 0.0}"
