Z,A,symbol,radius_fm,unc_radius_fm,c_boundary_q1_fm,c_boundary_q2_fm,beta_q1,beta_q2,inside_q1,inside_q2
1,1,H,0.8783,0.0086,2.8179403262,5.6358806524,0.31168154692061556,0.15584077346030778,1,1
1,2,H,2.1421,0.0088,2.8179403262,5.6358806524,0.760165139085336,0.380082569542668,1,1
1,3,H,1.7591,0.0363,2.8179403262,5.6358806524,0.6242502666378855,0.31212513331894276,1,1
2,3,He,1.9661,0.0030,5.6358806524,11.2717613048,0.3488540871004339,0.17442704355021696,1,1
2,4,He,1.6755,0.0028,5.6358806524,11.2717613048,0.29729160415888156,0.14864580207944078,1,1
2,6,He,2.066,0.0111,5.6358806524,11.2717613048,0.36657979957758835,0.18328989978879417,1,1
2,8,He,1.9239,0.0306,5.6358806524,11.2717613048,0.341366348696671,0.1706831743483355,1,1
3,6,Li,2.589,0.0390,8.4538209786,16.9076419572,0.30625204940509076,0.15312602470254538,1,1
3,7,Li,2.444,0.0420,8.4538209786,16.9076419572,0.2891000420031062,0.1445500210015531,1,1
3,8,Li,2.339,0.0440,8.4538209786,16.9076419572,0.2766796228499449,0.13833981142497245,1,1
3,9,Li,2.245,0.0460,8.4538209786,16.9076419572,0.26556039046521007,0.13278019523260504,1,1
3,11,Li,2.482,0.0430,8.4538209786,16.9076419572,0.2935950508394884,0.1467975254197442,1,1
4,7,Be,2.646,0.0160,11.2717613048,22.5435226096,0.234745921994748,0.117372960997374,1,1
4,9,Be,2.519,0.0120,11.2717613048,22.5435226096,0.22347882747723746,0.11173941373861873,1,1
4,10,Be,2.355,0.0170,11.2717613048,22.5435226096,0.20892919361210566,0.10446459680605283,1,1
4,11,Be,2.463,0.0150,11.2717613048,22.5435226096,0.21851065981597295,0.10925532990798648,1,1
5,10,B,2.4277,0.0499,14.089701631,28.179403262,0.1723031518750264,0.0861515759375132,1,1
5,11,B,2.406,0.0294,14.089701631,28.179403262,0.1707630199000344,0.0853815099500172,1,1
6,12,C,2.4702,0.0022,16.9076419572,33.8152839144,0.14609961615304273,0.07304980807652137,1,1
6,13,C,2.4614,0.0034,16.9076419572,33.8152839144,0.14557914144567216,0.07278957072283608,1,1
6,14,C,2.5025,0.0087,16.9076419572,33.8152839144,0.14800999490850514,0.07400499745425257,1,1
7,14,N,2.5582,0.0070,19.7255822834,39.4511645668,0.12968945419435576,0.06484472709717788,1,1
7,15,N,2.6058,0.0080,19.7255822834,39.4511645668,0.13210256420125566,0.06605128210062783,1,1
8,16,O,2.6991,0.0052,22.5435226096,45.0870452192,0.11972840477249139,0.05986420238624569,1,1
8,17,O,2.6932,0.0075,22.5435226096,45.0870452192,0.11946668879747833,0.05973334439873917,1,1
8,18,O,2.7726,0.0056,22.5435226096,45.0870452192,0.12298876480019623,0.061494382400098115,1,1
9,19,F,2.8976,0.0025,25.3614629358,50.7229258716,0.1142520842482543,0.05712604212412715,1,1
10,17,Ne,3.0413,0.0088,28.179403262,56.358806524,0.10792634505859822,0.05396317252929911,1,1
10,18,Ne,2.9714,0.0076,28.179403262,56.358806524,0.10544580991915257,0.05272290495957629,1,1
10,19,Ne,3.0082,0.0040,28.179403262,56.358806524,0.10675172827582781,0.053375864137913905,1,1
10,20,Ne,3.0055,0.0021,28.179403262,56.358806524,0.10665591361378914,0.05332795680689457,1,1
10,21,Ne,2.9695,0.0033,28.179403262,56.358806524,0.10537838478660684,0.05268919239330342,1,1
10,22,Ne,2.9525,0.0040,28.179403262,56.358806524,0.10477510728488186,0.05238755364244093,1,1
10,23,Ne,2.9104,0.0071,28.179403262,56.358806524,0.1032811082953159,0.05164055414765795,1,1
10,24,Ne,2.9007,0.0078,28.179403262,56.358806524,0.102936885250214,0.051468442625107,1,1
10,25,Ne,2.9316,0.0088,28.179403262,56.358806524,0.1040334308268788,0.0520167154134394,1,1
10,26,Ne,2.9251,0.0100,28.179403262,56.358806524,0.10380276589974867,0.051901382949874335,1,1
10,28,Ne,2.9642,0.0134,28.179403262,56.358806524,0.10519030415371611,0.052595152076858054,1,1
11,20,Na,2.9718,0.0420,30.9973435882,61.9946871764,0.09587273153081731,0.047936365765408655,1,1
11,21,Na,3.0136,0.0284,30.9973435882,61.9946871764,0.09722123418173197,0.04861061709086598,1,1
11,22,Na,2.9852,0.0169,30.9973435882,61.9946871764,0.09630502663900525,0.04815251331950263,1,1
11,23,Na,2.9936,0.0021,30.9973435882,61.9946871764,0.09657601760234696,0.04828800880117348,1,1
11,24,Na,2.9735,0.0169,30.9973435882,61.9946871764,0.09592757494006504,0.04796378747003252,1,1
11,25,Na,2.9769,0.0252,30.9973435882,61.9946871764,0.09603726175856049,0.048018630879280245,1,1
11,26,Na,2.9928,0.0331,30.9973435882,61.9946871764,0.09655020893917156,0.04827510446958578,1,1
11,27,Na,3.0136,0.0467,30.9973435882,61.9946871764,0.09722123418173197,0.04861061709086598,1,1
11,28,Na,3.04,0.0581,30.9973435882,61.9946871764,0.09807292006652017,0.049036460033260086,1,1
11,29,Na,3.0922,0.0723,30.9973435882,61.9946871764,0.09975693533871502,0.04987846766935751,1,1
11,30,Na,3.118,0.0884,30.9973435882,61.9946871764,0.10058926472612167,0.05029463236306084,1,1
11,31,Na,3.1704,0.0893,30.9973435882,61.9946871764,0.10227973216411038,0.05113986608205519,1,1
12,24,Mg,3.057,0.0016,33.8152839144,67.6305678288,0.09040290797908097,0.04520145398954049,1,1
12,25,Mg,3.0284,0.0022,33.8152839144,67.6305678288,0.08955713657960379,0.044778568289801896,1,1
12,26,Mg,3.0337,0.0018,33.8152839144,67.6305678288,0.08971387044034607,0.04485693522017303,1,1
13,27,Al,3.061,0.0031,36.6332242406,73.2664484812,0.08355802863258605,0.04177901431629302,1,1
14,28,Si,3.1224,0.0024,39.4511645668,78.9023291336,0.07914595257924642,0.03957297628962321,1,1
14,29,Si,3.1176,0.0052,39.4511645668,78.9023291336,0.07902428316713382,0.03951214158356691,1,1
14,30,Si,3.1336,0.0040,39.4511645668,78.9023291336,0.07942984787417583,0.03971492393708791,1,1
15,31,P,3.1889,0.0019,42.269104893,84.538209786,0.07544280883336377,0.037721404416681883,1,1
16,32,S,3.2611,0.0018,45.0870452192,90.1740904384,0.07232898017923968,0.03616449008961984,1,1
16,34,S,3.2847,0.0021,45.0870452192,90.1740904384,0.07285241212926576,0.03642620606463288,1,1
16,36,S,3.2985,0.0024,45.0870452192,90.1740904384,0.07315848674411153,0.036579243372055766,1,1
17,35,Cl,3.3654,0.0191,47.9049855454,95.8099710908,0.07025156070260326,0.03512578035130163,1,1
17,37,Cl,3.384,0.0170,47.9049855454,95.8099710908,0.07063982926772729,0.03531991463386364,1,1
18,32,Ar,3.3468,0.0062,50.7229258716,101.4458517432,0.0659819981298415,0.03299099906492075,1,1
18,33,Ar,3.3438,0.0058,50.7229258716,101.4458517432,0.06592285327673121,0.032961426638365605,1,1
18,34,Ar,3.3654,0.0040,50.7229258716,101.4458517432,0.06634869621912531,0.03317434810956266,1,1
18,35,Ar,3.3636,0.0042,50.7229258716,101.4458517432,0.06631320930725913,0.033156604653629566,1,1
18,36,Ar,3.3905,0.0023,50.7229258716,101.4458517432,0.06684354149014808,0.03342177074507404,1,1
18,37,Ar,3.3908,0.0022,50.7229258716,101.4458517432,0.06684945597545912,0.03342472798772956,1,1
18,38,Ar,3.4028,0.0019,50.7229258716,101.4458517432,0.06708603538790028,0.03354301769395014,1,1
18,39,Ar,3.4093,0.0031,50.7229258716,101.4458517432,0.06721418256963925,0.033607091284819625,1,1
18,40,Ar,3.4274,0.0026,50.7229258716,101.4458517432,0.06757102318340467,0.03378551159170234,1,1
18,41,Ar,3.4251,0.0030,50.7229258716,101.4458517432,0.06752567879602012,0.03376283939801006,1,1
18,42,Ar,3.4414,0.0041,50.7229258716,101.4458517432,0.06784703249791936,0.03392351624895968,1,1
18,43,Ar,3.4354,0.0039,50.7229258716,101.4458517432,0.06772874279169878,0.03386437139584939,1,1
18,44,Ar,3.4454,0.0046,50.7229258716,101.4458517432,0.06792589230206642,0.03396294615103321,1,1
18,46,Ar,3.4377,0.0044,50.7229258716,101.4458517432,0.06777408717908334,0.03388704358954167,1,1
19,38,K,3.4264,0.0051,53.5408661978,107.0817323956,0.06399597622013802,0.03199798811006901,1,1
19,39,K,3.4349,0.0019,53.5408661978,107.0817323956,0.06415473345743405,0.03207736672871703,1,1
19,40,K,3.4381,0.0028,53.5408661978,107.0817323956,0.06421450088794552,0.03210725044397276,1,1
19,41,K,3.4518,0.0055,53.5408661978,107.0817323956,0.06447038019982267,0.03223519009991133,1,1
19,42,K,3.4517,0.0070,53.5408661978,107.0817323956,0.06446851246761919,0.03223425623380959,1,1
19,43,K,3.4556,0.0086,53.5408661978,107.0817323956,0.06454135402355501,0.03227067701177751,1,1
19,44,K,3.4563,0.0101,53.5408661978,107.0817323956,0.06455442814897941,0.032277214074489705,1,1
19,45,K,3.4605,0.0118,53.5408661978,107.0817323956,0.06463287290152568,0.03231643645076284,1,1
19,46,K,3.4558,0.0126,53.5408661978,107.0817323956,0.06454508948796199,0.032272544743980995,1,1
19,47,K,3.4534,0.0138,53.5408661978,107.0817323956,0.06450026391507839,0.032250131957539195,1,1
20,39,Ca,3.4595,0.0025,56.358806524,112.717613048,0.06138348580051631,0.030691742900258154,1,1
20,40,Ca,3.4776,0.0019,56.358806524,112.717613048,0.06170464235290519,0.030852321176452594,1,1
20,41,Ca,3.478,0.0019,56.358806524,112.717613048,0.06171173973527843,0.030855869867639215,1,1
20,42,Ca,3.5081,0.0021,56.358806524,112.717613048,0.06224581775886437,0.031122908879432185,1,1
20,43,Ca,3.4954,0.0019,56.358806524,112.717613048,0.062020475868514155,0.031010237934257077,1,1
20,44,Ca,3.5179,0.0021,56.358806524,112.717613048,0.06241970362700862,0.03120985181350431,1,1
20,45,Ca,3.4944,0.0021,56.358806524,112.717613048,0.062002732412581064,0.031001366206290532,1,1
20,46,Ca,3.4953,0.0020,56.358806524,112.717613048,0.06201870152292084,0.03100935076146042,1,1
20,47,Ca,3.4783,0.0024,56.358806524,112.717613048,0.06171706277205835,0.030858531386029175,1,1
20,48,Ca,3.4771,0.0020,56.358806524,112.717613048,0.06169577062493865,0.030847885312469327,1,1
20,50,Ca,3.5168,0.0064,56.358806524,112.717613048,0.06240018582548222,0.03120009291274111,1,1
21,42,Sc,3.5702,0.0238,59.1767468502,118.3534937004,0.06033112987838962,0.03016556493919481,1,1
21,43,Sc,3.5575,0.0147,59.1767468502,118.3534937004,0.060116518554246566,0.030058259277123283,1,1
21,44,Sc,3.5432,0.0016,59.1767468502,118.3534937004,0.05987486958296737,0.029937434791483686,1,1
21,45,Sc,3.5459,0.0025,59.1767468502,118.3534937004,0.059920495612509596,0.029960247806254798,1,1
21,46,Sc,3.5243,0.0089,59.1767468502,118.3534937004,0.0595554873761718,0.0297777436880859,1,1
22,44,Ti,3.6115,0.0051,61.9946871764,123.9893743528,0.05825499191122328,0.02912749595561164,1,1
22,45,Ti,3.5939,0.0032,61.9946871764,123.9893743528,0.05797109661629389,0.028985548308146945,1,1
22,46,Ti,3.607,0.0022,61.9946871764,123.9893743528,0.058182405046042475,0.029091202523021237,1,1
22,47,Ti,3.5962,0.0019,61.9946871764,123.9893743528,0.058008196569608525,0.029004098284804262,1,1
22,48,Ti,3.5921,0.0017,61.9946871764,123.9893743528,0.05794206187022156,0.02897103093511078,1,1
22,49,Ti,3.5733,0.0021,61.9946871764,123.9893743528,0.057638810077910614,0.028819405038955307,1,1
22,50,Ti,3.5704,0.0022,61.9946871764,123.9893743528,0.0575920318759052,0.0287960159379526,1,1
23,51,V,3.6002,0.0022,64.8126275026,129.6252550052,0.055547817435044985,0.027773908717522493,1,1
24,50,Cr,3.6588,0.0065,67.6305678288,135.2611356576,0.05409979713998388,0.02704989856999194,1,1
24,52,Cr,3.6452,0.0042,67.6305678288,135.2611356576,0.05389870463940889,0.026949352319704446,1,1
24,53,Cr,3.6511,0.0075,67.6305678288,135.2611356576,0.05398594329774657,0.026992971648873286,1,1
24,54,Cr,3.6885,0.0074,67.6305678288,135.2611356576,0.0545389476743278,0.0272694738371639,1,1
25,50,Mn,3.712,0.0196,70.448508155,140.89701631,0.052690966738896734,0.026345483369448367,1,1
25,51,Mn,3.7026,0.0212,70.448508155,140.89701631,0.05255753595027991,0.026278767975139956,1,1
25,52,Mn,3.6706,0.0128,70.448508155,140.89701631,0.05210330347839287,0.026051651739196435,1,1
25,53,Mn,3.6662,0.0076,70.448508155,140.89701631,0.052040846513508404,0.026020423256754202,1,1
25,54,Mn,3.6834,0.0049,70.448508155,140.89701631,0.05228499646714768,0.02614249823357384,1,1
25,55,Mn,3.7057,0.0022,70.448508155,140.89701631,0.052601539720993976,0.026300769860496988,1,1
25,56,Mn,3.7146,0.0052,70.448508155,140.89701631,0.05272787312723755,0.026363936563618774,1,1
26,54,Fe,3.6933,0.0019,73.2664484812,146.5328969624,0.05040915830590167,0.025204579152950834,1,1
26,56,Fe,3.7377,0.0016,73.2664484812,146.5328969624,0.05101516557007789,0.025507582785038944,1,1
26,57,Fe,3.7532,0.0017,73.2664484812,146.5328969624,0.05122672216004932,0.02561336108002466,1,1
26,58,Fe,3.7745,0.0014,73.2664484812,146.5328969624,0.051517441861106836,0.025758720930553418,1,1
27,59,Co,3.7875,0.0021,76.0843888074,152.1687776148,0.049780251367828904,0.024890125683914452,1,1
28,58,Ni,3.7757,0.0020,78.9023291336,157.8046582672,0.04785283326182756,0.02392641663091378,1,1
28,60,Ni,3.8118,0.0016,78.9023291336,157.8046582672,0.04831036094695931,0.024155180473479657,1,1
28,61,Ni,3.8225,0.0019,78.9023291336,157.8046582672,0.04844597164587648,0.02422298582293824,1,1
28,62,Ni,3.8399,0.0021,78.9023291336,157.8046582672,0.048666497455330575,0.024333248727665287,1,1
28,64,Ni,3.8572,0.0023,78.9023291336,157.8046582672,0.048885755875075154,0.024442877937537577,1,1
29,63,Cu,3.8823,0.0015,81.7202694598,163.4405389196,0.04750718549587981,0.023753592747939905,1,1
29,65,Cu,3.9022,0.0014,81.7202694598,163.4405389196,0.04775069913247874,0.02387534956623937,1,1
30,64,Zn,3.9283,0.0015,84.538209786,169.076419572,0.04646774529463183,0.023233872647315915,1,1
30,66,Zn,3.9491,0.0014,84.538209786,169.076419572,0.04671378788357065,0.023356893941785323,1,1
30,67,Zn,3.953,0.0027,84.538209786,169.076419572,0.04675992086899667,0.023379960434498335,1,1
30,68,Zn,3.9658,0.0014,84.538209786,169.076419572,0.046911331692959024,0.023455665846479512,1,1
30,70,Zn,3.9845,0.0019,84.538209786,169.076419572,0.047132533443591515,0.023566266721795757,1,1
31,69,Ga,3.9973,0.0017,87.3561501122,174.7123002244,0.04575865574279406,0.02287932787139703,1,1
31,71,Ga,4.0118,0.0018,87.3561501122,174.7123002244,0.04592464291120036,0.02296232145560018,1,1
32,70,Ge,4.0414,0.0012,90.1740904384,180.3481808768,0.04481775175498747,0.022408875877493736,1,1
32,72,Ge,4.0576,0.0013,90.1740904384,180.3481808768,0.04499740424630998,0.02249870212315499,1,1
32,73,Ge,4.0632,0.0014,90.1740904384,180.3481808768,0.045059506342075784,0.022529753171037892,1,1
32,74,Ge,4.0742,0.0012,90.1740904384,180.3481808768,0.04518149260161576,0.02259074630080788,1,1
32,76,Ge,4.0811,0.0012,90.1740904384,180.3481808768,0.045258011255327205,0.022629005627663602,1,1
33,75,As,4.0968,0.0020,92.9920307646,185.9840615292,0.04405538804040787,0.022027694020203936,1,1
34,74,Se,4.07,0.0200,95.8099710908,191.6199421816,0.04247992096921544,0.02123996048460772,1,1
34,76,Se,4.1395,0.0016,95.8099710908,191.6199421816,0.043205315197068134,0.021602657598534067,1,1
34,77,Se,4.1395,0.0018,95.8099710908,191.6199421816,0.043205315197068134,0.021602657598534067,1,1
34,78,Se,4.1406,0.0017,95.8099710908,191.6199421816,0.04321679625678954,0.02160839812839477,1,1
34,80,Se,4.14,0.0018,95.8099710908,191.6199421816,0.04321053386057786,0.02160526693028893,1,1
34,82,Se,4.14,0.0019,95.8099710908,191.6199421816,0.04321053386057786,0.02160526693028893,1,1
35,79,Br,4.1629,0.0021,98.627911417,197.255822834,0.04220813297362861,0.021104066486814305,1,1
35,81,Br,4.1599,0.0021,98.627911417,197.255822834,0.042177715620600464,0.021088857810300232,1,1
36,72,Kr,4.1635,0.0060,101.4458517432,202.8917034864,0.041041599320783294,0.020520799660391647,1,1
36,74,Kr,4.187,0.0041,101.4458517432,202.8917034864,0.04127324999546528,0.02063662499773264,1,1
36,75,Kr,4.2097,0.0041,101.4458517432,202.8917034864,0.04149701468973254,0.02074850734486627,1,1
36,76,Kr,4.202,0.0036,101.4458517432,202.8917034864,0.041421112128241004,0.020710556064120502,1,1
36,77,Kr,4.2082,0.0037,101.4458517432,202.8917034864,0.04148222847645497,0.020741114238227484,1,1
36,78,Kr,4.2038,0.0033,101.4458517432,202.8917034864,0.041438855584174095,0.020719427792087047,1,1
36,79,Kr,4.2034,0.0032,101.4458517432,202.8917034864,0.04143491259396674,0.02071745629698337,1,1
36,80,Kr,4.197,0.0029,101.4458517432,202.8917034864,0.04137182475064909,0.020685912375324546,1,1
36,81,Kr,4.1952,0.0026,101.4458517432,202.8917034864,0.041354081294716,0.020677040647358,1,1
36,82,Kr,4.1919,0.0025,101.4458517432,202.8917034864,0.04132155162550535,0.020660775812752673,1,1
36,83,Kr,4.1871,0.0023,101.4458517432,202.8917034864,0.04127423574301711,0.020637117871508556,1,1
36,84,Kr,4.1884,0.0022,101.4458517432,202.8917034864,0.04128705046119101,0.020643525230595504,1,1
36,85,Kr,4.1846,0.0022,101.4458517432,202.8917034864,0.04124959205422115,0.020624796027110575,1,1
36,86,Kr,4.1835,0.0021,101.4458517432,202.8917034864,0.04123874883115094,0.02061937441557547,1,1
36,87,Kr,4.1984,0.0027,101.4458517432,202.8917034864,0.04138562521637483,0.020692812608187415,1,1
36,88,Kr,4.2171,0.0043,101.4458517432,202.8917034864,0.04156996000856857,0.020784980004284286,1,1
36,89,Kr,4.2286,0.0054,101.4458517432,202.8917034864,0.04168332097702997,0.020841660488514983,1,1
36,90,Kr,4.2423,0.0069,101.4458517432,202.8917034864,0.0418183683916318,0.0209091841958159,1,1
36,91,Kr,4.2543,0.0081,101.4458517432,202.8917034864,0.041936658097852374,0.020968329048926187,1,1
36,92,Kr,4.2724,0.0099,101.4458517432,202.8917034864,0.04211507840473509,0.021057539202367546,1,1
36,93,Kr,4.2794,0.0107,101.4458517432,202.8917034864,0.042184080733363764,0.021092040366681882,1,1
36,94,Kr,4.3002,0.0129,101.4458517432,202.8917034864,0.042389116224146116,0.021194558112073058,1,1
36,95,Kr,4.3067,0.0136,101.4458517432,202.8917034864,0.0424531898150156,0.0212265949075078,1,1
36,96,Kr,4.3267,0.0158,101.4458517432,202.8917034864,0.04265033932538323,0.021325169662691615,1,1
37,76,Rb,4.2273,0.0070,104.2637920694,208.5275841388,0.04054427635996806,0.02027213817998403,1,1
37,77,Rb,4.2356,0.0080,104.2637920694,208.5275841388,0.04062388213523543,0.020311941067617714,1,1
37,78,Rb,4.2385,0.0083,104.2637920694,208.5275841388,0.040651696201292706,0.020325848100646353,1,1
37,79,Rb,4.2284,0.0065,104.2637920694,208.5275841388,0.0405548265229553,0.02027741326147765,1,1
37,80,Rb,4.2271,0.0061,104.2637920694,208.5275841388,0.04054235814851584,0.02027117907425792,1,1
37,81,Rb,4.2213,0.0051,104.2637920694,208.5275841388,0.040486730016401296,0.020243365008200648,1,1
37,82,Rb,4.216,0.0042,104.2637920694,208.5275841388,0.04043589741291732,0.02021794870645866,1,1
37,83,Rb,4.2058,0.0028,104.2637920694,208.5275841388,0.0403380686288538,0.0201690343144269,1,1
37,84,Rb,4.1999,0.0023,104.2637920694,208.5275841388,0.040281481391013146,0.020140740695506573,1,1
37,85,Rb,4.2036,0.0024,104.2637920694,208.5275841388,0.04031696830287932,0.02015848415143966,1,1
37,86,Rb,4.2025,0.0023,104.2637920694,208.5275841388,0.040306418139892074,0.020153209069946037,1,1
37,87,Rb,4.1989,0.0021,104.2637920694,208.5275841388,0.04027189033375202,0.02013594516687601,1,1
37,88,Rb,4.217,0.0038,104.2637920694,208.5275841388,0.04044548847017844,0.02022274423508922,1,1
37,89,Rb,4.2391,0.0074,104.2637920694,208.5275841388,0.040657450835649374,0.020328725417824687,1,1
37,90,Rb,4.2554,0.0102,104.2637920694,208.5275841388,0.04081378506900577,0.020406892534502886,1,1
37,91,Rb,4.2723,0.0131,104.2637920694,208.5275841388,0.040975873936718844,0.020487936968359422,1,1
37,92,Rb,4.2903,0.0163,104.2637920694,208.5275841388,0.04114851296741916,0.02057425648370958,1,1
37,93,Rb,4.3048,0.0187,104.2637920694,208.5275841388,0.041287583297705516,0.020643791648852758,1,1
37,94,Rb,4.3184,0.0211,104.2637920694,208.5275841388,0.041418021676456855,0.020709010838228428,1,1
37,95,Rb,4.3391,0.0248,104.2637920694,208.5275841388,0.04161655656176222,0.02080827828088111,1,1
37,96,Rb,4.3501,0.0267,104.2637920694,208.5275841388,0.04172205819163463,0.020861029095817316,1,1
37,97,Rb,4.4231,0.0395,104.2637920694,208.5275841388,0.042422205371697004,0.021211102685848502,1,1
37,98,Rb,4.4336,0.0414,104.2637920694,208.5275841388,0.04252291147293885,0.021261455736469426,1,1
38,77,Sr,4.2569,0.0044,107.0817323956,214.1634647912,0.03975374608503174,0.01987687304251587,1,1
38,78,Sr,4.2561,0.0040,107.0817323956,214.1634647912,0.03974627515621781,0.019873137578108904,1,1
38,79,Sr,4.2586,0.0039,107.0817323956,214.1634647912,0.03976962180876135,0.019884810904380674,1,1
38,80,Sr,4.2562,0.0037,107.0817323956,214.1634647912,0.03974720902231955,0.019873604511159774,1,1
38,81,Sr,4.2547,0.0034,107.0817323956,214.1634647912,0.039733201030793426,0.019866600515396713,1,1
38,82,Sr,4.2478,0.0030,107.0817323956,214.1634647912,0.03966876426977327,0.019834382134886634,1,1
38,83,Sr,4.2455,0.0027,107.0817323956,214.1634647912,0.039647285349433216,0.019823642674716608,1,1
38,84,Sr,4.2394,0.0024,107.0817323956,214.1634647912,0.03959031951722698,0.01979515975861349,1,1
38,85,Sr,4.2304,0.0021,107.0817323956,214.1634647912,0.03950627156807026,0.01975313578403513,1,1
38,86,Sr,4.2307,0.0020,107.0817323956,214.1634647912,0.039509073166375475,0.019754536583187737,1,1
38,87,Sr,4.2249,0.0019,107.0817323956,214.1634647912,0.039454908932474476,0.019727454466237238,1,1
38,88,Sr,4.224,0.0018,107.0817323956,214.1634647912,0.039446504137558805,0.019723252068779402,1,1
38,89,Sr,4.2407,0.0023,107.0817323956,214.1634647912,0.03960245977654963,0.019801229888274815,1,1
38,90,Sr,4.2611,0.0037,107.0817323956,214.1634647912,0.03979296846130488,0.01989648423065244,1,1
38,91,Sr,4.274,0.0046,107.0817323956,214.1634647912,0.03991343718842953,0.019956718594214766,1,1
38,92,Sr,4.2924,0.0064,107.0817323956,214.1634647912,0.04008526855114995,0.020042634275574976,1,1
38,93,Sr,4.3026,0.0075,107.0817323956,214.1634647912,0.04018052289352758,0.02009026144676379,1,1
38,94,Sr,4.3191,0.0091,107.0817323956,214.1634647912,0.04033461080031492,0.02016730540015746,1,1
38,95,Sr,4.3305,0.0102,107.0817323956,214.1634647912,0.04044107153591345,0.020220535767956724,1,1
38,96,Sr,4.3522,0.0125,107.0817323956,214.1634647912,0.04064372047999134,0.02032186023999567,1,1
38,97,Sr,4.3625,0.0135,107.0817323956,214.1634647912,0.04073990868847071,0.020369954344235355,1,1
38,98,Sr,4.4377,0.0214,107.0817323956,214.1634647912,0.04144217599698029,0.020721087998490144,1,1
38,99,Sr,4.4495,0.0226,107.0817323956,214.1634647912,0.041552372196985765,0.020776186098492883,1,1
38,100,Sr,4.464,0.0240,107.0817323956,214.1634647912,0.041687782781738285,0.020843891390869142,1,1
39,86,Y,4.2513,0.0023,109.8996727218,219.7993454436,0.03868346369658206,0.01934173184829103,1,1
39,87,Y,4.2498,0.0022,109.8996727218,219.7993454436,0.03866981488432583,0.019334907442162916,1,1
39,88,Y,4.2441,0.0021,109.8996727218,219.7993454436,0.038617949397752205,0.019308974698876102,1,1
39,89,Y,4.243,0.0021,109.8996727218,219.7993454436,0.0386079402687643,0.01930397013438215,1,1
39,90,Y,4.2573,0.0026,109.8996727218,219.7993454436,0.038738058945606946,0.019369029472803473,1,1
39,92,Y,4.2887,0.0050,109.8996727218,219.7993454436,0.03902377408217051,0.019511887041085255,1,1
39,93,Y,4.3052,0.0065,109.8996727218,219.7993454436,0.039173911016988944,0.019586955508494472,1,1
39,94,Y,4.3142,0.0074,109.8996727218,219.7993454436,0.03925580389052626,0.01962790194526313,1,1
39,95,Y,4.3284,0.0087,109.8996727218,219.7993454436,0.03938501264655183,0.019692506323275915,1,1
39,96,Y,4.3402,0.0099,109.8996727218,219.7993454436,0.039492383302967435,0.019746191651483717,1,1
39,97,Y,4.358,0.0116,109.8996727218,219.7993454436,0.03965434920840792,0.01982717460420396,1,1
39,98,Y,4.3711,0.0129,109.8996727218,219.7993454436,0.039773548835445593,0.019886774417722797,1,1
39,99,Y,4.4658,0.0223,109.8996727218,219.7993454436,0.04063524384922169,0.020317621924610844,1,1
39,100,Y,4.4705,0.0228,109.8996727218,219.7993454436,0.040678010127624516,0.020339005063812258,1,1
39,101,Y,4.4863,0.0244,109.8996727218,219.7993454436,0.04082177761672338,0.02041088880836169,1,1
39,102,Y,4.4911,0.0249,109.8996727218,219.7993454436,0.04086545381594329,0.020432726907971644,1,1
40,87,Zr,4.2789,0.0030,112.717613048,225.435226096,0.037961236796044115,0.018980618398022057,1,1
40,88,Zr,4.2787,0.0025,112.717613048,225.435226096,0.0379594624504508,0.0189797312252254,1,1
40,89,Zr,4.2706,0.0010,112.717613048,225.435226096,0.0378876014539218,0.0189438007269609,1,1
40,90,Zr,4.2694,0.0010,112.717613048,225.435226096,0.03787695538036195,0.018938477690180974,1,1
40,91,Zr,4.2845,0.0013,112.717613048,225.435226096,0.038010918472656766,0.019005459236328383,1,1
40,92,Zr,4.3057,0.0013,112.717613048,225.435226096,0.038198999105547485,0.019099499552773742,1,1
40,94,Zr,4.332,0.0013,112.717613048,225.435226096,0.03843232555106759,0.019216162775533795,1,1
40,96,Zr,4.3512,0.0015,112.717613048,225.435226096,0.03860266272802523,0.019301331364012617,1,1
40,97,Zr,4.3792,0.0136,112.717613048,225.435226096,0.03885107111108845,0.019425535555544226,1,1
40,98,Zr,4.4012,0.0164,112.717613048,225.435226096,0.03904624912635242,0.01952312456317621,1,1
40,99,Zr,4.4156,0.0181,112.717613048,225.435226096,0.03917400200907065,0.019587001004535327,1,1
40,100,Zr,4.4891,0.0289,112.717613048,225.435226096,0.039826074014611614,0.019913037007305807,1,1
40,101,Zr,4.5119,0.0318,112.717613048,225.435226096,0.04002834941224881,0.020014174706124405,1,1
40,102,Zr,4.5292,0.0340,112.717613048,225.435226096,0.040181830306070025,0.020090915153035013,1,1
41,90,Nb,4.2891,0.0040,115.5355533742,231.0711067484,0.03712363748419792,0.01856181874209896,1,1
41,91,Nb,4.2878,0.0040,115.5355533742,231.0711067484,0.037112385536533024,0.018556192768266512,1,1
41,92,Nb,4.3026,0.0043,115.5355533742,231.0711067484,0.03724048463302556,0.01862024231651278,1,1
41,93,Nb,4.324,0.0017,115.5355533742,231.0711067484,0.037425709002278276,0.018712854501139138,1,1
41,99,Nb,4.4062,0.0125,115.5355533742,231.0711067484,0.0381371783084733,0.01906858915423665,1,1
41,101,Nb,4.4861,0.0203,115.5355533742,231.0711067484,0.03882874032264584,0.01941437016132292,1,1
41,103,Nb,4.5097,0.0227,115.5355533742,231.0711067484,0.03903300644948528,0.01951650322474264,1,1
42,90,Mo,4.3265,0.0016,118.3534937004,236.7069874008,0.036555743854525334,0.018277871927262667,1,1
42,91,Mo,4.3182,0.0012,118.3534937004,236.7069874008,0.03648561495726599,0.018242807478632994,1,1
42,92,Mo,4.3151,0.0012,118.3534937004,236.7069874008,0.03645942223660286,0.01822971111830143,1,1
42,94,Mo,4.3529,0.0013,118.3534937004,236.7069874008,0.036778804443398434,0.018389402221699217,1,1
42,95,Mo,4.3628,0.0018,118.3534937004,236.7069874008,0.036862452164225845,0.018431226082112923,1,1
42,96,Mo,4.3847,0.0015,118.3534937004,236.7069874008,0.03704749106181376,0.01852374553090688,1,1
42,97,Mo,4.388,0.0015,118.3534937004,236.7069874008,0.0370753736354229,0.01853768681771145,1,1
42,98,Mo,4.4091,0.0018,118.3534937004,236.7069874008,0.037253653121226776,0.018626826560613388,1,1
42,100,Mo,4.4468,0.0025,118.3534937004,236.7069874008,0.03757219040154935,0.018786095200774674,1,1
42,102,Mo,4.4914,0.0038,118.3534937004,236.7069874008,0.037949027608509205,0.018974513804254602,1,1
42,103,Mo,4.5145,0.0046,118.3534937004,236.7069874008,0.03814420562377317,0.019072102811886586,1,1
42,104,Mo,4.5249,0.0051,118.3534937004,236.7069874008,0.0382320779769656,0.0191160389884828,1,1
42,105,Mo,4.5389,0.0057,118.3534937004,236.7069874008,0.038350367683186184,0.019175183841593092,1,1
42,106,Mo,4.549,0.0058,118.3534937004,236.7069874008,0.038435705256959614,0.019217852628479807,1,1
42,108,Mo,4.5602,0.0067,118.3534937004,236.7069874008,0.038530337021936076,0.019265168510968038,1,1
44,96,Ru,4.3908,0.0047,123.9893743528,247.9787487056,0.03541271195954578,0.01770635597977289,1,1
44,98,Ru,4.4229,0.0055,123.9893743528,247.9787487056,0.03567160511202402,0.01783580255601201,1,1
44,99,Ru,4.4338,0.0042,123.9893743528,247.9787487056,0.03575951587096522,0.01787975793548261,1,1
44,100,Ru,4.4531,0.0031,123.9893743528,247.9787487056,0.035915174370741855,0.017957587185370927,1,1
44,101,Ru,4.4606,0.0020,123.9893743528,247.9787487056,0.0359756634250592,0.0179878317125296,1,1
44,102,Ru,4.4809,0.0018,123.9893743528,247.9787487056,0.03613938713207814,0.01806969356603907,1,1
44,104,Ru,4.5098,0.0020,123.9893743528,247.9787487056,0.03637247162138098,0.01818623581069049,1,1
45,103,Rh,4.4945,0.0023,126.807314679,253.614629358,0.035443538973894184,0.017721769486947092,1,1
46,102,Pd,4.4827,0.0044,129.6252550052,259.2505100104,0.0345819956135876,0.0172909978067938,1,1
46,104,Pd,4.5078,0.0027,129.6252550052,259.2505100104,0.03477563071963999,0.017387815359819994,1,1
46,105,Pd,4.515,0.0030,129.6252550052,259.2505100104,0.03483117545125661,0.017415587725628304,1,1
46,106,Pd,4.5318,0.0029,129.6252550052,259.2505100104,0.03496077982502872,0.01748038991251436,1,1
46,108,Pd,4.5563,0.0027,129.6252550052,259.2505100104,0.0351497862034464,0.0175748931017232,1,1
46,110,Pd,4.5782,0.0030,129.6252550052,259.2505100104,0.03531873476211363,0.017659367381056813,1,1
47,101,Ag,4.4799,0.0088,132.4431953314,264.8863906628,0.03382506733388886,0.01691253366694443,1,1
47,103,Ag,4.5036,0.0065,132.4431953314,264.8863906628,0.03400401197457574,0.01700200598728787,1,1
47,104,Ag,4.5119,0.0058,132.4431953314,264.8863906628,0.03406668035085005,0.017033340175425026,1,1
47,105,Ag,4.5269,0.0045,132.4431953314,264.8863906628,0.034179936452550616,0.017089968226275308,1,1
47,107,Ag,4.5454,0.0031,132.4431953314,264.8863906628,0.034319618977981296,0.017159809488990648,1,1
47,109,Ag,4.5638,0.0025,132.4431953314,264.8863906628,0.03445854646273398,0.01722927323136699,1,1
48,102,Cd,4.481,0.0122,135.2611356576,270.5222713152,0.033128510848402175,0.016564255424201087,1,1
48,103,Cd,4.4951,0.0105,135.2611356576,270.5222713152,0.03323275365200907,0.016616376826004534,1,1
48,104,Cd,4.5122,0.0083,135.2611356576,270.5222713152,0.03335917577553232,0.01667958788776616,1,1
48,105,Cd,4.5216,0.0070,135.2611356576,270.5222713152,0.03342867097793691,0.016714335488968456,1,1
48,106,Cd,4.5383,0.0036,135.2611356576,270.5222713152,0.03355213585880464,0.01677606792940232,1,1
48,107,Cd,4.5466,0.0039,135.2611356576,270.5222713152,0.033613498643906566,0.016806749321953283,1,1
48,108,Cd,4.5577,0.0031,135.2611356576,270.5222713152,0.0336955621275971,0.01684778106379855,1,1
48,109,Cd,4.5601,0.0035,135.2611356576,270.5222713152,0.03371330558353019,0.016856652791765094,1,1
48,110,Cd,4.5765,0.0026,135.2611356576,270.5222713152,0.03383455253240629,0.016917276266203145,1,1
48,111,Cd,4.5845,0.0058,135.2611356576,270.5222713152,0.03389369738551658,0.01694684869275829,1,1
48,112,Cd,4.5944,0.0024,135.2611356576,270.5222713152,0.03396688914124057,0.016983444570620284,1,1
48,113,Cd,4.6012,0.0028,135.2611356576,270.5222713152,0.034017162266384314,0.017008581133192157,1,1
48,114,Cd,4.6087,0.0023,135.2611356576,270.5222713152,0.03407261056617521,0.017036305283087604,1,1
48,115,Cd,4.6114,0.0046,135.2611356576,270.5222713152,0.03409257195409993,0.017046285977049967,1,1
48,116,Cd,4.6203,0.0059,135.2611356576,270.5222713152,0.034158370603185134,0.017079185301592567,1,1
48,117,Cd,4.6136,0.0025,135.2611356576,270.5222713152,0.034108836788705264,0.017054418394352632,1,1
48,118,Cd,4.6246,0.0060,135.2611356576,270.5222713152,0.034190160961731914,0.017095080480865957,1,1
48,120,Cd,4.63,0.0069,135.2611356576,270.5222713152,0.03423008373758136,0.01711504186879068,1,1
49,104,In,4.5184,0.0117,138.0790759838,276.1581519676,0.03272327807676028,0.01636163903838014,1,1
49,105,In,4.5311,0.0103,138.0790759838,276.1581519676,0.032815254358535884,0.016407627179267942,1,1
49,106,In,4.5375,0.0095,138.0790759838,276.1581519676,0.03286160461076925,0.016430802305384625,1,1
49,107,In,4.5494,0.0082,138.0790759838,276.1581519676,0.032947787111015675,0.016473893555507838,1,1
49,108,In,4.5571,0.0071,138.0790759838,276.1581519676,0.033003552258233954,0.016501776129116977,1,1
49,109,In,4.5685,0.0061,138.0790759838,276.1581519676,0.033086113645024645,0.016543056822512323,1,1
49,110,In,4.5742,0.0056,138.0790759838,276.1581519676,0.03312739433841999,0.016563697169209995,1,1
49,111,In,4.5856,0.0044,138.0790759838,276.1581519676,0.03320995572521068,0.01660497786260534,1,1
49,112,In,4.5907,0.0041,138.0790759838,276.1581519676,0.03324689108245915,0.016623445541229576,1,1
49,113,In,4.601,0.0031,138.0790759838,276.1581519676,0.03332148601964723,0.016660743009823616,1,1
49,114,In,4.6056,0.0029,138.0790759838,276.1581519676,0.03335480026343997,0.016677400131719984,1,1
49,115,In,4.6156,0.0026,138.0790759838,276.1581519676,0.03342722253255461,0.016713611266277306,1,1
49,116,In,4.6211,0.0027,138.0790759838,276.1581519676,0.03346705478056767,0.016733527390283835,1,1
49,117,In,4.6292,0.0032,138.0790759838,276.1581519676,0.03352571681855052,0.01676285840927526,1,1
49,118,In,4.6335,0.0033,138.0790759838,276.1581519676,0.03355685839426982,0.01677842919713491,1,1
49,119,In,4.6407,0.0040,138.0790759838,276.1581519676,0.033609002428032365,0.016804501214016183,1,1
49,120,In,4.6443,0.0042,138.0790759838,276.1581519676,0.03363507444491364,0.01681753722245682,1,1
49,121,In,4.6505,0.0047,138.0790759838,276.1581519676,0.033679976251764714,0.016839988125882357,1,1
49,122,In,4.6534,0.0051,138.0790759838,276.1581519676,0.03370097870980796,0.01685048935490398,1,1
49,123,In,4.6594,0.0056,138.0790759838,276.1581519676,0.033744432071276746,0.016872216035638373,1,1
49,124,In,4.6625,0.0060,138.0790759838,276.1581519676,0.03376688297470228,0.01688344148735114,1,1
49,125,In,4.667,0.0064,138.0790759838,276.1581519676,0.033799472995803874,0.016899736497901937,1,1
49,126,In,4.6702,0.0068,138.0790759838,276.1581519676,0.03382264812192057,0.016911324060960284,1,1
49,127,In,4.6733,0.0071,138.0790759838,276.1581519676,0.033845099025346104,0.016922549512673052,1,1
50,108,Sn,4.5605,0.0029,140.89701631,281.79403262,0.032367612313138276,0.016183806156569138,1,1
50,109,Sn,4.5679,0.0027,140.89701631,281.79403262,0.032420132942700214,0.016210066471350107,1,1
50,110,Sn,4.5785,0.0025,140.89701631,281.79403262,0.0324953651958565,0.01624768259792825,1,1
50,111,Sn,4.5836,0.0024,140.89701631,281.79403262,0.03253156184596,0.01626578092298,1,1
50,112,Sn,4.5948,0.0022,140.89701631,281.79403262,0.032611052528540234,0.016305526264270117,1,1
50,113,Sn,4.6015,0.0021,140.89701631,281.79403262,0.032658604990440904,0.016329302495220452,1,1
50,114,Sn,4.6099,0.0020,140.89701631,281.79403262,0.03271822300237608,0.01635911150118804,1,1
50,115,Sn,4.6148,0.0019,140.89701631,281.79403262,0.03275300017600493,0.016376500088002465,1,1
50,116,Sn,4.625,0.0019,140.89701631,281.79403262,0.03282539347621193,0.016412696738105966,1,1
50,117,Sn,4.6302,0.0019,140.89701631,281.79403262,0.03286229986455275,0.016431149932276377,1,1
50,118,Sn,4.6393,0.0019,140.89701631,281.79403262,0.032926886044149194,0.016463443022074597,1,1
50,119,Sn,4.6438,0.0020,140.89701631,281.79403262,0.03295882426482875,0.016479412132414373,1,1
50,120,Sn,4.6519,0.0021,140.89701631,281.79403262,0.03301631306205195,0.016508156531025976,1,1
50,121,Sn,4.6566,0.0021,140.89701631,281.79403262,0.03304967075920616,0.01652483537960308,1,1
50,122,Sn,4.6634,0.0022,140.89701631,281.79403262,0.033097932959344156,0.016548966479672078,1,1
50,123,Sn,4.6665,0.0023,140.89701631,281.79403262,0.03311993484470119,0.016559967422350594,1,1
50,124,Sn,4.6735,0.0023,140.89701631,281.79403262,0.033169616521313824,0.016584808260656912,1,1
50,125,Sn,4.6765,0.0026,140.89701631,281.79403262,0.033190908668433536,0.016595454334216768,1,1
50,126,Sn,4.6833,0.0043,140.89701631,281.79403262,0.03323917086857153,0.016619585434285766,1,1
50,127,Sn,4.6867,0.0048,140.89701631,281.79403262,0.03326330196864053,0.016631650984320265,1,1
50,128,Sn,4.6921,0.0054,140.89701631,281.79403262,0.033301627833456,0.016650813916728,1,1
50,129,Sn,4.6934,0.0058,140.89701631,281.79403262,0.0333108544305412,0.0166554272152706,1,1
50,130,Sn,4.7019,0.0066,140.89701631,281.79403262,0.03337118218071371,0.016685591090356854,1,1
50,131,Sn,4.7078,0.0073,140.89701631,281.79403262,0.03341305673671579,0.016706528368357895,1,1
50,132,Sn,4.7093,0.0076,140.89701631,281.79403262,0.033423702810275645,0.016711851405137822,1,1
51,121,Sb,4.6802,0.0026,143.71495663620001,287.42991327240003,0.03256585194432794,0.01628292597216397,1,1
51,123,Sb,4.6879,0.0025,143.71495663620001,287.42991327240003,0.03261943022302785,0.016309715111513926,1,1
52,116,Te,4.6847,0.0128,146.5328969624,293.0657939248,0.031970295388359674,0.015985147694179837,1,1
52,118,Te,4.6956,0.0105,146.5328969624,293.0657939248,0.032044681415156075,0.016022340707578037,1,1
52,120,Te,4.7038,0.0088,146.5328969624,293.0657939248,0.03210064154540659,0.016050320772703294,1,1
52,122,Te,4.7095,0.0031,146.5328969624,293.0657939248,0.03213954066033682,0.01606977033016841,1,1
52,123,Te,4.7117,0.0035,146.5328969624,293.0657939248,0.032154554353818664,0.016077277176909332,1,1
52,124,Te,4.7183,0.0029,146.5328969624,293.0657939248,0.03219959543426419,0.016099797717132096,1,1
52,125,Te,4.7204,0.0030,146.5328969624,293.0657939248,0.03221392668713322,0.01610696334356661,1,1
52,126,Te,4.7266,0.0032,146.5328969624,293.0657939248,0.03225623800512751,0.016128119002563755,1,1
52,128,Te,4.7346,0.0029,146.5328969624,293.0657939248,0.0323108332541524,0.0161554166270762,1,1
52,130,Te,4.7423,0.0025,146.5328969624,293.0657939248,0.03236338118133884,0.01618169059066942,1,1
52,132,Te,4.75,0.0031,146.5328969624,293.0657939248,0.032415929108525296,0.016207964554262648,1,1
52,134,Te,4.7569,0.0041,146.5328969624,293.0657939248,0.03246301751080926,0.01623150875540463,1,1
52,136,Te,4.7815,0.0089,146.5328969624,293.0657939248,0.03263089790156078,0.01631544895078039,1,1
53,127,I,4.75,0.0081,149.3508372886,298.7016745772,0.031804307804590856,0.015902153902295428,1,1
54,116,Xe,4.7211,0.0096,152.1687776148,304.3375552296,0.031025418446555382,0.015512709223277691,1,1
54,118,Xe,4.7387,0.0070,152.1687776148,304.3375552296,0.031141079492637728,0.015570539746318864,1,1
54,120,Xe,4.7509,0.0063,152.1687776148,304.3375552296,0.031221253626853903,0.015610626813426952,1,1
54,122,Xe,4.759,0.0059,152.1687776148,304.3375552296,0.03127448399465317,0.015637241997326586,1,1
54,124,Xe,4.7661,0.0055,152.1687776148,304.3375552296,0.03132114271210684,0.01566057135605342,1,1
54,126,Xe,4.7722,0.0052,152.1687776148,304.3375552296,0.031361229779214926,0.015680614889607463,1,1
54,127,Xe,4.7747,0.0038,152.1687776148,304.3375552296,0.031377658905078896,0.015688829452539448,1,1
54,128,Xe,4.7774,0.0050,152.1687776148,304.3375552296,0.03139540236101199,0.015697701180505994,1,1
54,129,Xe,4.7775,0.0050,152.1687776148,304.3375552296,0.031396059526046544,0.015698029763023272,1,1
54,130,Xe,4.7818,0.0049,152.1687776148,304.3375552296,0.03142431762253257,0.015712158811266284,1,1
54,131,Xe,4.7808,0.0049,152.1687776148,304.3375552296,0.03141774597218699,0.015708872986093494,1,1
54,132,Xe,4.7859,0.0048,152.1687776148,304.3375552296,0.031451261388949485,0.015725630694474742,1,1
54,133,Xe,4.7831,0.0048,152.1687776148,304.3375552296,0.03143286076798184,0.01571643038399092,1,1
54,134,Xe,4.7899,0.0047,152.1687776148,304.3375552296,0.03147754799033184,0.01573877399516592,1,1
54,136,Xe,4.7964,0.0047,152.1687776148,304.3375552296,0.031520263717578156,0.015760131858789078,1,1
54,137,Xe,4.8094,0.0049,152.1687776148,304.3375552296,0.031605695172070805,0.015802847586035403,1,1
54,138,Xe,4.8279,0.0079,152.1687776148,304.3375552296,0.03172727070346418,0.01586363535173209,1,1
54,139,Xe,4.8409,0.0100,152.1687776148,304.3375552296,0.031812702157956826,0.015906351078978413,1,1
54,140,Xe,4.8566,0.0125,152.1687776148,304.3375552296,0.03191587706838256,0.01595793853419128,1,1
54,141,Xe,4.8694,0.0147,152.1687776148,304.3375552296,0.03199999419280608,0.01599999709640304,1,1
54,142,Xe,4.8841,0.0169,152.1687776148,304.3375552296,0.032096597452886226,0.016048298726443113,1,1
54,143,Xe,4.8942,0.0187,152.1687776148,304.3375552296,0.03216297112137666,0.01608148556068833,1,1
54,144,Xe,4.9082,0.0208,152.1687776148,304.3375552296,0.03225497422621489,0.016127487113107446,1,1
54,146,Xe,4.9315,0.0245,152.1687776148,304.3375552296,0.03240809367926709,0.016204046839633546,1,1
55,118,Cs,4.7832,0.0092,154.986717941,309.973435882,0.030861999425143373,0.015430999712571686,1,1
55,119,Cs,4.7896,0.0089,154.986717941,309.973435882,0.030903293286224015,0.015451646643112008,1,1
55,120,Cs,4.7915,0.0075,154.986717941,309.973435882,0.030915552401232328,0.015457776200616164,1,1
55,121,Cs,4.7769,0.0078,154.986717941,309.973435882,0.03082135078064212,0.01541067539032106,1,1
55,122,Cs,4.7773,0.0070,154.986717941,309.973435882,0.030823931646959662,0.015411965823479831,1,1
55,123,Cs,4.782,0.0070,154.986717941,309.973435882,0.030854256826190755,0.015427128413095377,1,1
55,124,Cs,4.7828,0.0062,154.986717941,309.973435882,0.030859418558825832,0.015429709279412916,1,1
55,125,Cs,4.788,0.0062,154.986717941,309.973435882,0.030892969820953856,0.015446484910476928,1,1
55,126,Cs,4.7872,0.0056,154.986717941,309.973435882,0.030887808088318775,0.015443904044159388,1,1
55,127,Cs,4.7936,0.0055,154.986717941,309.973435882,0.03092910194939941,0.015464550974699705,1,1
55,128,Cs,4.7921,0.0052,154.986717941,309.973435882,0.030919423700708635,0.015459711850354317,1,1
55,129,Cs,4.7981,0.0050,154.986717941,309.973435882,0.030958136695471736,0.015479068347735868,1,1
55,130,Cs,4.7992,0.0049,154.986717941,309.973435882,0.030965234077844975,0.015482617038922487,1,1
55,131,Cs,4.8026,0.0047,154.986717941,309.973435882,0.030987171441544063,0.015493585720772031,1,1
55,132,Cs,4.8002,0.0046,154.986717941,309.973435882,0.030971686243638826,0.015485843121819413,1,1
55,133,Cs,4.8041,0.0046,154.986717941,309.973435882,0.030996849690234838,0.015498424845117419,1,1
55,134,Cs,4.8031,0.0046,154.986717941,309.973435882,0.030990397524440987,0.015495198762220493,1,1
55,135,Cs,4.8067,0.0047,154.986717941,309.973435882,0.03101362532129885,0.015506812660649426,1,1
55,136,Cs,4.8059,0.0052,154.986717941,309.973435882,0.03100846358866377,0.015504231794331885,1,1
55,137,Cs,4.8128,0.0050,154.986717941,309.973435882,0.031052983532641337,0.015526491766320668,1,1
55,138,Cs,4.8255,0.0050,154.986717941,309.973435882,0.031134926038223227,0.015567463019111613,1,1
55,139,Cs,4.8422,0.0069,154.986717941,309.973435882,0.031242677206980523,0.015621338603490261,1,1
55,140,Cs,4.8554,0.0088,154.986717941,309.973435882,0.031327845795459344,0.015663922897729672,1,1
55,141,Cs,4.8689,0.0108,154.986717941,309.973435882,0.03141495003367632,0.01570747501683816,1,1
55,142,Cs,4.8825,0.0132,154.986717941,309.973435882,0.03150269948847268,0.01575134974423634,1,1
55,143,Cs,4.8965,0.0151,154.986717941,309.973435882,0.03159302980958658,0.01579651490479329,1,1
55,144,Cs,4.9055,0.0161,154.986717941,309.973435882,0.03165109930173123,0.015825549650865616,1,1
55,145,Cs,4.9188,0.0191,154.986717941,309.973435882,0.03173691310678944,0.01586845655339472,1,1
55,146,Cs,4.9281,0.0193,154.986717941,309.973435882,0.031796918248672236,0.015898459124336118,1,1
56,120,Ba,4.8092,0.0058,157.8046582672,315.6093165344,0.030475652954787335,0.015237826477393667,1,1
56,121,Ba,4.8176,0.0052,157.8046582672,315.6093165344,0.030528883322586596,0.015264441661293298,1,1
56,122,Ba,4.8153,0.0054,157.8046582672,315.6093165344,0.030514308340927276,0.015257154170463638,1,1
56,123,Ba,4.8135,0.0055,157.8046582672,315.6093165344,0.030502901833541724,0.015251450916770862,1,1
56,124,Ba,4.8185,0.0052,157.8046582672,315.6093165344,0.03053458657627938,0.01526729328813969,1,1
56,125,Ba,4.8177,0.0052,157.8046582672,315.6093165344,0.030529517017441356,0.015264758508720678,1,1
56,126,Ba,4.8221,0.0050,157.8046582672,315.6093165344,0.03055739959105049,0.015278699795525244,1,1
56,127,Ba,4.8204,0.0051,157.8046582672,315.6093165344,0.03054662677851969,0.015273313389259845,1,1
56,128,Ba,4.8255,0.0048,157.8046582672,315.6093165344,0.030578945216112097,0.015289472608056048,1,1
56,129,Ba,4.8248,0.0049,157.8046582672,315.6093165344,0.030574509352128822,0.015287254676064411,1,1
56,130,Ba,4.8283,0.0047,157.8046582672,315.6093165344,0.03059668867204518,0.01529834433602259,1,1
56,131,Ba,4.8276,0.0048,157.8046582672,315.6093165344,0.030592252808061913,0.015296126404030956,1,1
56,132,Ba,4.8303,0.0047,157.8046582672,315.6093165344,0.03060936256914025,0.015304681284570125,1,1
56,133,Ba,4.8286,0.0047,157.8046582672,315.6093165344,0.03059858975660944,0.01529929487830472,1,1
56,134,Ba,4.8322,0.0047,157.8046582672,315.6093165344,0.03062140277138056,0.01531070138569028,1,1
56,135,Ba,4.8294,0.0047,157.8046582672,315.6093165344,0.030603659315447465,0.015301829657723733,1,1
56,136,Ba,4.8334,0.0046,157.8046582672,315.6093165344,0.030629007109637594,0.015314503554818797,1,1
56,137,Ba,4.8314,0.0047,157.8046582672,315.6093165344,0.030616333212542535,0.015308166606271267,1,1
56,138,Ba,4.8378,0.0046,157.8046582672,315.6093165344,0.03065688968324673,0.015328444841623365,1,1
56,139,Ba,4.8513,0.0049,157.8046582672,315.6093165344,0.030742438488638404,0.015371219244319202,1,1
56,140,Ba,4.8684,0.0059,157.8046582672,315.6093165344,0.03085080030880119,0.015425400154400595,1,1
56,141,Ba,4.8807,0.0069,157.8046582672,315.6093165344,0.030928744775935824,0.015464372387967912,1,1
56,142,Ba,4.8953,0.0083,157.8046582672,315.6093165344,0.031021264224729776,0.015510632112364888,1,1
56,143,Ba,4.9087,0.0096,157.8046582672,315.6093165344,0.031106179335266694,0.015553089667633347,1,1
56,144,Ba,4.9236,0.0112,157.8046582672,315.6093165344,0.031200599868624918,0.015600299934312459,1,1
56,145,Ba,4.9345,0.0123,157.8046582672,315.6093165344,0.031269672607793,0.0156348363038965,1,1
56,146,Ba,4.9479,0.0138,157.8046582672,315.6093165344,0.03135458771832992,0.01567729385916496,1,1
56,148,Ba,4.9731,0.0167,157.8046582672,315.6093165344,0.031514278821727706,0.015757139410863853,1,1
57,135,La,4.8488,0.0060,160.6225985934,321.2451971868,0.030187533027492917,0.015093766513746458,1,1
57,137,La,4.8496,0.0053,160.6225985934,321.2451971868,0.030192513646702203,0.015096256823351101,1,1
57,138,La,4.8473,0.0051,160.6225985934,321.2451971868,0.0301781943664755,0.01508909718323775,1,1
57,139,La,4.855,0.0049,160.6225985934,321.2451971868,0.0302261328263649,0.01511306641318245,1,1
58,136,Ce,4.8739,0.0018,163.4405389196,326.8810778392,0.029820630990439766,0.014910315495219883,1,1
58,138,Ce,4.8737,0.0018,163.4405389196,326.8810778392,0.02981940730382369,0.014909703651911846,1,1
58,140,Ce,4.8771,0.0018,163.4405389196,326.8810778392,0.02984020997629697,0.014920104988148485,1,1
58,142,Ce,4.9063,0.0020,163.4405389196,326.8810778392,0.030018868222243915,0.015009434111121957,1,1
58,144,Ce,4.9303,0.0024,163.4405389196,326.8810778392,0.030165710616172917,0.015082855308086458,1,1
58,146,Ce,4.959,0.0028,163.4405389196,326.8810778392,0.030341309645579677,0.015170654822789838,1,1
58,148,Ce,4.9893,0.0035,163.4405389196,326.8810778392,0.03052669816791504,0.01526334908395752,1,1
59,141,Pr,4.8919,0.0050,166.2584792458,332.5169584916,0.029423461721718943,0.014711730860859472,1,1
60,132,Nd,4.9174,0.0026,169.076419572,338.152839144,0.029083890068454875,0.014541945034227437,1,1
60,134,Nd,4.9128,0.0026,169.076419572,338.152839144,0.02905668343602414,0.01452834171801207,1,1
60,135,Nd,4.9086,0.0026,169.076419572,338.152839144,0.02903184259771782,0.01451592129885891,1,1
60,136,Nd,4.9111,0.0026,169.076419572,338.152839144,0.029046628810995394,0.014523314405497697,1,1
60,137,Nd,4.908,0.0026,169.076419572,338.152839144,0.029028293906531204,0.014514146953265602,1,1
60,138,Nd,4.9123,0.0026,169.076419572,338.152839144,0.029053726193368625,0.014526863096684313,1,1
60,139,Nd,4.9076,0.0025,169.076419572,338.152839144,0.02902592811240679,0.014512964056203396,1,1
60,140,Nd,4.9101,0.0026,169.076419572,338.152839144,0.02904071432568436,0.01452035716284218,1,1
60,141,Nd,4.9057,0.0026,169.076419572,338.152839144,0.029014690590315837,0.014507345295157919,1,1
60,142,Nd,4.9123,0.0025,169.076419572,338.152839144,0.029053726193368625,0.014526863096684313,1,1
60,143,Nd,4.9254,0.0026,169.076419572,338.152839144,0.029131205950943106,0.014565602975471553,1,1
60,144,Nd,4.9421,0.0027,169.076419572,338.152839144,0.029229977855637294,0.014614988927818647,1,1
60,145,Nd,4.9535,0.0028,169.076419572,338.152839144,0.02929740298818303,0.014648701494091514,1,1
60,146,Nd,4.9696,0.0030,169.076419572,338.152839144,0.029392626201690596,0.014696313100845298,1,1
60,148,Nd,4.9999,0.0036,169.076419572,338.152839144,0.029571835106614784,0.014785917553307392,1,1
60,150,Nd,5.04,0.0044,169.076419572,338.152839144,0.02980900596758705,0.014904502983793526,1,1
62,138,Sm,4.9599,0.0034,174.7123002244,349.4246004488,0.028388957123393822,0.014194478561696911,1,1
62,139,Sm,4.9556,0.0034,174.7123002244,349.4246004488,0.028364345232905985,0.014182172616452993,1,1
62,140,Sm,4.9565,0.0034,174.7123002244,349.4246004488,0.02836949655882205,0.014184748279411024,1,1
62,141,Sm,4.9517,0.0034,174.7123002244,349.4246004488,0.02834202282060307,0.014171011410301535,1,1
62,142,Sm,4.9518,0.0034,174.7123002244,349.4246004488,0.028342595190149304,0.014171297595074652,1,1
62,143,Sm,4.9479,0.0034,174.7123002244,349.4246004488,0.02832027277784638,0.01416013638892319,1,1
62,144,Sm,4.9524,0.0034,174.7123002244,349.4246004488,0.028346029407426674,0.014173014703713337,1,1
62,145,Sm,4.9651,0.0034,174.7123002244,349.4246004488,0.028418720339797705,0.014209360169898853,1,1
62,146,Sm,4.9808,0.0035,174.7123002244,349.4246004488,0.028508582358555606,0.014254291179277803,1,1
62,147,Sm,4.9892,0.0035,174.7123002244,349.4246004488,0.02855666140043881,0.014278330700219406,1,1
62,148,Sm,5.0042,0.0034,174.7123002244,349.4246004488,0.028642516832373104,0.014321258416186552,1,1
62,149,Sm,5.0134,0.0035,174.7123002244,349.4246004488,0.028695174830626138,0.014347587415313069,1,1
62,150,Sm,5.0387,0.0048,174.7123002244,349.4246004488,0.028839984325821983,0.014419992162910992,1,1
62,151,Sm,5.055,0.0057,174.7123002244,349.4246004488,0.028933280561857247,0.014466640280928623,1,1
62,152,Sm,5.0819,0.0060,174.7123002244,349.4246004488,0.02908724796979275,0.014543623984896375,1,1
62,153,Sm,5.0925,0.0068,174.7123002244,349.4246004488,0.029147919141692985,0.014573959570846493,1,1
62,154,Sm,5.1053,0.0067,174.7123002244,349.4246004488,0.029221182443610248,0.014610591221805124,1,1
63,137,Eu,4.9762,0.0095,177.5302405506,355.0604811012,0.028030154099755608,0.014015077049877804,1,1
63,138,Eu,4.9779,0.0094,177.5302405506,355.0604811012,0.02803972993311632,0.01401986496655816,1,1
63,139,Eu,4.976,0.0093,177.5302405506,355.0604811012,0.028029027531124934,0.014014513765562467,1,1
63,140,Eu,4.9695,0.0091,177.5302405506,355.0604811012,0.02799241405062809,0.013996207025314044,1,1
63,141,Eu,4.9697,0.0091,177.5302405506,355.0604811012,0.027993540619258756,0.013996770309629378,1,1
63,142,Eu,4.9607,0.0091,177.5302405506,355.0604811012,0.02794284503087851,0.013971422515439254,1,1
63,143,Eu,4.9636,0.0091,177.5302405506,355.0604811012,0.027959180276023253,0.013979590138011627,1,1
63,144,Eu,4.9612,0.0091,177.5302405506,355.0604811012,0.027945661452455188,0.013972830726227594,1,1
63,145,Eu,4.9663,0.0091,177.5302405506,355.0604811012,0.027974388952537333,0.013987194476268667,1,1
63,146,Eu,4.9789,0.0092,177.5302405506,355.0604811012,0.028045362776269685,0.014022681388134842,1,1
63,147,Eu,4.9938,0.0094,177.5302405506,355.0604811012,0.028129292139254764,0.014064646069627382,1,1
63,148,Eu,5.0045,0.0097,177.5302405506,355.0604811012,0.028189563560995726,0.014094781780497863,1,1
63,149,Eu,5.0202,0.0103,177.5302405506,355.0604811012,0.028277999198503496,0.014138999599251748,1,1
63,150,Eu,5.0296,0.0108,177.5302405506,355.0604811012,0.028330947924145092,0.014165473962072546,1,1
63,151,Eu,5.0522,0.0046,177.5302405506,355.0604811012,0.028458250179411053,0.014229125089705526,1,1
63,152,Eu,5.1064,0.0066,177.5302405506,355.0604811012,0.028763550278323224,0.014381775139161612,1,1
63,153,Eu,5.1115,0.0062,177.5302405506,355.0604811012,0.02879227777840537,0.014396138889202685,1,1
63,154,Eu,5.1239,0.0079,177.5302405506,355.0604811012,0.028862125033507043,0.014431062516753522,1,1
63,155,Eu,5.1221,0.0069,177.5302405506,355.0604811012,0.02885198591583099,0.014425992957915496,1,1
63,156,Eu,5.1264,0.0071,177.5302405506,355.0604811012,0.02887620714139045,0.014438103570695224,1,1
63,157,Eu,5.1351,0.0075,177.5302405506,355.0604811012,0.02892521287682469,0.014462606438412346,1,1
63,158,Eu,5.1413,0.0078,177.5302405506,355.0604811012,0.02896013650437553,0.014480068252187764,1,1
63,159,Eu,5.1498,0.0084,177.5302405506,355.0604811012,0.029008015671179097,0.014504007835589548,1,1
64,145,Gd,4.9786,0.0077,180.3481808768,360.6963617536,0.027605490533896743,0.013802745266948371,1,1
64,146,Gd,4.9801,0.0140,180.3481808768,360.6963617536,0.02761380777886538,0.01380690388943269,1,1
64,148,Gd,5.008,0.0171,180.3481808768,360.6963617536,0.027768508535281986,0.013884254267640993,1,1
64,150,Gd,5.0342,0.0159,180.3481808768,360.6963617536,0.02791378308073414,0.01395689154036707,1,1
64,152,Gd,5.0774,0.0048,180.3481808768,360.6963617536,0.02815331973583082,0.01407665986791541,1,1
64,154,Gd,5.1223,0.0040,180.3481808768,360.6963617536,0.028402282601891954,0.014201141300945977,1,1
64,155,Gd,5.1319,0.0041,180.3481808768,360.6963617536,0.02845551296969122,0.01422775648484561,1,1
64,156,Gd,5.142,0.0042,180.3481808768,360.6963617536,0.028511515752480027,0.014255757876240014,1,1
64,157,Gd,5.1449,0.0042,180.3481808768,360.6963617536,0.028527595759419384,0.014263797879709692,1,1
64,158,Gd,5.1569,0.0043,180.3481808768,360.6963617536,0.028594133719168465,0.014297066859584233,1,1
64,160,Gd,5.1734,0.0044,180.3481808768,360.6963617536,0.028685623413823445,0.014342811706911722,1,1
65,147,Tb,4.9201,0.1508,183.166121203,366.332242406,0.026861408472733526,0.013430704236366763,1,1
65,148,Tb,4.9291,0.1507,183.166121203,366.332242406,0.026910544196855922,0.013455272098427961,1,1
65,149,Tb,4.9427,0.1506,183.166121203,366.332242406,0.02698479373552977,0.013492396867764885,1,1
65,150,Tb,4.9499,0.1505,183.166121203,366.332242406,0.027024102314827686,0.013512051157413843,1,1
65,151,Tb,4.963,0.1504,183.166121203,366.332242406,0.02709562209105028,0.01354781104552514,1,1
65,152,Tb,4.9689,0.1504,183.166121203,366.332242406,0.027127833287974964,0.013563916643987482,1,1
65,153,Tb,4.995,0.1502,183.166121203,366.332242406,0.027270326887929915,0.013635163443964957,1,1
65,154,Tb,5.0333,0.1501,183.166121203,366.332242406,0.02747942669169522,0.01373971334584761,1,1
65,155,Tb,5.0391,0.1500,183.166121203,366.332242406,0.027511091936129658,0.013755545968064829,1,1
65,157,Tb,5.0489,0.1500,183.166121203,366.332242406,0.02756459528017404,0.01378229764008702,1,1
65,159,Tb,5.06,0.1500,183.166121203,366.332242406,0.027625196006591662,0.013812598003295831,1,1
66,146,Dy,5.0438,0.2389,185.9840615292,371.9681230584,0.02711952819251724,0.01355976409625862,1,1
66,148,Dy,5.0455,0.2389,185.9840615292,371.9681230584,0.02712866876072519,0.013564334380362595,1,1
66,149,Dy,5.0567,0.2394,185.9840615292,371.9681230584,0.027188888974801127,0.013594444487400563,1,1
66,150,Dy,5.0706,0.2413,185.9840615292,371.9681230584,0.02726362656191322,0.01363181328095661,1,1
66,151,Dy,5.0801,0.2435,185.9840615292,371.9681230584,0.0273147062077812,0.0136573531038906,1,1
66,152,Dy,5.095,0.2482,185.9840615292,371.9681230584,0.027394820599721502,0.013697410299860751,1,1
66,153,Dy,5.1035,0.2516,185.9840615292,371.9681230584,0.027440523440761276,0.013720261720380638,1,1
66,154,Dy,5.1241,0.2618,185.9840615292,371.9681230584,0.02755128562022237,0.013775642810111184,1,1
66,155,Dy,5.1457,0.2751,185.9840615292,371.9681230584,0.027667424604511666,0.013833712302255833,1,1
66,156,Dy,5.1622,0.2869,185.9840615292,371.9681230584,0.027756141884177108,0.013878070942088554,1,1
66,157,Dy,5.1709,0.2936,185.9840615292,371.9681230584,0.027802920086182514,0.013901460043091257,1,1
66,158,Dy,5.1815,0.3023,185.9840615292,371.9681230584,0.027859914217361524,0.013929957108680762,1,1
66,159,Dy,5.1825,0.3031,185.9840615292,371.9681230584,0.027865291022189733,0.013932645511094867,1,1
66,160,Dy,5.1951,0.3139,185.9840615292,371.9681230584,0.02793303876302516,0.01396651938151258,1,1
66,161,Dy,5.1962,0.0459,185.9840615292,371.9681230584,0.027938953248336187,0.013969476624168094,1,1
66,162,Dy,5.2074,0.0172,185.9840615292,371.9681230584,0.02799917346241212,0.01399958673120606,1,1
66,163,Dy,5.2099,0.0120,185.9840615292,371.9681230584,0.028012615474482645,0.014006307737241323,1,1
66,164,Dy,5.2218,0.0106,185.9840615292,371.9681230584,0.02807659945193832,0.01403829972596916,1,1
67,151,Ho,5.0398,0.0354,188.8020018554,377.6040037108,0.02669357289897747,0.013346786449488736,1,1
67,152,Ho,5.0614,0.0343,188.8020018554,377.6040037108,0.026807978465590816,0.013403989232795408,1,1
67,153,Ho,5.076,0.0339,188.8020018554,377.6040037108,0.026885308154135014,0.013442654077067507,1,1
67,154,Ho,5.0856,0.0333,188.8020018554,377.6040037108,0.026936155072629836,0.013468077536314918,1,1
67,155,Ho,5.1076,0.0326,188.8020018554,377.6040037108,0.027052679260847125,0.013526339630423562,1,1
67,156,Ho,5.1156,0.0326,188.8020018554,377.6040037108,0.02709505169292614,0.01354752584646307,1,1
67,157,Ho,5.1535,0.0316,188.8020018554,377.6040037108,0.027295791089900476,0.013647895544950238,1,1
67,158,Ho,5.1571,0.0316,188.8020018554,377.6040037108,0.02731485868433603,0.013657429342168015,1,1
67,159,Ho,5.1675,0.0314,188.8020018554,377.6040037108,0.027369942846038754,0.013684971423019377,1,1
67,160,Ho,5.1662,0.0315,188.8020018554,377.6040037108,0.02736305732582591,0.013681528662912956,1,1
67,161,Ho,5.1785,0.0313,188.8020018554,377.6040037108,0.027428204940147395,0.013714102470073698,1,1
67,162,Ho,5.1817,0.0313,188.8020018554,377.6040037108,0.027445153912979005,0.013722576956489502,1,1
67,163,Ho,5.1907,0.0313,188.8020018554,377.6040037108,0.027492822899067893,0.013746411449533947,1,1
67,165,Ho,5.2022,0.0312,188.8020018554,377.6040037108,0.027553733270181482,0.013776866635090741,1,1
68,150,Er,5.0548,0.0254,191.6199421816,383.2398843632,0.026379300308991424,0.013189650154495712,1,1
68,152,Er,5.0843,0.0257,191.6199421816,383.2398843632,0.026533250882528506,0.013266625441264253,1,1
68,154,Er,5.1129,0.0268,191.6199421816,383.2398843632,0.02668250465890683,0.013341252329453416,1,1
68,156,Er,5.1429,0.0285,191.6199421816,383.2398843632,0.02683906456419878,0.01341953228209939,1,1
68,158,Er,5.1761,0.0312,191.6199421816,383.2398843632,0.02701232419272187,0.013506162096360935,1,1
68,160,Er,5.2045,0.0336,191.6199421816,383.2398843632,0.02716053423639825,0.013580267118199126,1,1
68,162,Er,5.2246,0.0040,191.6199421816,383.2398843632,0.027265429372943854,0.013632714686471927,1,1
68,164,Er,5.2389,0.0035,191.6199421816,383.2398843632,0.027340056261133016,0.013670028130566508,1,1
68,166,Er,5.2516,0.0031,191.6199421816,383.2398843632,0.027406333287706607,0.013703166643853303,1,1
68,167,Er,5.256,0.0031,191.6199421816,383.2398843632,0.027429295407149428,0.013714647703574714,1,1
68,168,Er,5.2644,0.0035,191.6199421816,383.2398843632,0.027473132180631174,0.013736566090315587,1,1
68,170,Er,5.2789,0.0041,191.6199421816,383.2398843632,0.027548802801522283,0.013774401400761142,1,1
69,153,Tm,5.0643,0.0190,194.4378825078,388.8757650156,0.026045850400560924,0.013022925200280462,1,1
69,154,Tm,5.0755,0.0166,194.4378825078,388.8757650156,0.02610345234445964,0.01305172617222982,1,1
69,156,Tm,5.0976,0.0135,194.4378825078,388.8757650156,0.026217113323045504,0.013108556661522752,1,1
69,157,Tm,5.114,0.0074,194.4378825078,388.8757650156,0.026301459026611487,0.013150729513305743,1,1
69,158,Tm,5.1235,0.0069,194.4378825078,388.8757650156,0.026350317818311292,0.013175158909155646,1,1
69,159,Tm,5.1392,0.0060,194.4378825078,388.8757650156,0.026431063400383602,0.013215531700191801,1,1
69,160,Tm,5.1504,0.0055,194.4378825078,388.8757650156,0.026488665344282326,0.013244332672141163,1,1
69,161,Tm,5.1616,0.0050,194.4378825078,388.8757650156,0.026546267288181043,0.013273133644090522,1,1
69,162,Tm,5.1713,0.0048,194.4378825078,388.8757650156,0.026596154686021896,0.013298077343010948,1,1
69,163,Tm,5.1849,0.0042,194.4378825078,388.8757650156,0.026666099903613197,0.013333049951806598,1,1
69,164,Tm,5.1906,0.0042,194.4378825078,388.8757650156,0.02669541517863308,0.01334770758931654,1,1
69,165,Tm,5.2004,0.0038,194.4378825078,388.8757650156,0.026745816879544464,0.013372908439772232,1,1
69,166,Tm,5.2046,0.0038,194.4378825078,388.8757650156,0.026767417608506483,0.013383708804253241,1,1
69,167,Tm,5.2129,0.0036,194.4378825078,388.8757650156,0.026810104763359998,0.013405052381679999,1,1
69,168,Tm,5.217,0.0036,194.4378825078,388.8757650156,0.02683119118925149,0.013415595594625745,1,1
69,169,Tm,5.2256,0.0035,194.4378825078,388.8757650156,0.02687542125331658,0.01343771062665829,1,1
69,170,Tm,5.2303,0.0036,194.4378825078,388.8757650156,0.02689959349763122,0.01344979674881561,1,1
69,171,Tm,5.2388,0.0037,194.4378825078,388.8757650156,0.026943309258625786,0.013471654629312893,1,1
69,172,Tm,5.2411,0.0052,194.4378825078,388.8757650156,0.026955138229247843,0.013477569114623921,1,1
70,152,Yb,5.0423,0.0146,197.255822834,394.511645668,0.0255622365289735,0.01278111826448675,1,1
70,154,Yb,5.0875,0.0105,197.255822834,394.511645668,0.02579138058845223,0.012895690294226115,1,1
70,155,Yb,5.104,0.0110,197.255822834,394.511645668,0.02587502830927964,0.01293751415463982,1,1
70,156,Yb,5.1219,0.0103,197.255822834,394.511645668,0.02596577341248029,0.012982886706240145,1,1
70,157,Yb,5.1324,0.0100,197.255822834,394.511645668,0.02601900378027955,0.013009501890139776,1,1
70,158,Yb,5.1498,0.0088,197.255822834,394.511645668,0.026107214104061187,0.013053607052030593,1,1
70,159,Yb,5.1629,0.0084,197.255822834,394.511645668,0.026173625324839314,0.013086812662419657,1,1
70,160,Yb,5.1781,0.0076,197.255822834,394.511645668,0.026250682619177294,0.013125341309588647,1,1
70,161,Yb,5.1889,0.0072,197.255822834,394.511645668,0.026305433854627965,0.013152716927313983,1,1
70,162,Yb,5.2054,0.0067,197.255822834,394.511645668,0.02638908157545538,0.01319454078772769,1,1
70,163,Yb,5.2157,0.0064,197.255822834,394.511645668,0.026441298031487037,0.013220649015743519,1,1
70,164,Yb,5.2307,0.0060,197.255822834,394.511645668,0.02651734141405741,0.013258670707028705,1,1
70,165,Yb,5.2399,0.0058,197.255822834,394.511645668,0.02656398135536724,0.01328199067768362,1,1
70,166,Yb,5.2525,0.0057,197.255822834,394.511645668,0.026627857796726356,0.013313928898363178,1,1
70,167,Yb,5.2621,0.0056,197.255822834,394.511645668,0.026676525561571397,0.013338262780785698,1,1
70,168,Yb,5.2702,0.0056,197.255822834,394.511645668,0.0267175889881594,0.0133587944940797,1,1
70,169,Yb,5.2771,0.0056,197.255822834,394.511645668,0.02675256894414177,0.013376284472070885,1,1
70,170,Yb,5.2853,0.0056,197.255822834,394.511645668,0.026794139326613578,0.013397069663306789,1,1
70,171,Yb,5.2906,0.0057,197.255822834,394.511645668,0.02682100798845511,0.013410503994227555,1,1
70,172,Yb,5.2995,0.0058,197.255822834,394.511645668,0.026866127062113533,0.013433063531056767,1,1
70,173,Yb,5.3046,0.0059,197.255822834,394.511645668,0.02689198181218746,0.01344599090609373,1,1
70,174,Yb,5.3108,0.0060,197.255822834,394.511645668,0.026923413076983215,0.013461706538491608,1,1
70,175,Yb,5.3135,0.0061,197.255822834,394.511645668,0.02693710088584588,0.01346855044292294,1,1
70,176,Yb,5.3215,0.0062,197.255822834,394.511645668,0.026977657356550083,0.013488828678275042,1,1
71,161,Lu,5.2293,0.0320,200.0737631602,400.1475263204,0.026136860312928063,0.013068430156464032,1,1
71,162,Lu,5.2398,0.0317,200.0737631602,400.1475263204,0.026189340957237194,0.013094670478618597,1,1
71,163,Lu,5.2567,0.0312,200.0737631602,400.1475263204,0.026273809803791893,0.013136904901895946,1,1
71,164,Lu,5.2677,0.0310,200.0737631602,400.1475263204,0.02632878952640146,0.01316439476320073,1,1
71,165,Lu,5.283,0.0307,200.0737631602,400.1475263204,0.026405261322394766,0.013202630661197383,1,1
71,166,Lu,5.2972,0.0305,200.0737631602,400.1475263204,0.026476235146127118,0.013238117573063559,1,1
71,167,Lu,5.3108,0.0303,200.0737631602,400.1475263204,0.026544210075898945,0.013272105037949473,1,1
71,168,Lu,5.3227,0.0302,200.0737631602,400.1475263204,0.026603688139449296,0.013301844069724648,1,1
71,169,Lu,5.329,0.0302,200.0737631602,400.1475263204,0.02663517652603477,0.013317588263017386,1,1
71,170,Lu,5.3364,0.0302,200.0737631602,400.1475263204,0.026672162884881213,0.013336081442440606,1,1
71,171,Lu,5.3436,0.0302,200.0737631602,400.1475263204,0.026708149612407472,0.013354074806203736,1,1
71,172,Lu,5.3486,0.0302,200.0737631602,400.1475263204,0.02673314039541182,0.01336657019770591,1,1
71,173,Lu,5.3577,0.0303,200.0737631602,400.1475263204,0.02677862362047974,0.01338931181023987,1,1
71,174,Lu,5.3634,0.0303,200.0737631602,400.1475263204,0.026807113113104693,0.013403556556552346,1,1
71,175,Lu,5.37,0.0304,200.0737631602,400.1475263204,0.02684010094667043,0.013420050473335216,1,1
71,176,Lu,5.3739,0.0304,200.0737631602,400.1475263204,0.026859593757413824,0.013429796878706912,1,1
71,177,Lu,5.3815,0.0305,200.0737631602,400.1475263204,0.026897579747580433,0.013448789873790216,1,1
71,178,Lu,5.3857,0.0306,200.0737631602,400.1475263204,0.026918572005304085,0.013459286002652043,1,1
71,179,Lu,5.3917,0.0307,200.0737631602,400.1475263204,0.026948560944909307,0.013474280472454653,1,1
72,170,Hf,5.2898,0.0055,202.8917034864,405.7834069728,0.02607203699856845,0.013036018499284225,1,1
72,171,Hf,5.3041,0.0049,202.8917034864,405.7834069728,0.02614251794852488,0.01307125897426244,1,1
72,172,Hf,5.3065,0.0043,202.8917034864,405.7834069728,0.026154346919146938,0.013077173459573469,1,1
72,173,Hf,5.314,0.0038,202.8917034864,405.7834069728,0.02619131245234087,0.013095656226170435,1,1
72,174,Hf,5.3201,0.0035,202.8917034864,405.7834069728,0.026221377752671936,0.013110688876335968,1,1
72,175,Hf,5.3191,0.0036,202.8917034864,405.7834069728,0.026216449014912744,0.013108224507456372,1,1
72,176,Hf,5.3286,0.0032,202.8917034864,405.7834069728,0.02626327202362506,0.01313163601181253,1,1
72,177,Hf,5.3309,0.0031,202.8917034864,405.7834069728,0.026274608120471197,0.013137304060235598,1,1
72,178,Hf,5.3371,0.0031,202.8917034864,405.7834069728,0.026305166294578186,0.013152583147289093,1,1
72,179,Hf,5.3408,0.0031,202.8917034864,405.7834069728,0.02632340262428719,0.013161701312143595,1,1
72,180,Hf,5.347,0.0032,202.8917034864,405.7834069728,0.026353960798394176,0.013176980399197088,1,1
72,182,Hf,5.3516,0.0036,202.8917034864,405.7834069728,0.026376632992086455,0.013188316496043228,1,1
73,181,Ta,5.3507,0.0034,205.7096438126,411.4192876252,0.0260109341537456,0.0130054670768728,1,1
74,180,W,5.3491,0.0022,208.5275841388,417.0551682776,0.02565176219775095,0.012825881098875475,1,1
74,182,W,5.3559,0.0017,208.5275841388,417.0551682776,0.025684371792438786,0.012842185896219393,1,1
74,183,W,5.3611,0.0020,208.5275841388,417.0551682776,0.02570930854131772,0.01285465427065886,1,1
74,184,W,5.3658,0.0023,208.5275841388,417.0551682776,0.025731847525881372,0.012865923762940686,1,1
74,186,W,5.3743,0.0026,208.5275841388,417.0551682776,0.025772609519241166,0.012886304759620583,1,1
75,185,Re,5.3596,0.0172,211.345524465,422.69104893,0.02535942037839358,0.01267971018919679,1,1
75,187,Re,5.3698,0.0173,211.345524465,422.69104893,0.025407682578531574,0.012703841289265787,1,1
76,184,Os,5.3823,0.0022,214.1634647912,428.3269295824,0.025131737597015005,0.012565868798507502,1,1
76,186,Os,5.3909,0.0017,214.1634647912,428.3269295824,0.025171893839389888,0.012585946919694944,1,1
76,187,Os,5.3933,0.0018,214.1634647912,428.3269295824,0.025183100232610785,0.012591550116305392,1,1
76,188,Os,5.3993,0.0011,214.1634647912,428.3269295824,0.025211116215663028,0.012605558107831514,1,1
76,189,Os,5.4016,0.0012,214.1634647912,428.3269295824,0.025221855675833054,0.012610927837916527,1,1
76,190,Os,5.4062,0.0013,214.1634647912,428.3269295824,0.025243334596173107,0.012621667298086553,1,1
76,192,Os,5.4126,0.0015,214.1634647912,428.3269295824,0.025273218311428834,0.012636609155714417,1,1
77,182,Ir,5.3705,0.1061,216.9814051174,433.9628102348,0.02475096885419392,0.01237548442709696,1,1
77,183,Ir,5.378,0.1061,216.9814051174,433.9628102348,0.024785534028089543,0.012392767014044771,1,1
77,184,Ir,5.3805,0.1061,216.9814051174,433.9628102348,0.02479705575272142,0.01239852787636071,1,1
77,185,Ir,5.3854,0.1061,216.9814051174,433.9628102348,0.024819638332999893,0.012409819166499947,1,1
77,186,Ir,5.39,0.1061,216.9814051174,433.9628102348,0.02484083830632254,0.01242041915316127,1,1
77,187,Ir,5.3812,0.1061,216.9814051174,433.9628102348,0.024800281835618342,0.012400140917809171,1,1
77,188,Ir,5.3838,0.1061,216.9814051174,433.9628102348,0.024812264429235495,0.012406132214617747,1,1
77,189,Ir,5.3898,0.1061,216.9814051174,433.9628102348,0.024839916568351994,0.012419958284175997,1,1
77,191,Ir,5.3968,0.1061,216.9814051174,433.9628102348,0.024872177397321244,0.012436088698660622,1,1
77,193,Ir,5.4032,0.1061,216.9814051174,433.9628102348,0.024901673012378844,0.012450836506189422,1,1
78,178,Pt,5.3728,0.0066,219.7993454436,439.5986908872,0.024444112830075044,0.012222056415037522,1,1
78,179,Pt,5.3915,0.0050,219.7993454436,439.5986908872,0.024529190426472156,0.012264595213236078,1,1
78,180,Pt,5.3891,0.0049,219.7993454436,439.5986908872,0.02451827137666718,0.01225913568833359,1,1
78,181,Pt,5.3996,0.0041,219.7993454436,439.5986908872,0.024566042219563957,0.012283021109781979,1,1
78,182,Pt,5.3969,0.0041,219.7993454436,439.5986908872,0.024553758288533355,0.012276879144266678,1,1
78,183,Pt,5.4038,0.0036,219.7993454436,439.5986908872,0.024585150556722668,0.012292575278361334,1,1
78,184,Pt,5.4015,0.0036,219.7993454436,439.5986908872,0.02457468646732623,0.012287343233663116,1,1
78,185,Pt,5.4148,0.0028,219.7993454436,439.5986908872,0.02463519620166214,0.01231759810083107,1,1
78,186,Pt,5.4037,0.0036,219.7993454436,439.5986908872,0.024584695596314123,0.012292347798157062,1,1
78,187,Pt,5.4063,0.0037,219.7993454436,439.5986908872,0.024596524566936184,0.012298262283468092,1,1
78,188,Pt,5.4053,0.0034,219.7993454436,439.5986908872,0.024591974962850777,0.012295987481425389,1,1
78,189,Pt,5.406,0.0035,219.7993454436,439.5986908872,0.02459515968571056,0.01229757984285528,1,1
78,190,Pt,5.4108,0.0030,219.7993454436,439.5986908872,0.024616997785320515,0.012308498892660258,1,1
78,191,Pt,5.4102,0.0031,219.7993454436,439.5986908872,0.024614268022869267,0.012307134011434634,1,1
78,192,Pt,5.4169,0.0028,219.7993454436,439.5986908872,0.024644750370241497,0.012322375185120749,1,1
78,193,Pt,5.4191,0.0027,219.7993454436,439.5986908872,0.024654759499229396,0.012327379749614698,1,1
78,194,Pt,5.4236,0.0025,219.7993454436,439.5986908872,0.024675232717613727,0.012337616358806864,1,1
78,195,Pt,5.427,0.0026,219.7993454436,439.5986908872,0.024690701371504108,0.012345350685752054,1,1
78,196,Pt,5.4307,0.0027,219.7993454436,439.5986908872,0.024707534906620116,0.012353767453310058,1,1
78,198,Pt,5.4383,0.0032,219.7993454436,439.5986908872,0.024742111897669207,0.012371055948834603,1,1
79,183,Au,5.4247,0.0043,222.6172857698,445.2345715396,0.02436782921524555,0.012183914607622776,1,1
79,184,Au,5.4306,0.0041,222.6172857698,445.2345715396,0.024394332098791178,0.012197166049395589,1,1
79,185,Au,5.4296,0.0041,222.6172857698,445.2345715396,0.0243898400846309,0.01219492004231545,1,1
79,186,Au,5.4354,0.0039,222.6172857698,445.2345715396,0.024415893766760496,0.012207946883380248,1,1
79,187,Au,5.4018,0.0058,222.6172857698,445.2345715396,0.024264962090975246,0.012132481045487623,1,1
79,188,Au,5.4049,0.0055,222.6172857698,445.2345715396,0.024278887334872098,0.012139443667436049,1,1
79,189,Au,5.4084,0.0052,222.6172857698,445.2345715396,0.024294609384433064,0.012147304692216532,1,1
79,190,Au,5.4109,0.0049,222.6172857698,445.2345715396,0.02430583941983375,0.012152919709916875,1,1
79,191,Au,5.4147,0.0046,222.6172857698,445.2345715396,0.024322909073642797,0.012161454536821398,1,1
79,192,Au,5.4179,0.0044,222.6172857698,445.2345715396,0.02433728351895568,0.01216864175947784,1,1
79,193,Au,5.4221,0.0042,222.6172857698,445.2345715396,0.02435614997842884,0.01217807498921442,1,1
79,194,Au,5.4252,0.0040,222.6172857698,445.2345715396,0.02437007522232569,0.012185037611162845,1,1
79,195,Au,5.4298,0.0040,222.6172857698,445.2345715396,0.024390738487462958,0.012195369243731479,1,1
79,196,Au,5.4332,0.0039,222.6172857698,445.2345715396,0.024406011335607894,0.012203005667803947,1,1
79,197,Au,5.4371,0.0038,222.6172857698,445.2345715396,0.024423530190832966,0.012211765095416483,1,1
79,198,Au,5.44,0.0038,222.6172857698,445.2345715396,0.024436557031897767,0.012218278515948883,1,1
79,199,Au,5.4454,0.0039,222.6172857698,445.2345715396,0.02446081390836325,0.012230406954181625,1,1
80,181,Hg,5.4364,0.0032,225.435226096,450.870452192,0.02411513095865926,0.01205756547932963,1,1
80,182,Hg,5.3833,0.0052,225.435226096,450.870452192,0.023879586581147524,0.011939793290573762,1,1
80,183,Hg,5.4405,0.0031,225.435226096,450.870452192,0.024133318000990677,0.012066659000495339,1,1
80,184,Hg,5.3949,0.0047,225.435226096,450.870452192,0.023931042603353478,0.011965521301676739,1,1
80,185,Hg,5.4397,0.0031,225.435226096,450.870452192,0.02412976930980406,0.01206488465490203,1,1
80,186,Hg,5.4017,0.0043,225.435226096,450.870452192,0.023961206478439728,0.011980603239219864,1,1
80,187,Hg,5.4046,0.0042,225.435226096,450.870452192,0.023974070483991215,0.011987035241995608,1,1
80,188,Hg,5.4085,0.0040,225.435226096,450.870452192,0.023991370353525977,0.011995685176762989,1,1
80,189,Hg,5.41,0.0040,225.435226096,450.870452192,0.023998024149500884,0.011999012074750442,1,1
80,190,Hg,5.4158,0.0037,225.435226096,450.870452192,0.02402375216060386,0.01201187608030193,1,1
80,191,Hg,5.4171,0.0037,225.435226096,450.870452192,0.024029518783782112,0.012014759391891056,1,1
80,192,Hg,5.4232,0.0035,225.435226096,450.870452192,0.02405657755408007,0.012028288777040035,1,1
80,193,Hg,5.4238,0.0035,225.435226096,450.870452192,0.024059239072470037,0.012029619536235018,1,1
80,194,Hg,5.4309,0.0033,225.435226096,450.870452192,0.024090733706751268,0.012045366853375634,1,1
80,195,Hg,5.4345,0.0032,225.435226096,450.870452192,0.024106702817091045,0.012053351408545522,1,1
80,196,Hg,5.4385,0.0031,225.435226096,450.870452192,0.024124446273024135,0.012062223136512068,1,1
80,197,Hg,5.4412,0.0031,225.435226096,450.870452192,0.024136423105778966,0.012068211552889483,1,1
80,198,Hg,5.4463,0.0031,225.435226096,450.870452192,0.024159046012093652,0.012079523006046826,1,1
80,199,Hg,5.4474,0.0031,225.435226096,450.870452192,0.024163925462475252,0.012081962731237626,1,1
80,200,Hg,5.4551,0.0031,225.435226096,450.870452192,0.024198081615146444,0.012099040807573222,1,1
80,201,Hg,5.4581,0.0032,225.435226096,450.870452192,0.02421138920709626,0.01210569460354813,1,1
80,202,Hg,5.4648,0.0033,225.435226096,450.870452192,0.024241109495784185,0.012120554747892092,1,1
80,203,Hg,5.4679,0.0035,225.435226096,450.870452192,0.024254860674132326,0.012127430337066163,1,1
80,204,Hg,5.4744,0.0036,225.435226096,450.870452192,0.024283693790023594,0.012141846895011797,1,1
80,205,Hg,5.4776,0.0038,225.435226096,450.870452192,0.024297888554770063,0.012148944277385032,1,1
80,206,Hg,5.4837,0.0040,225.435226096,450.870452192,0.02432494732506802,0.01216247366253401,1,1
81,188,Tl,5.4017,0.0072,228.2531664222,456.5063328444,0.023665389114508373,0.011832694557254187,1,1
81,190,Tl,5.4121,0.0056,228.2531664222,456.5063328444,0.02371095255690445,0.011855476278452225,1,1
81,191,Tl,5.4169,0.0048,228.2531664222,456.5063328444,0.02373198183801033,0.011865990919005165,1,1
81,192,Tl,5.4191,0.0051,228.2531664222,456.5063328444,0.023741620258517195,0.011870810129258598,1,1
81,193,Tl,5.4243,0.0042,228.2531664222,456.5063328444,0.02376440197971523,0.011882200989857615,1,1
81,194,Tl,5.4259,0.0046,228.2531664222,456.5063328444,0.02377141174008386,0.01188570587004193,1,1
81,195,Tl,5.4325,0.0039,228.2531664222,456.5063328444,0.02380032700160445,0.011900163500802224,1,1
81,196,Tl,5.4327,0.0042,228.2531664222,456.5063328444,0.023801203221650524,0.011900601610825262,1,1
81,197,Tl,5.4388,0.0036,228.2531664222,456.5063328444,0.023827927933055916,0.011913963966527958,1,1
81,198,Tl,5.4396,0.0036,228.2531664222,456.5063328444,0.02383143281324023,0.011915716406620116,1,1
81,199,Tl,5.4479,0.0031,228.2531664222,456.5063328444,0.02386779594515248,0.01193389797257624,1,1
81,200,Tl,5.4491,0.0031,228.2531664222,456.5063328444,0.02387305326542895,0.011936526632714476,1,1
81,201,Tl,5.4573,0.0029,228.2531664222,456.5063328444,0.023908978287318167,0.011954489143659083,1,1
81,202,Tl,5.4595,0.0027,228.2531664222,456.5063328444,0.02391861670782503,0.011959308353912516,1,1
81,203,Tl,5.4666,0.0027,228.2531664222,456.5063328444,0.02394972251946081,0.011974861259730405,1,1
81,204,Tl,5.4704,0.0028,228.2531664222,456.5063328444,0.0239663707003363,0.01198318535016815,1,1
81,205,Tl,5.4759,0.0026,228.2531664222,456.5063328444,0.02399046675160346,0.01199523337580173,1,1
81,207,Tl,5.4853,0.0027,228.2531664222,456.5063328444,0.02403164909376914,0.01201582454688457,1,1
81,208,Tl,5.4946,0.0028,228.2531664222,456.5063328444,0.024072393325911788,0.012036196662955894,1,1
82,182,Pb,5.3788,0.0035,231.0711067484,462.1422134968,0.02327768311533932,0.01163884155766966,1,1
82,183,Pb,5.3869,0.0030,231.0711067484,462.1422134968,0.02331273725998761,0.011656368629993806,1,1
82,184,Pb,5.393,0.0029,231.0711067484,462.1422134968,0.023339136060278303,0.011669568030139152,1,1
82,185,Pb,5.3984,0.0028,231.0711067484,462.1422134968,0.02336250549004383,0.011681252745021915,1,1
82,186,Pb,5.4027,0.0027,231.0711067484,462.1422134968,0.023381114480412683,0.011690557240206342,1,1
82,187,Pb,5.4079,0.0026,231.0711067484,462.1422134968,0.02340361837574245,0.011701809187871224,1,1
82,188,Pb,5.4139,0.0025,231.0711067484,462.1422134968,0.023429584408815263,0.011714792204407631,1,1
82,189,Pb,5.4177,0.0024,231.0711067484,462.1422134968,0.02344602956309471,0.011723014781547355,1,1
82,190,Pb,5.4222,0.0023,231.0711067484,462.1422134968,0.023465504087899318,0.011732752043949659,1,1
82,191,Pb,5.4229,0.0026,231.0711067484,462.1422134968,0.02346853345842448,0.01173426672921224,1,1
82,192,Pb,5.43,0.0025,231.0711067484,462.1422134968,0.02349925993089397,0.011749629965446986,1,1
82,193,Pb,5.431,0.0023,231.0711067484,462.1422134968,0.023503587603072775,0.011751793801536388,1,1
82,194,Pb,5.4372,0.0023,231.0711067484,462.1422134968,0.023530419170581345,0.011765209585290672,1,1
82,195,Pb,5.4389,0.0045,231.0711067484,462.1422134968,0.02353777621328531,0.011768888106642655,1,1
82,196,Pb,5.4444,0.0024,231.0711067484,462.1422134968,0.023561578410268718,0.011780789205134359,1,1
82,197,Pb,5.4446,0.0024,231.0711067484,462.1422134968,0.02356244394470448,0.01178122197235224,1,1
82,198,Pb,5.4524,0.0022,231.0711067484,462.1422134968,0.023596199787699133,0.011798099893849567,1,1
82,199,Pb,5.4529,0.0022,231.0711067484,462.1422134968,0.023598363623788532,0.011799181811894266,1,1
82,200,Pb,5.4611,0.0020,231.0711067484,462.1422134968,0.02363385053565471,0.011816925267827355,1,1
82,201,Pb,5.4629,0.0019,231.0711067484,462.1422134968,0.023641640345576552,0.011820820172788276,1,1
82,202,Pb,5.4705,0.0017,231.0711067484,462.1422134968,0.023674530654135446,0.011837265327067723,1,1
82,203,Pb,5.4727,0.0017,231.0711067484,462.1422134968,0.02368405153292881,0.011842025766464405,1,1
82,204,Pb,5.4803,0.0014,231.0711067484,462.1422134968,0.023716941841487704,0.011858470920743852,1,1
82,205,Pb,5.4828,0.0015,231.0711067484,462.1422134968,0.023727761021934708,0.011863880510967354,1,1
82,206,Pb,5.4902,0.0014,231.0711067484,462.1422134968,0.02375978579605784,0.01187989289802892,1,1
82,207,Pb,5.4943,0.0014,231.0711067484,462.1422134968,0.02377752925199093,0.011888764625995465,1,1
82,208,Pb,5.5012,0.0013,231.0711067484,462.1422134968,0.02380739019002466,0.01190369509501233,1,1
82,209,Pb,5.51,0.0014,231.0711067484,462.1422134968,0.023845473705198118,0.011922736852599059,1,1
82,210,Pb,5.5208,0.0016,231.0711067484,462.1422134968,0.02389221256472918,0.01194610628236459,1,1
82,211,Pb,5.529,0.0017,231.0711067484,462.1422134968,0.023927699476595354,0.011963849738297677,1,1
82,212,Pb,5.5396,0.0019,231.0711067484,462.1422134968,0.023973572801690653,0.011986786400845327,1,1
82,214,Pb,5.5577,0.0023,231.0711067484,462.1422134968,0.024051903668126963,0.012025951834063481,1,1
83,202,Bi,5.484,0.0912,233.8890470746,467.7780941492,0.02344701502097639,0.011723507510488194,1,1
83,203,Bi,5.4911,0.0911,233.8890470746,467.7780941492,0.023477371294982396,0.011738685647491198,1,1
83,204,Bi,5.4934,0.0910,233.8890470746,467.7780941492,0.02348720501754772,0.01174360250877386,1,1
83,205,Bi,5.5008,0.0909,233.8890470746,467.7780941492,0.02351884395101877,0.011759421975509384,1,1
83,206,Bi,5.5034,0.0909,233.8890470746,467.7780941492,0.023529960333049136,0.011764980166524568,1,1
83,207,Bi,5.5103,0.0907,233.8890470746,467.7780941492,0.023559461500745112,0.011779730750372556,1,1
83,208,Bi,5.5147,0.0907,233.8890470746,467.7780941492,0.023578273839565737,0.011789136919782868,1,1
83,209,Bi,5.5211,0.0906,233.8890470746,467.7780941492,0.02360563724148664,0.01180281862074332,1,1
83,210,Bi,5.53,0.0904,233.8890470746,467.7780941492,0.023643689472282903,0.011821844736141451,1,1
83,212,Bi,5.5489,0.0901,233.8890470746,467.7780941492,0.023724497018580575,0.011862248509290288,1,1
83,213,Bi,5.5586,0.0900,233.8890470746,467.7780941492,0.02376596967461695,0.011882984837308475,1,1
84,192,Po,5.522,0.0178,236.7069874008,473.4139748016,0.023328419919645082,0.011664209959822541,1,1
84,194,Po,5.5167,0.0178,236.7069874008,473.4139748016,0.02330602936811047,0.011653014684055236,1,1
84,196,Po,5.5136,0.0178,236.7069874008,473.4139748016,0.023292933007778908,0.011646466503889454,1,1
84,198,Po,5.5146,0.0178,236.7069874008,473.4139748016,0.023297157640143926,0.011648578820071963,1,1
84,200,Po,5.5199,0.0178,236.7069874008,473.4139748016,0.023319548191678537,0.011659774095839268,1,1
84,202,Po,5.5281,0.0177,236.7069874008,473.4139748016,0.023354190177071712,0.011677095088535856,1,1
84,204,Po,5.5378,0.0177,236.7069874008,473.4139748016,0.02339516911101241,0.011697584555506206,1,1
84,205,Po,5.5389,0.0177,236.7069874008,473.4139748016,0.023399816206613935,0.011699908103306967,1,1
84,206,Po,5.548,0.0177,236.7069874008,473.4139748016,0.023438260361135624,0.011719130180567812,1,1
84,207,Po,5.5501,0.0177,236.7069874008,473.4139748016,0.023447132089102166,0.011723566044551083,1,1
84,208,Po,5.5584,0.0176,236.7069874008,473.4139748016,0.02348219653773184,0.01174109826886592,1,1
84,209,Po,5.5628,0.0176,236.7069874008,473.4139748016,0.023500784920137935,0.011750392460068967,1,1
84,210,Po,5.5704,0.0176,236.7069874008,473.4139748016,0.023532892126112093,0.011766446063056046,1,1
84,216,Po,5.6359,0.0174,236.7069874008,473.4139748016,0.02380960554602096,0.01190480277301048,1,1
84,218,Po,5.6558,0.0173,236.7069874008,473.4139748016,0.02389367573008487,0.011946837865042435,1,1
86,202,Rn,5.5521,0.0181,242.3428680532,484.6857361064,0.022910102717696577,0.011455051358848289,1,1
86,204,Rn,5.5568,0.0180,242.3428680532,484.6857361064,0.022929496727669953,0.011464748363834976,1,1
86,205,Rn,5.5569,0.0180,242.3428680532,484.6857361064,0.022929909366180022,0.011464954683090011,1,1
86,206,Rn,5.564,0.0178,242.3428680532,484.6857361064,0.02295920670039512,0.01147960335019756,1,1
86,207,Rn,5.5652,0.0178,242.3428680532,484.6857361064,0.02296415836251598,0.01148207918125799,1,1
86,208,Rn,5.5725,0.0177,242.3428680532,484.6857361064,0.022994280973751224,0.011497140486875612,1,1
86,209,Rn,5.5743,0.0177,242.3428680532,484.6857361064,0.023001708466932516,0.011500854233466258,1,1
86,210,Rn,5.5813,0.0177,242.3428680532,484.6857361064,0.02303059316263754,0.01151529658131877,1,1
86,211,Rn,5.585,0.0176,242.3428680532,484.6857361064,0.0230458607875102,0.0115229303937551,1,1
86,212,Rn,5.5915,0.0176,242.3428680532,484.6857361064,0.023072682290664868,0.011536341145332434,1,1
86,218,Rn,5.654,0.0187,242.3428680532,484.6857361064,0.023330581359459743,0.011665290679729871,1,1
86,219,Rn,5.6648,0.0191,242.3428680532,484.6857361064,0.023375146318547497,0.011687573159273748,1,1
86,220,Rn,5.6731,0.0194,242.3428680532,484.6857361064,0.023409395314883456,0.011704697657441728,1,1
86,221,Rn,5.6834,0.0199,242.3428680532,484.6857361064,0.023451897081420852,0.011725948540710426,1,1
86,222,Rn,5.6915,0.0203,242.3428680532,484.6857361064,0.02348532080073667,0.011742660400368334,1,1
87,207,Fr,5.572,0.0176,245.1608083794,490.3216167588,0.022727939415899706,0.011363969707949853,1,1
87,208,Fr,5.5729,0.0176,245.1608083794,490.3216167588,0.02273161047574793,0.011365805237873965,1,1
87,209,Fr,5.5799,0.0176,245.1608083794,490.3216167588,0.022760163163456346,0.011380081581728173,1,1
87,210,Fr,5.5818,0.0176,245.1608083794,490.3216167588,0.02276791317869149,0.011383956589345745,1,1
87,211,Fr,5.5882,0.0176,245.1608083794,490.3216167588,0.022794018493167752,0.011397009246583876,1,1
87,212,Fr,5.5915,0.0176,245.1608083794,490.3216167588,0.02280747904594458,0.01140373952297229,1,1
87,213,Fr,5.5977,0.0176,245.1608083794,490.3216167588,0.02283276856934346,0.01141638428467173,1,1
87,220,Fr,5.6688,0.0177,245.1608083794,490.3216167588,0.023122782297353237,0.011561391148676619,1,1
87,221,Fr,5.679,0.0177,245.1608083794,490.3216167588,0.023164387642299788,0.011582193821149894,1,1
87,222,Fr,5.689,0.0177,245.1608083794,490.3216167588,0.023205177196168957,0.011602588598084478,1,1
87,223,Fr,5.6951,0.0178,245.1608083794,490.3216167588,0.02323005882402915,0.011615029412014574,1,1
87,224,Fr,5.7061,0.0178,245.1608083794,490.3216167588,0.02327492733328523,0.011637463666642615,1,1
87,225,Fr,5.7112,0.0178,245.1608083794,490.3216167588,0.023295730005758505,0.011647865002879253,1,1
87,226,Fr,5.719,0.0178,245.1608083794,490.3216167588,0.023327545857776456,0.011663772928888228,1,1
87,227,Fr,5.7335,0.0179,245.1608083794,490.3216167588,0.023386690710886747,0.011693345355443373,1,1
87,228,Fr,5.7399,0.0179,245.1608083794,490.3216167588,0.023412796025363013,0.011706398012681507,1,1
88,208,Ra,5.585,0.0183,247.9787487056,495.9574974112,0.022522091224157693,0.011261045612078847,1,1
88,209,Ra,5.5853,0.0182,247.9787487056,495.9574974112,0.022523301005244044,0.011261650502622022,1,1
88,210,Ra,5.5917,0.0180,247.9787487056,495.9574974112,0.022549109668419443,0.011274554834209721,1,1
88,211,Ra,5.5929,0.0179,247.9787487056,495.9574974112,0.02255394879276483,0.011276974396382415,1,1
88,212,Ra,5.5991,0.0177,247.9787487056,495.9574974112,0.022578950935216,0.011289475467608,1,1
88,213,Ra,5.602,0.0177,247.9787487056,495.9574974112,0.02259064548571735,0.011295322742858676,1,1
88,214,Ra,5.6079,0.0177,247.9787487056,495.9574974112,0.022614437847082173,0.011307218923541086,1,1
88,220,Ra,5.6683,0.0215,247.9787487056,495.9574974112,0.02285800710580001,0.011429003552900005,1,1
88,221,Ra,5.6795,0.0228,247.9787487056,495.9574974112,0.02290317226635696,0.01145158613317848,1,1
88,222,Ra,5.6874,0.0239,247.9787487056,495.9574974112,0.022935029834964097,0.011467514917482049,1,1
88,223,Ra,5.6973,0.0253,247.9787487056,495.9574974112,0.022974952610813542,0.011487476305406771,1,1
88,224,Ra,5.7046,0.0263,247.9787487056,495.9574974112,0.023004390617247985,0.011502195308623992,1,1
88,225,Ra,5.715,0.0279,247.9787487056,495.9574974112,0.023046329694908007,0.011523164847454003,1,1
88,226,Ra,5.7211,0.0288,247.9787487056,495.9574974112,0.023070928576997062,0.011535464288498531,1,1
88,227,Ra,5.7283,0.0300,247.9787487056,495.9574974112,0.023099963323069385,0.011549981661534692,1,1
88,228,Ra,5.737,0.0315,247.9787487056,495.9574974112,0.023135046974573446,0.011567523487286723,1,1
88,229,Ra,5.7455,0.0329,247.9787487056,495.9574974112,0.023169324105353273,0.011584662052676636,1,1
88,230,Ra,5.7551,0.0346,247.9787487056,495.9574974112,0.023208037100116374,0.011604018550058187,1,1
88,232,Ra,5.7714,0.0375,247.9787487056,495.9574974112,0.02327376853914122,0.01163688426957061,1,1
90,227,Th,5.7404,0.0165,253.614629358,507.229258716,0.022634340986287926,0.011317170493143963,1,1
90,228,Th,5.7488,0.0152,253.614629358,507.229258716,0.022667462104029687,0.011333731052014843,1,1
90,229,Th,5.7557,0.0143,253.614629358,507.229258716,0.02269466873646042,0.01134733436823021,1,1
90,230,Th,5.767,0.0131,253.614629358,507.229258716,0.02273922452580351,0.011369612262901755,1,1
90,232,Th,5.7848,0.0124,253.614629358,507.229258716,0.022809409751494387,0.011404704875747193,1,1
92,233,U,5.8203,0.0049,259.2505100104,518.5010200208,0.022450486210293337,0.011225243105146668,1,1
92,234,U,5.8291,0.0052,259.2505100104,518.5010200208,0.022484430212947944,0.011242215106473972,1,1
92,235,U,5.8337,0.0041,259.2505100104,518.5010200208,0.02250217366888103,0.011251086834440515,1,1
92,236,U,5.8431,0.0038,259.2505100104,518.5010200208,0.02253843203535299,0.011269216017676494,1,1
92,238,U,5.8571,0.0033,259.2505100104,518.5010200208,0.02259243385775804,0.01129621692887902,1,1
94,238,Pu,5.8535,0.0378,264.8863906628,529.7727813256,0.02209815304347401,0.011049076521737006,1,1
94,239,Pu,5.8601,0.0378,264.8863906628,529.7727813256,0.022123069385848133,0.011061534692924067,1,1
94,240,Pu,5.8701,0.0379,264.8863906628,529.7727813256,0.02216082141974832,0.01108041070987416,1,1
94,241,Pu,5.8748,0.0379,264.8863906628,529.7727813256,0.022178564875681407,0.011089282437840704,1,1
94,242,Pu,5.8823,0.0380,264.8863906628,529.7727813256,0.022206878901106546,0.011103439450553273,1,1
94,244,Pu,5.8948,0.0382,264.8863906628,529.7727813256,0.02225406894348178,0.01112703447174089,1,1
95,241,Am,5.8928,0.0042,267.704330989,535.408661978,0.02201234465736804,0.01100617232868402,1,1
95,243,Am,5.9048,0.0035,267.704330989,535.408661978,0.022057170230251628,0.011028585115125814,1,1
96,242,Cm,5.8285,0.0192,270.5222713152,541.0445426304,0.021545361022083473,0.010772680511041736,1,1
96,244,Cm,5.8429,0.0181,270.5222713152,541.0445426304,0.021598591389882738,0.010799295694941369,1,1
96,245,Cm,5.8475,0.0182,270.5222713152,541.0445426304,0.021615595535151945,0.010807797767575972,1,1
96,246,Cm,5.8562,0.0184,270.5222713152,541.0445426304,0.021647755549030666,0.010823877774515333,1,1
96,248,Cm,5.8687,0.0193,270.5222713152,541.0445426304,0.02169396246552308,0.01084698123276154,1,1
