class,name,host,a_AU,a_err,P_yr,P_err,host_mass_Msun,host_mass_err,v_obs_kms,source,source_id
planet,Mercury,Sun,0.38709927,0,0.240847,0,1.0,0,47.360,JPL_approx_pos+NSSDC_factsheet,planet:Mercury
planet,Venus,Sun,0.72333566,0,0.615197,0,1.0,0,35.020,JPL_approx_pos+NSSDC_factsheet,planet:Venus
planet,Earth,Sun,1.00000261,0,1.000017,0,1.0,0,29.780,JPL_approx_pos+NSSDC_factsheet,planet:Earth
planet,Mars,Sun,1.52371034,0,1.880848,0,1.0,0,24.070,JPL_approx_pos+NSSDC_factsheet,planet:Mars
planet,Jupiter,Sun,5.20288700,0,11.862615,0,1.0,0,13.060,JPL_approx_pos+NSSDC_factsheet,planet:Jupiter
planet,Saturn,Sun,9.53667594,0,29.447498,0,1.0,0,9.680,JPL_approx_pos+NSSDC_factsheet,planet:Saturn
planet,Uranus,Sun,19.18916464,0,84.016846,0,1.0,0,6.800,JPL_approx_pos+NSSDC_factsheet,planet:Uranus
planet,Neptune,Sun,30.06992276,0,164.791320,0,1.0,0,5.430,JPL_approx_pos+NSSDC_factsheet,planet:Neptune
giant_host,HD 87816 b,HD 87816,1.618,0.0003,1.32559,0.0003422,2.41,0.1,36.36,NASA_Exoplanet_Archive_PS,exo:HD_87816_b
giant_host,HIP 67851 b,HIP 67851,0.42,0.0002,0.244298,0.0001643,1.28,0.08,51.21,NASA_Exoplanet_Archive_PS,exo:HIP_67851_b
giant_host,eps Tau b,eps Tau,1.878,0.001,1.60389,0.0008077,2.57,0.21,34.88,NASA_Exoplanet_Archive_PS,exo:eps_Tau_b
giant_host,4 UMa b,4 UMa,0.877,0.0005,0.739959,0.0004517,1.234,0.15,35.3,NASA_Exoplanet_Archive_PS,exo:4_UMa_b
giant_host,HD 59686 A b,HD 59686 A,1.086,0.00065,0.819603,0.0007803,1.9,0.2,39.47,NASA_Exoplanet_Archive_PS,exo:HD_59686_A_b
giant_host,xi Aql b,xi Aql,0.625,0.0005,0.375003,0.000397,1.74,0.245,49.64,NASA_Exoplanet_Archive_PS,exo:xi_Aql_b
giant_host,18 Del b,18 Del,2.476,0.002,2.6909,0.00271,2.1,0.11,27.41,NASA_Exoplanet_Archive_PS,exo:18_Del_b
giant_host,HD 167042 b,HD 167042,1.22,0.001,1.14352,0.00115,1.39,0.18,31.78,NASA_Exoplanet_Archive_PS,exo:HD_167042_b
giant_host,HD 210702 b,HD 210702,1.079,0.001,0.973306,0.001355,1.33,0.195,33.02,NASA_Exoplanet_Archive_PS,exo:HD_210702_b
giant_host,HD 102888 b,HD 102888,1.05,0.001,0.690103,0.0006571,2.42,0.06,45.32,NASA_Exoplanet_Archive_PS,exo:HD_102888_b
giant_host,nu Oph c,nu Oph,5.829,0.006,8.70801,0.01305,2.61,0.445,19.94,NASA_Exoplanet_Archive_PS,exo:nu_Oph_c
giant_host,HD 47366 c,HD 47366,1.84,0.002,1.85498,0.003354,1.81,0.13,29.54,NASA_Exoplanet_Archive_PS,exo:HD_47366_c
giant_host,HD 47366 b,HD 47366,1.207,0.0015,0.985845,0.001355,1.81,0.13,36.47,NASA_Exoplanet_Archive_PS,exo:HD_47366_b
giant_host,75 Cet b,75 Cet,1.912,0.0025,1.90724,0.004134,1.92,0.075,29.86,NASA_Exoplanet_Archive_PS,exo:75_Cet_b
giant_host,HD 145457 b,HD 145457,0.762,0.001,0.482218,0.0005202,1.9,0.3,47.07,NASA_Exoplanet_Archive_PS,exo:HD_145457_b
planet,WASP-77 A b,WASP-77 A,0.0232336,3.7e-08,0.00372356,1.561e-10,0.903,0.0625,185.8,NASA_Exoplanet_Archive_PS,exo:WASP-77_A_b
planet,GJ 876 d,GJ 876,0.0208066,1.5e-07,0.00530535,5.476e-08,0.32,0.03,116.8,NASA_Exoplanet_Archive_PS,exo:GJ_876_d
planet,TOI-908 b,TOI-908,0.041657,2e-06,0.00871675,1.916e-08,0.95,0.01,142.3,NASA_Exoplanet_Archive_PS,exo:TOI-908_b
planet,TOI-4552 b,TOI-4552,0.0056255,3e-07,0.000824368,3.833e-10,0.2619,0.0063,203.3,NASA_Exoplanet_Archive_PS,exo:TOI-4552_b
planet,GJ 876 b,GJ 876,0.208317,2e-05,0.167328,2.355e-05,0.32,0.03,37.08,NASA_Exoplanet_Archive_PS,exo:GJ_876_b
planet,TOI-2015 c,TOI-2015,0.041232,4e-06,0.0152849,1.136e-07,0.3041,0.03325,80.35,NASA_Exoplanet_Archive_PS,exo:TOI-2015_c
planet,61 Vir b,61 Vir,0.050201,5e-06,0.01154,1.643e-06,0.942,0.0315,129.6,NASA_Exoplanet_Archive_PS,exo:61_Vir_b
planet,TOI-2015 b,TOI-2015,0.029322,3e-06,0.00916697,8.898e-08,0.3041,0.03325,95.27,NASA_Exoplanet_Archive_PS,exo:TOI-2015_b
planet,HD 82943 c,HD 82943,0.74345,0.00012,0.602541,0.0001396,1.08,0.1332,36.75,NASA_Exoplanet_Archive_PS,exo:HD_82943_c
planet,TIC 172900988 b,TIC 172900988 Aa,0.90281,0.00016,0.548808,3.012e-05,1.238,0.0007,49,NASA_Exoplanet_Archive_PS,exo:TIC_172900988_b
planet,GJ 876 c,GJ 876,0.12959,2.4e-05,0.0823767,2.245e-05,0.32,0.03,46.86,NASA_Exoplanet_Archive_PS,exo:GJ_876_c
planet,TOI-4562 c,TOI-4562,5.219,0.002,10.924,0.538,1.192,0.057,14.23,NASA_Exoplanet_Archive_PS,exo:TOI-4562_c
planet,61 Vir c,61 Vir,0.2175,0.0001,0.104096,9.309e-05,0.942,0.0315,62.23,NASA_Exoplanet_Archive_PS,exo:61_Vir_c
planet,HD 82943 b,HD 82943,1.18306,0.00062,1.20868,0.0009582,1.08,0.1332,29.15,NASA_Exoplanet_Archive_PS,exo:HD_82943_b
planet,GJ 625 b,GJ 625,0.078361,4.5e-05,0.0400493,3.422e-05,0.3,0.07,58.28,NASA_Exoplanet_Archive_PS,exo:GJ_625_b
planet,Kepler-34 b,Kepler-34,1.0896,0.0009,0.790752,0.0001971,1.048,0.00315,41.04,NASA_Exoplanet_Archive_PS,exo:Kepler-34_b
planet,GJ 896 A b,GJ 896 A,0.63965,0.00067,0.778617,0.004025,0.436,0.00092,24.47,NASA_Exoplanet_Archive_PS,exo:GJ_896_A_b
planet,HD 219134 g,HD 219134,0.3753,0.0004,0.257906,0.0005476,0.794,0.0295,43.34,NASA_Exoplanet_Archive_PS,exo:HD_219134_g
planet,HD 45364 c,HD 45364,0.902,0.001,0.945736,0.00152,0.82,0.05,28.41,NASA_Exoplanet_Archive_PS,exo:HD_45364_c
planet,MASCARA-1 b,MASCARA-1,0.040352,4.75e-05,0.00588302,2.396e-09,1.9,0.0655,204.3,NASA_Exoplanet_Archive_PS,exo:MASCARA-1_b
planet,HATS-72 b,HATS-72,0.066517,8.5e-05,0.0200628,4.381e-09,0.7311,0.0028,98.75,NASA_Exoplanet_Archive_PS,exo:HATS-72_b
planet,Kepler-16 b,Kepler-16,0.7048,0.0011,0.626355,7.803e-05,0.6897,0.00345,33.52,NASA_Exoplanet_Archive_PS,exo:Kepler-16_b
planet,Kepler-35 b,Kepler-35,0.60347,0.00102,0.359912,0.0002491,0.8877,0.0052,49.94,NASA_Exoplanet_Archive_PS,exo:Kepler-35_b
planet,WASP-113 b,WASP-113,0.05885,0.0001,0.0124358,1.15e-08,1.318,0.069,141,NASA_Exoplanet_Archive_PS,exo:WASP-113_b
planet,TOI-1408 b,TOI-1408,0.05778,0.0001,0.0121174,8.214e-08,1.312,0.009,142,NASA_Exoplanet_Archive_PS,exo:TOI-1408_b
planet,HD 73344 b,HD 73344,0.131,0.00025,0.0427406,8.214e-08,1.2,0.02,91.29,NASA_Exoplanet_Archive_PS,exo:HD_73344_b
planet,HD 216520 b,HD 216520,0.198,0.0004,0.0970568,3.012e-05,0.82,0.04,60.76,NASA_Exoplanet_Archive_PS,exo:HD_216520_b
planet,61 Vir d,61 Vir,0.476,0.001,0.336783,0.001506,0.942,0.0315,42.1,NASA_Exoplanet_Archive_PS,exo:61_Vir_d
planet,TOI-1408 c,TOI-1408,0.03587,8e-05,0.00593128,2.738e-07,1.312,0.009,180.1,NASA_Exoplanet_Archive_PS,exo:TOI-1408_c
planet,HD 45364 b,HD 45364,0.6793,0.00155,0.618179,0.002149,0.82,0.05,32.73,NASA_Exoplanet_Archive_PS,exo:HD_45364_b
substellar,90377 Sedna (2003 VB12),Sun,550,0.15,12895.3,5.476,1.0,0,1.27,JPL_SBDB,sbdb:90377
substellar,(2012 VP113),Sun,270,0.28,4435.32,6.845,1.0,0,1.813,JPL_SBDB,sbdb:2012 VP113
substellar,136199 Eris (2003 UB313),Sun,68,0.00025,561.259,0.003285,1.0,0,3.609,JPL_SBDB,sbdb:136199
substellar,136472 Makemake (2005 FY9),Sun,45.5,5.4e-05,306.639,0.0005476,1.0,0,4.42,JPL_SBDB,sbdb:136472
substellar,136108 Haumea (2003 EL61),Sun,43,4.1e-05,281.999,0.0004107,1.0,0,4.542,JPL_SBDB,sbdb:136108
substellar,50000 Quaoar (2002 LM60),Sun,43.1,2.9e-05,284.736,0.0002738,1.0,0,4.509,JPL_SBDB,sbdb:50000
substellar,225088 Gonggong (2007 OR10),Sun,66.9,0.0023,547.57,0.02738,1.0,0,3.639,JPL_SBDB,sbdb:225088
substellar,90482 Orcus (2004 DW),Sun,39.3,2.2e-05,246.68,0.0002053,1.0,0,4.745,JPL_SBDB,sbdb:90482
substellar,120347 Salacia (2004 SB60),Sun,42.1,4.1e-05,273.238,0.0004107,1.0,0,4.589,JPL_SBDB,sbdb:120347
substellar,(2014 UZ224),Sun,110,0.14,1152.64,2.245,1.0,0,2.843,JPL_SBDB,sbdb:2014 UZ224
substellar,541132 Leleakuhonua (2015 TG387),Sun,1420,11,53388.1,629.7,1.0,0,0.7922,JPL_SBDB,sbdb:541132
substellar,(2013 SY99),Sun,840,3.6,24339.5,156.1,1.0,0,1.028,JPL_SBDB,sbdb:2013 SY99
substellar,474640 Alicanto (2004 VN112),Sun,347,1,6461.33,30.12,1.0,0,1.6,JPL_SBDB,sbdb:474640
substellar,(2010 GB174),Sun,357,8.3,6735.11,235.5,1.0,0,1.579,JPL_SBDB,sbdb:2010 GB174
substellar,523622 (2007 TG422),Sun,568,0.32,13525,11.5,1.0,0,1.251,JPL_SBDB,sbdb:523622
substellar,(2013 RF98),Sun,383,1.4,7474.33,41.07,1.0,0,1.526,JPL_SBDB,sbdb:2013 RF98
substellar,307261 Mani (2002 MS4),Sun,41.6,2.9e-05,268.309,0.0002738,1.0,0,4.618,JPL_SBDB,sbdb:307261
substellar,20000 Varuna (2000 WR106),Sun,43.2,2.2e-05,284.736,0.000219,1.0,0,4.519,JPL_SBDB,sbdb:20000
substellar,28978 Ixion (2001 KX76),Sun,39.4,3.2e-05,246.954,0.0003012,1.0,0,4.752,JPL_SBDB,sbdb:28978
substellar,10199 Chariklo (1997 CU26),Sun,15.7,1.1e-06,62.423,6.297e-06,1.0,0,7.491,JPL_SBDB,sbdb:10199
substellar,(2018 VG18),Sun,82,0.027,741.958,0.3559,1.0,0,3.292,JPL_SBDB,sbdb:2018 VG18
substellar,(2014 FE72),Sun,2510,220,125394,1.643e+04,1.0,0,0.5962,JPL_SBDB,sbdb:2014 FE72
substellar,(2015 KG163),Sun,629,3.5,15770,131.4,1.0,0,1.188,JPL_SBDB,sbdb:2015 KG163
substellar,445473 (2010 VZ98),Sun,160,0.01,2020.53,0.1916,1.0,0,2.359,JPL_SBDB,sbdb:445473
