obs_wl_vac(nm)	ritz_wl_vac(nm)	Aki(s^-1)	Acc	Ei(eV)	Ek(eV)	conf_i	term_i	J_i	conf_k	term_k	J_k	g_i	g_k	Type	
"200.060"	"200.06016"	"1.4e+08"	D	"1.03000806"	"7.227354"	"3d4.4s2"	"a 5D"	"4"	"3d4.4s.5p"	"r 5D*"	"4"	9	9		
"209.567"	"209.5593"	"1.2e+06"	C	"0.00000000"	"5.916424"	"3d5.(6S).4s"	"a 7S"	"3"	"3d5.(6S).6p"	"w 7P*"	"4"	7	9		
"209.607"	"209.6069"	"1.1e+06"	C	"0.00000000"	"5.915082"	"3d5.(6S).4s"	"a 7S"	"3"	"3d5.(6S).6p"	"w 7P*"	"3"	7	7		
"209.650"	"209.650"	"1.1e+06"	C	"0.00000000"	"5.91387"	"3d5.(6S).4s"	"a 7S"	"3"	"3d5.(6S).6p"	"w 7P*"	"2"	7	5		
"235.502"	"235.502987"	"8.1e+06"	D	"1.00367492"	"6.26832996"	"3d4.4s2"	"a 5D"	"3"	"3d5.(4D).4p"	"u 5D*"	"4"	7	9		
"236.545"	"236.5454"	"5.3e+06"	C	"0.00000000"	"5.241456"	"3d5.(6S).4s"	"a 7S"	"3"	"3d5.(6S).5p"	"x 7P*"	"4"	7	9		
"236.66417"	"236.66417"	"5.5e+06"	C	"0.00000000"	"5.2388241"	"3d5.(6S).4s"	"a 7S"	"3"	"3d5.(6S).5p"	"x 7P*"	"3"	7	7		
"236.75387"	"236.75388"	"6.9e+06"	C	"0.00000000"	"5.2368392"	"3d5.(6S).4s"	"a 7S"	"3"	"3d5.(6S).5p"	"x 7P*"	"2"	7	5		
"237.579"	"237.578279"	"1.7e+07"	E	"0.98287742"	"6.2015447"	"3d4.4s2"	"a 5D"	"2"	"3d5.(4D).4p"	"s 5F*"	"1"	5	3		
"238.40326"	"238.403348"	"4.1e+07"	D	"1.03000806"	"6.2306145"	"3d4.4s2"	"a 5D"	"4"	"3d5.(4D).4p"	"s 5F*"	"5"	9	11		
"238.645"	"238.6457"	"1.7e+07"	D	"1.03000806"	"6.225333"	"3d4.4s2"	"a 5D"	"4"	"3d5.(4D).4p"	"s 5F*"	"4"	9	9		
"238.994"	"238.994638"	"2.3e+07"	D	"0.96841324"	"6.15615299"	"3d4.4s2"	"a 5D"	"1"	"3d5.(4D).4p"	"x 3F*"	"2"	3	5		
"240.93554"	"240.935671"	"6.7e+07"	D	"1.03000806"	"6.1759542"	"3d4.4s2"	"a 5D"	"4"	"3d5.(4D).4p"	"t 5P*"	"3"	9	7		
"240.945"	"240.948349"	"2.9e+07"	D	"1.00367492"	"6.1493503"	"3d4.4s2"	"a 5D"	"3"	"3d4.(3F1).4s.4p.(3P*)"	"1D*"	"2"	7	5		
"247.98822"	"247.988245"	"9.8e+06"	D	"0.98287742"	"5.9824772"	"3d4.4s2"	"a 5D"	"2"	"3d4.(3F1).4s.4p.(3P*)"	"3D*"	"3"	5	7		
"249.33215"	"249.332163"	"4.5e+07"	C	"0.96841324"	"5.94106486"	"3d4.4s2"	"a 5D"	"1"	"3d5.(4G).4p"	"u 5F*"	"2"	3	5		
"249.58309"	"249.583093"	"2.7e+07"	C	"0.96841324"	"5.9360654"	"3d4.4s2"	"a 5D"	"1"	"3d5.(4G).4p"	"u 5F*"	"1"	3	3		
"249.70585"	"249.705908"	"5.6e+07"	C	"0.98287742"	"5.94808628"	"3d4.4s2"	"a 5D"	"2"	"3d5.(4G).4p"	"u 5F*"	"3"	5	7		
"250.05950"	"250.059522"	"1.6e+07"	E	"0.98287742"	"5.94106486"	"3d4.4s2"	"a 5D"	"2"	"3d5.(4G).4p"	"u 5F*"	"2"	5	5		
"250.32833"	"250.328340"	"2.2e+07"	D	"1.00367492"	"5.95653797"	"3d4.4s2"	"a 5D"	"3"	""	"*"	"4"	7	9		
"250.50609"	"250.506092"	"4.5e+07"	C	"1.00367492"	"5.95302356"	"3d4.4s2"	"a 5D"	"3"	"3d5.(4G).4p"	"u 5F*"	"4"	7	9		
"250.88655"	"250.886540"	"2.1e+07"	D	"0.98287742"	"5.92472080"	"3d4.4s2"	"a 5D"	"2"	"3d5.(4P).4p"	"v 5D*"	"2"	5	5		
"250.97360"	"250.973594"	"3.8e+07"	C	"0.98287742"	"5.92300663"	"3d4.4s2"	"a 5D"	"2"	"3d5.(4P).4p"	"v 5D*"	"1"	5	3		
"251.43777"	"251.437745"	"1.1e+07"	C	"1.00367492"	"5.93468472"	"3d4.4s2"	"a 5D"	"3"	"3d5.(4P).4p"	"v 5D*"	"4"	7	9		
"252.78769"	"252.787711"	"5.3e+07"	E	"1.03000806"	"5.93468472"	"3d4.4s2"	"a 5D"	"4"	"3d5.(4P).4p"	"v 5D*"	"4"	9	9		
"253.97125"	"253.971258"	"1.1e+07"	E	"0.94143042"	"5.82325049"	"3d5.(6S).4s"	"a 5S"	"2"	"3d5.(4P).4p"	"u 5P*"	"2"	5	5		
"254.54735"	"254.547429"	"1.1e+07"	D	"0.94143042"	"5.8122004"	"3d5.(6S).4s"	"a 5S"	"2"	"3d5.(4P).4p"	"u 5P*"	"3"	5	7		
"255.03093"	"255.030920"	"4.8e+07"	D	"0.96841324"	"5.82994917"	"3d4.4s2"	"a 5D"	"1"	"3d5.(4P).4p"	"u 5P*"	"1"	3	3		
"256.14596"	"256.145955"	"4.3e+07"	D	"0.98287742"	"5.82325049"	"3d4.4s2"	"a 5D"	"2"	"3d5.(4P).4p"	"u 5P*"	"2"	5	5		
"257.25128"	"257.251280"	"6.4e+07"	E	"1.00367492"	"5.82325049"	"3d4.4s2"	"a 5D"	"3"	"3d5.(4P).4p"	"u 5P*"	"2"	7	5		
"257.84244"	"257.842447"	"2.6e+07"	D	"1.00367492"	"5.8122004"	"3d4.4s2"	"a 5D"	"3"	"3d5.(4P).4p"	"u 5P*"	"3"	7	7		
"257.99271"	"257.992708"	"1.1e+07"	D	"0.98287742"	"5.78860234"	"3d4.4s2"	"a 5D"	"2"	"3d4.(3G).4s.4p.(3P*)"	"w 5F*"	"3"	5	7		
"258.54309"	"258.543096"	"6.1e+06"	E	"1.03000806"	"5.82550252"	"3d4.4s2"	"a 5D"	"4"	"3d4.(3H).4s.4p.(3P*)"	"z 3G*"	"5"	9	11		
"258.89775"	"258.897753"	"8.8e+06"	E	"1.00367492"	"5.79260016"	"3d4.4s2"	"a 5D"	"3"	"3d4.(3G).4s.4p.(3P*)"	"w 5F*"	"4"	7	9		
"259.26225"	"259.262256"	"6.5e+07"	C	"1.03000806"	"5.8122004"	"3d4.4s2"	"a 5D"	"4"	"3d5.(4P).4p"	"u 5P*"	"3"	9	7		
"260.43477"	"260.434766"	"6.2e+06"	E	"1.03000806"	"5.79067042"	"3d4.4s2"	"a 5D"	"4"	"3d4.(3G).4s.4p.(3P*)"	"w 5F*"	"5"	9	11		
"261.90503"	"261.905018"	"9.5e+06"	E	"0.98287742"	"5.71681492"	"3d4.4s2"	"a 5D"	"2"	"3d5.(4P).4p"	"y 3D*"	"2"	5	5		
"262.12597"	"262.125957"	"1.9e+07"	E	"0.98287742"	"5.71282481"	"3d4.4s2"	"a 5D"	"2"	"3d5.(4P).4p"	"y 3D*"	"1"	5	3		
"262.36496"	"262.364952"	"1.3e+07"	D	"1.03000806"	"5.75564682"	"3d4.4s2"	"a 5D"	"4"	"3d4.(3F1).4s.4p.(3P*)"	"w 5D*"	"4"	9	9		
"262.61055"	"262.610530"	"9.1e+06"	E	"1.00367492"	"5.72489453"	"3d4.4s2"	"a 5D"	"3"	"3d5.(4P).4p"	"y 3D*"	"3"	7	7		
"262.73826"	"262.738245"	"9.3e+06"	E	"1.03000806"	"5.74893273"	"3d4.4s2"	"a 5D"	"4"	"3d4.(3F1).4s.4p.(3P*)"	"w 5D*"	"3"	9	7		
"263.06074"	"263.060717"	"1.0e+07"	E	"1.00367492"	"5.71681492"	"3d4.4s2"	"a 5D"	"3"	"3d5.(4P).4p"	"y 3D*"	"2"	7	5		
"267.01613"	"267.016130"	"1.2e+07"	E	"0.96097009"	"5.60429253"	"3d4.4s2"	"a 5D"	"0"	"3d4.(3F1).4s.4p.(3P*)"	"x 5F*"	"1"	1	3		
"267.27758"	"267.277563"	"1.2e+07"	D	"0.96841324"	"5.60719388"	"3d4.4s2"	"a 5D"	"1"	"3d4.(3F1).4s.4p.(3P*)"	"x 5F*"	"2"	3	5		
"267.44485"	"267.444838"	"1.8e+07"	E	"0.96841324"	"5.60429253"	"3d4.4s2"	"a 5D"	"1"	"3d4.(3F1).4s.4p.(3P*)"	"x 5F*"	"1"	3	3		
"267.89585"	"267.895821"	"1.2e+07"	C	"0.98287742"	"5.61095253"	"3d4.4s2"	"a 5D"	"2"	"3d4.(3F1).4s.4p.(3P*)"	"x 5F*"	"3"	5	7		
"268.11358"	"268.113568"	"1.0e+07"	D	"0.98287742"	"5.60719388"	"3d4.4s2"	"a 5D"	"2"	"3d4.(3F1).4s.4p.(3P*)"	"x 5F*"	"2"	5	5		
"269.10514"	"269.105118"	"8.5e+06"	D	"1.00367492"	"5.61095253"	"3d4.4s2"	"a 5D"	"3"	"3d4.(3F1).4s.4p.(3P*)"	"x 5F*"	"3"	7	7		
"269.73417"	"269.734139"	"1.2e+07"	D	"0.94143042"	"5.5379638"	"3d5.(6S).4s"	"a 5S"	"2"	"3d4.(3P1).4s.4p.(3P*)"	"v 5P*"	"1"	5	3		
"270.13958"	"270.139558"	"7.5e+06"	D	"1.00367492"	"5.59330998"	"3d4.4s2"	"a 5D"	"3"	"3d4.(3P1).4s.4p.(3P*)"	"v 5P*"	"3"	7	7		
"270.27931"	"270.279282"	"2.1e+07"	C	"1.03000806"	"5.61727046"	"3d4.4s2"	"a 5D"	"4"	"3d4.(3F1).4s.4p.(3P*)"	"x 5F*"	"5"	9	11		
"270.42823"	"270.428218"	"6.3e+06"	D	"1.03000806"	"5.61474406"	"3d4.4s2"	"a 5D"	"4"	"3d4.(3F1).4s.4p.(3P*)"	"x 5F*"	"4"	9	9		
"271.69845"	"271.698434"	"1.1e+07"	C	"1.03000806"	"5.59330998"	"3d4.4s2"	"a 5D"	"4"	"3d4.(3P1).4s.4p.(3P*)"	"v 5P*"	"3"	9	7		
"272.73214"	"272.731982"	"7.5e+07"	C	"0.94143042"	"5.4874392"	"3d5.(6S).4s"	"a 5S"	"2"	"3d5.(6S).5p"	"w 5P*"	"3"	5	7		
"273.27174"	"273.271724"	"7.8e+07"	C	"0.94143042"	"5.47846032"	"3d5.(6S).4s"	"a 5S"	"2"	"3d5.(6S).5p"	"w 5P*"	"2"	5	5		
"273.72838"	"273.728377"	"7.5e+07"	D	"0.94143042"	"5.47089133"	"3d5.(6S).4s"	"a 5S"	"2"	"3d5.(6S).5p"	"w 5P*"	"1"	5	3		
"275.24143"	"275.241420"	"6.9e+06"	D	"0.98287742"	"5.4874392"	"3d4.4s2"	"a 5D"	"2"	"3d5.(6S).5p"	"w 5P*"	"3"	5	7		
"275.36881"	"275.368799"	"8.7e+07"	D	"0.96841324"	"5.47089133"	"3d4.4s2"	"a 5D"	"1"	"3d5.(6S).5p"	"w 5P*"	"1"	3	3		
"275.79117"	"275.791151"	"6.8e+07"	C	"0.98287742"	"5.47846032"	"3d4.4s2"	"a 5D"	"2"	"3d5.(6S).5p"	"w 5P*"	"2"	5	5		
"276.25629"	"276.256270"	"6.8e+07"	D	"0.98287742"	"5.47089133"	"3d4.4s2"	"a 5D"	"2"	"3d5.(6S).5p"	"w 5P*"	"1"	5	3		
"276.51811"	"276.518101"	"3.7e+07"	D	"1.00367492"	"5.4874392"	"3d4.4s2"	"a 5D"	"3"	"3d5.(6S).5p"	"w 5P*"	"3"	7	7		
"277.07297"	"277.072949"	"1.1e+08"	C	"1.00367492"	"5.47846032"	"3d4.4s2"	"a 5D"	"3"	"3d5.(6S).5p"	"w 5P*"	"2"	7	5		
"278.1520"	"278.151685"	"1.4e+08"	C	"1.03000806"	"5.4874392"	"3d4.4s2"	"a 5D"	"4"	"3d5.(6S).5p"	"w 5P*"	"3"	9	7		
"287.24750"	"287.247499"	"1.2e+07"	D	"1.00367492"	"5.31995962"	"3d4.4s2"	"a 5D"	"3"	"3d4.(3P1).4s.4p.(3P*)"	"x 5D*"	"4"	7	9		
"288.01167"	"288.011658"	"2.1e+07"	D	"0.98287742"	"5.28771005"	"3d4.4s2"	"a 5D"	"2"	"3d4.(3P1).4s.4p.(3P*)"	"x 5D*"	"3"	5	7		
"288.78392"	"288.78388"	"2.7e+07"	D	"0.96841324"	"5.2617345"	"3d4.4s2"	"a 5D"	"1"	"3d4.(3P1).4s.4p.(3P*)"	"x 5D*"	"2"	3	5		
"289.01074"	"289.010719"	"6.6e+07"	C	"1.03000806"	"5.31995962"	"3d4.4s2"	"a 5D"	"4"	"3d4.(3P1).4s.4p.(3P*)"	"x 5D*"	"4"	9	9		
"289.40987"	"289.409855"	"5.2e+07"	C	"1.00367492"	"5.28771005"	"3d4.4s2"	"a 5D"	"3"	"3d4.(3P1).4s.4p.(3P*)"	"x 5D*"	"3"	7	7		
"289.50185"	"289.501837"	"3.3e+07"	D	"0.96097009"	"5.24364408"	"3d4.4s2"	"a 5D"	"0"	"3d4.(3P1).4s.4p.(3P*)"	"x 5D*"	"1"	1	3		
"289.76002"	"289.76008"	"3.0e+07"	C	"0.98287742"	"5.2617345"	"3d4.4s2"	"a 5D"	"2"	"3d4.(3P1).4s.4p.(3P*)"	"x 5D*"	"2"	5	5		
"290.00583"	"290.005857"	"1.5e+07"	D	"0.96841324"	"5.24364408"	"3d4.4s2"	"a 5D"	"1"	"3d4.(3P1).4s.4p.(3P*)"	"x 5D*"	"1"	3	3		
"290.63396"	"290.633959"	"1.3e+08"	D	"0.96841324"	"5.2344047"	"3d4.4s2"	"a 5D"	"1"	"3d4.(3P1).4s.4p.(3P*)"	"x 5D*"	"0"	3	1		
"290.99037"	"290.990351"	"6.8e+07"	C	"0.98287742"	"5.24364408"	"3d4.4s2"	"a 5D"	"2"	"3d4.(3P1).4s.4p.(3P*)"	"x 5D*"	"1"	5	3		
"291.17538"	"291.17535"	"3.4e+07"	D	"1.00367492"	"5.2617345"	"3d4.4s2"	"a 5D"	"3"	"3d4.(3P1).4s.4p.(3P*)"	"x 5D*"	"2"	7	5		
"291.19981"	"291.199804"	"2.6e+07"	D	"1.03000806"	"5.28771005"	"3d4.4s2"	"a 5D"	"4"	"3d4.(3P1).4s.4p.(3P*)"	"x 5D*"	"3"	9	7		
"296.85093"	"296.850883"	"3.9e+07"	D	"1.00367492"	"5.18032406"	"3d4.4s2"	"a 5D"	"3"	"3d4.(5D).4s.4p.(1P*)"	"y 5D*"	"4"	7	9		
"297.19754"	"297.197505"	"7.1e+07"	C	"0.98287742"	"5.15465532"	"3d4.4s2"	"a 5D"	"2"	"3d4.(5D).4s.4p.(1P*)"	"y 5D*"	"3"	5	7		
"297.63498"	"297.634952"	"8.9e+07"	C	"0.96841324"	"5.13405969"	"3d4.4s2"	"a 5D"	"1"	"3d4.(5D).4s.4p.(1P*)"	"y 5D*"	"2"	3	5		
"298.16598"	"298.165980"	"5.10e+07"	B	"0.96097009"	"5.11919762"	"3d4.4s2"	"a 5D"	"0"	"3d4.(5D).4s.4p.(1P*)"	"y 5D*"	"1"	1	3		
"298.95192"	"298.951893"	"5.2e+07"	C	"0.94143042"	"5.08872640"	"3d5.(6S).4s"	"a 5S"	"2"	"3d4.(5D).4s.4p.(1P*)"	"x 5P*"	"3"	5	7		
"299.27601"	"299.276008"	"3.0e+08"	D	"0.96841324"	"5.11121771"	"3d4.4s2"	"a 5D"	"1"	"3d4.(5D).4s.4p.(1P*)"	"y 5D*"	"0"	3	1		
"299.49410"	"299.494082"	"2.5e+07"	E	"0.94143042"	"5.08121834"	"3d5.(6S).4s"	"a 5S"	"2"	"3d4.(5D).4s.4p.(1P*)"	"x 5P*"	"2"	5	5		
"299.59752"	"299.597537"	"4.3e+07"	D	"0.94143042"	"5.07978882"	"3d5.(6S).4s"	"a 5S"	"2"	"3d4.(5D).4s.4p.(1P*)"	"y 5F*"	"2"	5	5		
"299.74546"	"299.745166"	"2.0e+08"	C	"0.98287742"	"5.11919762"	"3d4.4s2"	"a 5D"	"2"	"3d4.(5D).4s.4p.(1P*)"	"y 5D*"	"1"	5	3		
"299.96588"	"299.965870"	"4.07e+07"	B	"0.94143042"	"5.07470726"	"3d5.(6S).4s"	"a 5S"	"2"	"3d4.(5D).4s.4p.(1P*)"	"x 5P*"	"1"	5	3		
"300.1762"	"300.175905"	"1.6e+08"	C	"1.00367492"	"5.13405969"	"3d4.4s2"	"a 5D"	"3"	"3d4.(5D).4s.4p.(1P*)"	"y 5D*"	"2"	7	5		
"300.59372"	"300.593458"	"9.2e+07"	C	"1.03000806"	"5.15465532"	"3d4.4s2"	"a 5D"	"4"	"3d4.(5D).4s.4p.(1P*)"	"y 5D*"	"3"	9	7		
"301.45901"	"301.458968"	"8.3e+07"	C	"0.96841324"	"5.08121834"	"3d4.4s2"	"a 5D"	"1"	"3d4.(5D).4s.4p.(1P*)"	"x 5P*"	"2"	3	5		
"301.6075"	"301.60752"	"1.63e+08"	B	"0.96097009"	"5.0717494"	"3d4.4s2"	"a 5D"	"0"	"3d4.(5D).4s.4p.(1P*)"	"y 5F*"	"1"	1	3		
"302.15473"	"302.15462"	"1.5e+08"	D	"0.96841324"	"5.0717494"	"3d4.4s2"	"a 5D"	"1"	"3d4.(5D).4s.4p.(1P*)"	"y 5F*"	"1"	3	3		
"302.2439"	"302.24382"	"2.91e+08"	B	"1.03000806"	"5.1321332"	"3d4.4s2"	"a 5D"	"4"	"3d4.(5D).4s.4p.(1P*)"	"y 5F*"	"5"	9	11		
"302.5231"	"302.522901"	"1.27e+08"	B	"0.98287742"	"5.08121834"	"3d4.4s2"	"a 5D"	"2"	"3d4.(5D).4s.4p.(1P*)"	"x 5P*"	"2"	5	5		
"303.00429"	"303.004287"	"3.8e+07"	E	"0.98287742"	"5.07470726"	"3d4.4s2"	"a 5D"	"2"	"3d4.(5D).4s.4p.(1P*)"	"x 5P*"	"1"	5	3		
"303.1127"	"303.11266"	"1.1e+08"	C	"1.00367492"	"5.0940418"	"3d4.4s2"	"a 5D"	"3"	"3d4.(5D).4s.4p.(1P*)"	"y 5F*"	"3"	7	7		
"303.22340"	"303.22347"	"3.1e+07"	E	"0.98287742"	"5.0717494"	"3d4.4s2"	"a 5D"	"2"	"3d4.(5D).4s.4p.(1P*)"	"y 5F*"	"1"	5	3		
"303.50707"	"303.507065"	"3.5e+07"	D	"1.00367492"	"5.08872640"	"3d4.4s2"	"a 5D"	"3"	"3d4.(5D).4s.4p.(1P*)"	"x 5P*"	"3"	7	7		
"303.79286"	"303.792845"	"5.4e+07"	C	"1.03000806"	"5.11121670"	"3d4.4s2"	"a 5D"	"4"	"3d4.(5D).4s.4p.(1P*)"	"y 5F*"	"4"	9	9		
"304.17252"	"304.172557"	"7.4e+07"	D	"1.00367492"	"5.07978882"	"3d4.4s2"	"a 5D"	"3"	"3d4.(5D).4s.4p.(1P*)"	"y 5F*"	"2"	7	5		
"305.47660"	"305.476232"	"7.97e+07"	B	"1.03000806"	"5.08872640"	"3d4.4s2"	"a 5D"	"4"	"3d4.(5D).4s.4p.(1P*)"	"x 5P*"	"3"	9	7		
"314.93601"	"314.93605"	"5.6e+07"	B	"2.96741996"	"6.9042255"	"3d4.4s2"	"a 3H"	"4"	"3d5.(2I).4p"	"x 3I*"	"5"	9	11		
"315.60669"	"315.606738"	"5.7e+07"	B	"2.98256889"	"6.9110084"	"3d4.4s2"	"a 3H"	"5"	"3d5.(2I).4p"	"x 3I*"	"6"	11	13		
"316.1532"	"316.15261"	"2.7e+06"	D	"2.98256889"	"6.9042255"	"3d4.4s2"	"a 3H"	"5"	"3d5.(2I).4p"	"x 3I*"	"5"	11	11		
"316.46747"	"316.467524"	"6.0e+07"	B	"3.00044215"	"6.9181964"	"3d4.4s2"	"a 3H"	"6"	"3d5.(2I).4p"	"x 3I*"	"7"	13	15		
"317.0495"	"317.049220"	"2.2e+06"	E	"3.00044215"	"6.9110084"	"3d4.4s2"	"a 3H"	"6"	"3d5.(2I).4p"	"x 3I*"	"6"	13	13		
"323.86567"	"323.86570"	"1.3e+08"	D	"2.96741996"	"6.7956796"	"3d4.4s2"	"a 3H"	"4"	"3d5.(4G).5p"	"v 3H*"	"4"	9	9		
"323.9022"	"323.9011"	"2.0e+07"	D	"2.98256889"	"6.810410"	"3d4.4s2"	"a 3H"	"5"	"3d5.(4G).5p"	"v 3H*"	"5"	11	11		
"335.29266"	"335.292662"	"1.2e+05"	B	"0.00000000"	"3.69779039"	"3d5.(6S).4s"	"a 7S"	"3"	"3d4.(5D).4s.4p.(3P*)"	"y 5P*"	"3"	7	7		
"338.01402"	"338.014030"	"9.9e+04"	C+	"0.00000000"	"3.66801930"	"3d5.(6S).4s"	"a 7S"	"3"	"3d4.(5D).4s.4p.(3P*)"	"y 5P*"	"2"	7	5		
"357.97254"	"357.970777"	"1.48e+08"	B	"0.00000000"	"3.46352849"	"3d5.(6S).4s"	"a 7S"	"3"	"3d4.(5D).4s.4p.(3P*)"	"y 7P*"	"4"	7	9		
"359.45275"	"359.451079"	"1.50e+08"	B	"0.00000000"	"3.44926489"	"3d5.(6S).4s"	"a 7S"	"3"	"3d4.(5D).4s.4p.(3P*)"	"y 7P*"	"3"	7	7		
"360.63731"	"360.635730"	"1.62e+08"	B	"0.00000000"	"3.43793441"	"3d5.(6S).4s"	"a 7S"	"3"	"3d4.(5D).4s.4p.(3P*)"	"y 7P*"	"2"	7	5		
"361.66763"	"361.667629"	"5.1e+04"	C	"0.00000000"	"3.42812540"	"3d5.(6S).4s"	"a 7S"	"3"	"3d4.(5D).4s.4p.(3P*)"	"z 7D*"	"4"	7	9		
"363.63147"	"363.631472"	"1.5e+04"	C	"0.00000000"	"3.40961132"	"3d5.(6S).4s"	"a 7S"	"3"	"3d4.(5D).4s.4p.(3P*)"	"z 7D*"	"3"	7	7		
"364.08330"	"364.08339"	"1.8e+08"	D	"2.54410014"	"5.9494793"	"3d5.(4G).4s"	"a 5G"	"6"	"3d5.(4G).4p"	"u 5F*"	"5"	13	11		
"373.18628"	"373.186281"	"1.6e+05"	C+	"0.00000000"	"3.32231395"	"3d5.(6S).4s"	"a 7S"	"3"	"3d5.(6S).4p"	"z 5P*"	"2"	7	5		
"373.30894"	"373.308948"	"1.6e+05"	C+	"0.00000000"	"3.32122225"	"3d5.(6S).4s"	"a 7S"	"3"	"3d5.(6S).4p"	"z 5P*"	"3"	7	7		
"374.49458"	"374.494574"	"7.61e+07"	B	"2.54410014"	"5.85480762"	"3d5.(4G).4s"	"a 5G"	"6"	"3d4.(3H).4s.4p.(3P*)"	"x 5G*"	"6"	13	13		
"374.55556"	"374.55557"	"5.01e+06"	B	"2.54463928"	"5.85480762"	"3d5.(4G).4s"	"a 5G"	"5"	"3d4.(3H).4s.4p.(3P*)"	"x 5G*"	"6"	11	13		
"375.82372"	"375.823726"	"6.16e+06"	B	"2.54383615"	"5.84283485"	"3d5.(4G).4s"	"a 5G"	"2"	"3d4.(3H).4s.4p.(3P*)"	"x 5G*"	"3"	5	7		
"375.87290"	"375.872895"	"4.13e+07"	B	"2.54426770"	"5.84283485"	"3d5.(4G).4s"	"a 5G"	"3"	"3d4.(3H).4s.4p.(3P*)"	"x 5G*"	"3"	7	7		
"375.91142"	"375.911413"	"1.16e+07"	B	"2.54460569"	"5.84283485"	"3d5.(4G).4s"	"a 5G"	"4"	"3d4.(3H).4s.4p.(3P*)"	"x 5G*"	"3"	9	7		
"376.93089"	"376.930890"	"5.10e+07"	B	"2.54383615"	"5.83314465"	"3d5.(4G).4s"	"a 5G"	"2"	"3d4.(3H).4s.4p.(3P*)"	"x 5G*"	"2"	5	5		
"376.98034"	"376.980349"	"1.19e+07"	B	"2.54426770"	"5.83314465"	"3d5.(4G).4s"	"a 5G"	"3"	"3d4.(3H).4s.4p.(3P*)"	"x 5G*"	"2"	7	5		
"380.58784"	"380.587856"	"6.9e+07"	D	"3.01062753"	"6.26832996"	"3d5.(4D).4s"	"b 5D"	"4"	"3d5.(4D).4p"	"u 5D*"	"4"	9	9		
"385.06251"	"385.062507"	"2.3e+06"	E	"0.98287742"	"4.20272344"	"3d4.4s2"	"a 5D"	"2"	"3d4.(5D).4s.4p.(3P*)"	"z 3P*"	"1"	5	3		
"385.33042"	"385.330423"	"7.0e+06"	E	"0.96841324"	"4.18602054"	"3d4.4s2"	"a 5D"	"1"	"3d4.(5D).4s.4p.(3P*)"	"z 3P*"	"0"	3	1		
"388.43874"	"388.438723"	"3.9e+06"	C	"0.98287742"	"4.17473732"	"3d4.4s2"	"a 5D"	"2"	"3d4.(5D).4s.4p.(3P*)"	"z 5D*"	"3"	5	7		
"388.63147"	"388.631457"	"3.9e+06"	C	"0.96841324"	"4.15869020"	"3d4.4s2"	"a 5D"	"1"	"3d4.(5D).4s.4p.(3P*)"	"z 5D*"	"2"	3	5		
"388.78967"	"388.789652"	"2.2e+06"	C	"1.00367492"	"4.19265380"	"3d4.4s2"	"a 5D"	"3"	"3d4.(5D).4s.4p.(3P*)"	"z 5D*"	"4"	7	9		
"389.51371"	"389.513699"	"3.9e+06"	C	"0.96097009"	"4.14402113"	"3d4.4s2"	"a 5D"	"0"	"3d4.(5D).4s.4p.(3P*)"	"z 5D*"	"1"	1	3		
"390.40148"	"390.401472"	"3.5e+06"	D	"0.98287742"	"4.15869020"	"3d4.4s2"	"a 5D"	"2"	"3d4.(5D).4s.4p.(3P*)"	"z 5D*"	"2"	5	5		
"390.42668"	"390.426660"	"1.8e+06"	D	"0.96841324"	"4.14402113"	"3d4.4s2"	"a 5D"	"1"	"3d4.(5D).4s.4p.(3P*)"	"z 5D*"	"1"	3	3		
"390.98633"	"390.986310"	"6.2e+06"	C	"1.00367492"	"4.17473732"	"3d4.4s2"	"a 5D"	"3"	"3d4.(5D).4s.4p.(3P*)"	"z 5D*"	"3"	7	7		
"391.73477"	"391.734760"	"9.7e+06"	C	"0.96841324"	"4.13341698"	"3d4.4s2"	"a 5D"	"1"	"3d4.(5D).4s.4p.(3P*)"	"z 5D*"	"0"	3	1		
"392.02685"	"392.026831"	"9.2e+06"	C	"1.03000806"	"4.19265380"	"3d4.4s2"	"a 5D"	"4"	"3d4.(5D).4s.4p.(3P*)"	"z 5D*"	"4"	9	9		
"392.21311"	"392.213103"	"5.8e+06"	C	"0.98287742"	"4.14402113"	"3d4.4s2"	"a 5D"	"2"	"3d4.(5D).4s.4p.(3P*)"	"z 5D*"	"1"	5	3		
"392.97497"	"392.974955"	"5.2e+06"	C	"1.00367492"	"4.15869020"	"3d4.4s2"	"a 5D"	"3"	"3d4.(5D).4s.4p.(3P*)"	"z 5D*"	"2"	7	5		
"394.26033"	"394.260327"	"2.8e+06"	C	"1.03000806"	"4.17473732"	"3d4.4s2"	"a 5D"	"4"	"3d4.(5D).4s.4p.(3P*)"	"z 5D*"	"3"	9	7		
"396.48054"	"396.48054"	"1.3e+08"	D	"2.54410014"	"5.67121951"	"3d5.(4G).4s"	"a 5G"	"6"	"3d5.(4G).4p"	"y 5H*"	"7"	13	15		
"397.08658"	"397.086560"	"1.2e+08"	D	"2.54463928"	"5.66698616"	"3d5.(4G).4s"	"a 5G"	"5"	"3d5.(4G).4p"	"y 5H*"	"6"	11	13		
"397.71388"	"397.713839"	"2.3e+05"	D	"2.54410014"	"5.66152243"	"3d5.(4G).4s"	"a 5G"	"6"	"3d5.(4G).4p"	"y 5H*"	"5"	13	11		
"398.23574"	"398.235752"	"1.1e+07"	D	"2.70991379"	"5.82325049"	"3d5.(4P).4s"	"a 5P"	"1"	"3d5.(4P).4p"	"u 5P*"	"2"	3	5		
"398.50257"	"398.502563"	"1.05e+08"	C	"2.54426770"	"5.65551992"	"3d5.(4G).4s"	"a 5G"	"3"	"3d5.(4G).4p"	"y 5H*"	"4"	7	9		
"399.22421"	"399.22421"	"1.07e+08"	B	"2.54383615"	"5.64946442"	"3d5.(4G).4s"	"a 5G"	"2"	"3d5.(4G).4p"	"y 5H*"	"3"	5	7		
"400.25685"	"400.25688"	"6.8e+07"	D	"3.89035912"	"6.9879748"	"3d5.(4F).4s"	"a 5F"	"4"	"3d5.(4F).4p"	"v 5G*"	"5"	9	11		
"404.02318"	"404.02310"	"6.7e+07"	B	"3.84945609"	"6.9181964"	"3d5.(2I).4s"	"a 3I"	"7"	"3d5.(2I).4p"	"x 3I*"	"7"	15	15		
"404.04365"	"404.04364"	"6.0e+06"	D	"3.84961210"	"6.9181964"	"3d5.(2I).4s"	"a 3I"	"6"	"3d5.(2I).4p"	"x 3I*"	"7"	13	15		
"404.33845"	"404.338468"	"8.8e+05"	D	"2.54460569"	"5.61095253"	"3d5.(4G).4s"	"a 5G"	"4"	"3d4.(3F1).4s.4p.(3P*)"	"x 5F*"	"3"	9	7		
"404.99234"	"404.99232"	"6.4e+07"	B	"3.84961210"	"6.9110084"	"3d5.(2I).4s"	"a 3I"	"6"	"3d5.(2I).4p"	"x 3I*"	"6"	13	13		
"405.09178"	"405.09177"	"5.6e+06"	D	"3.85036371"	"6.9110084"	"3d5.(2I).4s"	"a 3I"	"5"	"3d5.(2I).4p"	"x 3I*"	"6"	11	13		
"405.11660"	"405.11670"	"1.2e+06"	D	"2.54383615"	"5.60429253"	"3d5.(4G).4s"	"a 5G"	"2"	"3d4.(3F1).4s.4p.(3P*)"	"x 5F*"	"1"	5	3		
"405.898"	"405.89162"	"7.2e+05"	D	"3.84961210"	"6.9042255"	"3d5.(2I).4s"	"a 3I"	"6"	"3d5.(2I).4p"	"x 3I*"	"5"	13	11		
"405.99156"	"405.99152"	"6.7e+07"	B	"3.85036371"	"6.9042255"	"3d5.(2I).4s"	"a 3I"	"5"	"3d5.(2I).4p"	"x 3I*"	"5"	11	11		
"406.68517"	"406.68517"	"3.5e+07"	D	"4.1055150"	"7.1541681"	"3d5.(2F1).4s"	"b 3F"	"4"	"3d5.(2F1).4p"	"t 3G*"	"5"	9	11		
"408.28841"	"408.288435"	"1.2e+06"	D	"2.70991379"	"5.74659540"	"3d5.(4P).4s"	"a 5P"	"1"	"3d4.(3F1).4s.4p.(3P*)"	"w 5D*"	"2"	3	5		
"409.87991"	"409.87995"	"5.3e+06"	D	"2.88945207"	"5.9143426"	"3d5.(6S).4p"	"z 7P*"	"2"	"3d5.(6S).5d"	"g 7D"	"3"	5	7		
"411.07344"	"411.073439"	"3.1e+06"	D	"2.70878630"	"5.72489453"	"3d5.(4P).4s"	"a 5P"	"2"	"3d5.(4P).4p"	"y 3D*"	"3"	5	7		
"411.25106"	"411.25104"	"1.2e+07"	D	"2.89953685"	"5.9143426"	"3d5.(6S).4p"	"z 7P*"	"3"	"3d5.(6S).5d"	"g 7D"	"3"	7	7		
"412.76762"	"412.76760"	"6.71e+06"	B	"2.54410014"	"5.5478291"	"3d5.(4G).4s"	"a 5G"	"6"	"3d4.(3F1).4s.4p.(3P*)"	"y 5G*"	"6"	13	13		
"416.66892"	"416.66896"	"7.5e+07"	D	"4.4490806"	"7.4246850"	"3d5.(2H).4s"	"b 3H"	"5"	"3d4.(3H).4s.4p.(1P*)"	"w 3I*"	"6"	11	13		
"420.47733"	"420.47733"	"5.7e+06"	D	"2.54383615"	"5.49248971"	"3d5.(4G).4s"	"a 5G"	"2"	"3d4.(3F1).4s.4p.(3P*)"	"y 5G*"	"2"	5	5		
"420.56495"	"420.56495"	"3.1e+07"	D	"3.9795577"	"6.9275970"	"3d4.4s2"	"a 1I"	"6"	"3d4.(1I).4s.4p.(3P*)"	"u 3H*"	"5"	13	11		
"421.27136"	"421.27126"	"7.1e+05"	D	"2.98256889"	"5.9256654"	"3d4.4s2"	"a 3H"	"5"	"3d4.(3G).4s.4p.(3P*)"	"x 5H*"	"5"	11	11		
"421.43622"	"421.43621"	"7.9e+06"	D	"3.07899825"	"6.0209429"	"3d5.(4G).4s"	"a 3G"	"3"	""	"x 3G*"	"4"	7	9		
"422.39173"	"422.391670"	"5.6e+06"	D	"3.01279642"	"5.94808628"	"3d5.(4D).4s"	"b 5D"	"2"	"3d5.(4G).4p"	"u 5F*"	"3"	5	7		
"423.16621"	"423.16618"	"5.1e+06"	D	"3.01114742"	"5.94106486"	"3d5.(4D).4s"	"b 5D"	"1"	"3d5.(4G).4p"	"u 5F*"	"2"	3	5		
"423.3425"	"423.3455"	"1.7e+07"	D	"4.2074798"	"7.136156"	"3d4.4s2"	"c 3D"	"2"	"3d5.(2F1).4p"	"t 3G*"	"3"	5	7		
"423.57080"	"423.57074"	"2.2e+06"	D	"3.12159404"	"6.04871307"	"3d4.4s2"	"a 3F"	"4"	""	"x 3G*"	"5"	9	11		
"423.71906"	"423.71909"	"6.6e+06"	D	"3.00997115"	"5.9360654"	"3d5.(4D).4s"	"b 5D"	"0"	"3d5.(4G).4p"	"u 5F*"	"1"	1	3		
"423.88951"	"423.88949"	"4.0e+06"	D	"3.01114742"	"5.9360654"	"3d5.(4D).4s"	"b 5D"	"1"	"3d5.(4G).4p"	"u 5F*"	"1"	3	3		
"424.01427"	"424.014272"	"7.4e+06"	D	"3.01062753"	"5.93468472"	"3d5.(4D).4s"	"b 5D"	"4"	"3d5.(4P).4p"	"v 5D*"	"4"	9	9		
"424.40252"	"424.402140"	"1.8e+06"	D	"3.01329987"	"5.93468472"	"3d5.(4D).4s"	"b 5D"	"3"	"3d5.(4P).4p"	"v 5D*"	"4"	7	9		
"424.95262"	"424.952647"	"2.8e+06"	D	"3.01062753"	"5.92822786"	"3d5.(4D).4s"	"b 5D"	"4"	"3d5.(4P).4p"	"v 5D*"	"3"	9	7		
"425.34220"	"425.342234"	"5.1e+06"	D	"3.01329987"	"5.92822786"	"3d5.(4D).4s"	"b 5D"	"3"	"3d5.(4P).4p"	"v 5D*"	"3"	7	7		
"425.55493"	"425.553363"	"3.15e+07"	B	"0.00000000"	"2.91348182"	"3d5.(6S).4s"	"a 7S"	"3"	"3d5.(6S).4p"	"z 7P*"	"4"	7	9		
"425.66974"	"425.66973"	"6.1e+06"	D	"3.00044215"	"5.91312747"	"3d4.4s2"	"a 3H"	"6"	"3d4.(3H).4s.4p.(3P*)"	"z 3I*"	"7"	13	15		
"425.85460"	"425.854597"	"2.9e+06"	D	"3.01329987"	"5.92472080"	"3d5.(4D).4s"	"b 5D"	"3"	"3d5.(4P).4p"	"v 5D*"	"2"	7	5		
"426.25365"	"426.25365"	"6.6e+06"	D	"2.91348182"	"5.82217714"	"3d5.(6S).4p"	"z 7P*"	"4"	"3d4.4s.5s"	"f 7D"	"5"	9	11		
"426.28133"	"426.28132"	"6.4e+06"	D	"3.12159404"	"6.03010050"	"3d4.4s2"	"a 3F"	"4"	"3d4.(3F1).4s.4p.(3P*)"	"3F*"	"3"	9	7		
"426.35634"	"426.35633"	"2.4e+06"	D	"3.07899825"	"5.98699306"	"3d5.(4G).4s"	"a 3G"	"3"	"3d4.(3H).4s.4p.(3P*)"	"y 3H*"	"4"	7	9		
"426.43381"	"426.43382"	"6.4e+07"	D	"3.84945609"	"6.7569225"	"3d5.(2I).4s"	"a 3I"	"7"	"3d5.(2I).4p"	"z 3K*"	"8"	15	17		
"426.99888"	"426.99890"	"1.7e+07"	D	"3.9795577"	"6.8831764"	"3d4.4s2"	"a 1I"	"6"	"3d5.(2I).4p"	"y 1I*"	"6"	13	13		
"427.11522"	"427.11521"	"3.2e+06"	D	"3.08689206"	"5.98972002"	"3d5.(4G).4s"	"a 3G"	"4"	"3d4.(3H).4s.4p.(3P*)"	"y 3H*"	"5"	9	11		
"427.22637"	"427.22635"	"5.3e+06"	D	"3.10437812"	"6.00645098"	"3d5.(4G).4s"	"a 3G"	"5"	"3d4.(3H).4s.4p.(3P*)"	"y 3H*"	"6"	11	13		
"427.41056"	"427.41050"	"4.7e+06"	D	"2.89953685"	"5.80035930"	"3d5.(6S).4p"	"z 7P*"	"3"	"3d4.4s.5s"	"f 7D"	"4"	7	9		
"427.60147"	"427.600009"	"3.07e+07"	B	"0.00000000"	"2.89953685"	"3d5.(6S).4s"	"a 7S"	"3"	"3d5.(6S).4p"	"z 7P*"	"3"	7	7		
"427.718"	"427.71734"	"2.2e+07"	D	"3.87826474"	"6.7770062"	"3d4.(5D).4s.4p.(3P*)"	"z 5F*"	"5"	""	"e 5F"	"5"	11	11		
"428.16079"	"428.16078"	"4.7e+07"	D	"3.84961210"	"6.7453514"	"3d5.(2I).4s"	"a 3I"	"6"	"3d5.(2I).4p"	"z 3K*"	"7"	13	15		
"428.209"	"428.20883"	"1.9e+06"	D	"3.42162179"	"6.31703615"	"3d4.4s2"	"b 3G"	"3"	"3d4.(3G).4s.4p.(3P*)"	"w 3F*"	"3"	7	7		
"428.4209"	"428.41954"	"8.8e+06"	D	"4.2073736"	"7.1013640"	"3d4.4s2"	"c 3D"	"3"	"3d4.(3D).4s.4p.(3P*)"	"t 3F*"	"3"	7	7		
"428.977"	"428.97579"	"2.8e+06"	D	"3.0922396"	"5.9824772"	"3d4.4s2"	"a 3F"	"2"	"3d4.(3F1).4s.4p.(3P*)"	"3D*"	"3"	5	7		
"429.09376"	"429.09242"	"3.16e+07"	B	"0.00000000"	"2.88945207"	"3d5.(6S).4s"	"a 7S"	"3"	"3d5.(6S).4p"	"z 7P*"	"2"	7	5		
"429.31657"	"429.31655"	"2.4e+07"	D	"3.42162179"	"6.3095654"	"3d4.4s2"	"b 3G"	"3"	"3d4.(3G).4s.4p.(3P*)"	"w 3F*"	"2"	7	5		
"429.47506"	"429.475096"	"2.5e+06"	D	"2.91348182"	"5.80035930"	"3d5.(6S).4p"	"z 7P*"	"4"	"3d4.4s.5s"	"f 7D"	"4"	9	9		
"429.732"	"429.72885"	"8.9e+06"	D	"4.6163561"	"7.5015289"	"3d5.(2G2).4s"	"c 3G"	"5"	"3d5.(2G1).4p"	"s 3G*"	"4"	11	9		
"429.74846"	"429.74850"	"3.2e+06"	D	"3.0922396"	"5.9772804"	"3d4.4s2"	"a 3F"	"2"	"3d4.(3F1).4s.4p.(3P*)"	"3D*"	"1"	5	3		
"429.78217"	"429.78214"	"2.8e+06"	D	"3.84961210"	"6.7344271"	"3d5.(2I).4s"	"a 3I"	"6"	"3d5.(2I).4p"	"z 3K*"	"6"	13	13		
"429.82554"	"429.825552"	"4.8e+06"	D	"2.70878630"	"5.59330998"	"3d5.(4P).4s"	"a 5P"	"2"	"3d4.(3P1).4s.4p.(3P*)"	"v 5P*"	"3"	5	7		
"429.89415"	"429.89415"	"4.9e+07"	D	"3.85036371"	"6.7344271"	"3d5.(2I).4s"	"a 3I"	"5"	"3d5.(2I).4p"	"z 3K*"	"6"	11	13		
"429.9257"	"429.92446"	"2.6e+07"	D	"4.6176689"	"7.5015289"	"3d5.(2G2).4s"	"c 3G"	"4"	"3d5.(2G1).4p"	"s 3G*"	"4"	9	9		
"430.09110"	"430.091085"	"6.1e+06"	D	"2.89953685"	"5.78227967"	"3d5.(6S).4p"	"z 7P*"	"3"	"3d4.4s.5s"	"f 7D"	"3"	7	7		
"430.17122"	"430.17121"	"1.9e+07"	D	"3.43483025"	"6.31703615"	"3d4.4s2"	"b 3G"	"4"	"3d4.(3G).4s.4p.(3P*)"	"w 3F*"	"3"	9	7		
"430.23843"	"430.23843"	"2.6e+07"	D	"3.44884096"	"6.33059653"	"3d4.4s2"	"b 3G"	"5"	"3d4.(3G).4s.4p.(3P*)"	"w 3F*"	"4"	11	9		
"430.3994"	"430.39455"	"2.5e+07"	D	"4.6163561"	"7.4970663"	"3d5.(2G2).4s"	"c 3G"	"5"	"3d5.(2G1).4p"	"s 3G*"	"5"	11	11		
"430.66489"	"430.664777"	"7.6e+06"	D	"2.88945207"	"5.76835475"	"3d5.(6S).4p"	"z 7P*"	"2"	"3d4.4s.5s"	"f 7D"	"2"	5	5		
"430.88779"	"430.88800"	"8.2e+06"	D	"4.6163561"	"7.4937674"	"3d5.(2G2).4s"	"c 3G"	"5"	"3d5.(2H).4p"	"x 1I*"	"6"	11	13		
"431.094"	"431.0929"	"1.7e+07"	D	"4.2074798"	"7.083523"	"3d4.4s2"	"c 3D"	"2"	"3d4.(1S1).4s.4p.(3P*)"	"u 3P*"	"1"	5	3		
"431.36803"	"431.36804"	"1.7e+06"	D	"3.11278390"	"5.98699306"	"3d4.4s2"	"a 3F"	"3"	"3d4.(3H).4s.4p.(3P*)"	"y 3H*"	"4"	7	9		
"431.9115"	"431.9116"	"1.1e+07"	D	"4.2073736"	"7.077966"	"3d4.4s2"	"c 3D"	"3"	"3d4.(1S1).4s.4p.(3P*)"	"u 3P*"	"2"	7	5		
"432.08443"	"432.08441"	"1.8e+07"	D	"2.88945207"	"5.75889602"	"3d5.(6S).4p"	"z 7P*"	"2"	"3d4.4s.5s"	"f 7D"	"1"	5	3		
"432.24514"	"432.24507"	"3.4e+06"	D	"2.87187333"	"5.74025070"	"3d4.4s2"	"a 3P"	"0"	"3d4.(3F1).4s.4p.(3P*)"	"w 5D*"	"1"	1	3		
"432.28298"	"432.28296"	"1.7e+06"	D	"3.12159404"	"5.98972002"	"3d4.4s2"	"a 3F"	"4"	"3d4.(3H).4s.4p.(3P*)"	"y 3H*"	"5"	9	11		
"432.62775"	"432.627746"	"1.4e+07"	D	"2.96741996"	"5.83326016"	"3d4.4s2"	"a 3H"	"4"	"3d5.(4G).4p"	"y 3G*"	"3"	9	7		
"432.68426"	"432.68415"	"2.8e+06"	D	"3.11278390"	"5.9782505"	"3d4.4s2"	"a 3F"	"3"	"3d4.(3F1).4s.4p.(3P*)"	"3D*"	"2"	7	5		
"433.198"	"433.19816"	"1.4e+06"	D	"3.07899825"	"5.94106486"	"3d5.(4G).4s"	"a 3G"	"3"	"3d5.(4G).4p"	"u 5F*"	"2"	7	5		
"433.37739"	"433.37735"	"2.1e+06"	D	"3.12159404"	"5.9824772"	"3d4.4s2"	"a 3F"	"4"	"3d4.(3F1).4s.4p.(3P*)"	"3D*"	"3"	9	7		
"433.847"	"433.8388"	"2.0e+07"	D	"4.2074798"	"7.065320"	"3d4.4s2"	"c 3D"	"2"	"3d4.(3F1).4s.4p.(1P*)"	"3G*"	"3"	5	7		
"433.87765"	"433.877651"	"5.48e+06"	B	"0.96841324"	"3.82599758"	"3d4.4s2"	"a 5D"	"1"	"3d4.(5D).4s.4p.(3P*)"	"z 5F*"	"2"	3	5		
"433.99918"	"433.99920"	"7.0e+06"	D	"3.37521461"	"6.23199865"	"3d5.(4P).4s"	"b 3P"	"2"	"3d5.(4D).4p"	"w 3D*"	"3"	5	7		
"434.06663"	"434.066608"	"6.92e+06"	B	"0.98287742"	"3.83921781"	"3d4.4s2"	"a 5D"	"2"	"3d4.(5D).4s.4p.(3P*)"	"z 5F*"	"3"	5	7		
"434.09306"	"434.093058"	"4.40e+06"	B	"0.96097009"	"3.81713644"	"3d4.4s2"	"a 5D"	"0"	"3d4.(5D).4s.4p.(3P*)"	"z 5F*"	"1"	1	3		
"434.13479"	"434.13479"	"1.2e+07"	D	"2.70791527"	"5.56380704"	"3d5.(4P).4s"	"a 5P"	"3"	"3d4.(3P1).4s.4p.(3P*)"	"v 5P*"	"2"	7	5		
"434.26724"	"434.26724"	"6.4e+05"	E	"2.70878630"	"5.56380704"	"3d5.(4P).4s"	"a 5P"	"2"	"3d4.(3P1).4s.4p.(3P*)"	"v 5P*"	"2"	5	5		
"434.43880"	"434.43881"	"3.6e+06"	D	"2.70991379"	"5.56380704"	"3d5.(4P).4s"	"a 5P"	"1"	"3d4.(3P1).4s.4p.(3P*)"	"v 5P*"	"2"	3	5		
"434.57229"	"434.572261"	"1.1e+07"	C	"1.00367492"	"3.85669178"	"3d4.4s2"	"a 5D"	"3"	"3d4.(5D).4s.4p.(3P*)"	"z 5F*"	"4"	7	9		
"434.62962"	"434.62985"	"9.8e+06"	D	"3.36940787"	"6.2220467"	"3d5.(4P).4s"	"b 3P"	"1"	"3d5.(4D).4p"	"w 3D*"	"2"	3	5		
"434.80404"	"434.804031"	"9.0e+06"	D	"2.98256889"	"5.83406495"	"3d4.4s2"	"a 3H"	"5"	"3d5.(4G).4p"	"y 3G*"	"4"	11	9		
"434.8713"	"434.87203"	"1.9e+06"	D	"2.98716595"	"5.8382162"	"3d4.4s2"	"a 3P"	"2"	"3d4.(3P1).4s.4p.(3P*)"	"z 3S*"	"1"	5	3		
"435.22725"	"435.227256"	"4.18e+06"	B	"0.96841324"	"3.81713644"	"3d4.4s2"	"a 5D"	"1"	"3d4.(5D).4s.4p.(3P*)"	"z 5F*"	"1"	3	3		
"435.29857"	"435.298543"	"1.2e+07"	C	"1.03000806"	"3.87826474"	"3d4.4s2"	"a 5D"	"4"	"3d4.(5D).4s.4p.(3P*)"	"z 5F*"	"5"	9	11		
"435.51628"	"435.51637"	"1.3e+07"	D	"3.37521461"	"6.2220467"	"3d5.(4P).4s"	"b 3P"	"2"	"3d5.(4D).4p"	"w 3D*"	"2"	5	5		
"435.79800"	"435.79799"	"2.2e+06"	D	"3.01062753"	"5.85561994"	"3d5.(4D).4s"	"b 5D"	"4"	"3d4.(3H).4s.4p.(3P*)"	"x 5G*"	"5"	9	11		
"435.87448"	"435.87447"	"6.8e+06"	D	"3.36779583"	"6.21228906"	"3d5.(4P).4s"	"b 3P"	"0"	"3d5.(4D).4p"	"w 3D*"	"1"	1	3		
"436.08499"	"436.084975"	"5.4e+06"	C	"0.98287742"	"3.82599758"	"3d4.4s2"	"a 5D"	"2"	"3d4.(5D).4s.4p.(3P*)"	"z 5F*"	"2"	5	5		
"436.41783"	"436.41787"	"3.2e+06"	D	"2.87187333"	"5.71282481"	"3d4.4s2"	"a 3P"	"0"	"3d5.(4P).4p"	"y 3D*"	"1"	1	3		
"436.43552"	"436.435525"	"1.6e+07"	D	"2.96741996"	"5.80825650"	"3d4.4s2"	"a 3H"	"4"	"3d4.(3H).4s.4p.(3P*)"	"z 3G*"	"3"	9	7		
"436.94818"	"436.94819"	"2.1e+06"	D	"3.01329987"	"5.8508033"	"3d5.(4D).4s"	"b 5D"	"3"	"3d4.(3H).4s.4p.(3P*)"	"x 5G*"	"4"	7	9		
"437.01426"	"437.01426"	"5.8e+06"	D	"3.37521461"	"6.21228906"	"3d5.(4P).4s"	"b 3P"	"2"	"3d5.(4D).4p"	"w 3D*"	"1"	5	3		
"437.19910"	"437.19898"	"2.5e+06"	D	"3.9795577"	"6.8154335"	"3d4.4s2"	"a 1I"	"6"	"3d5.(2I).4p"	"z 1K*"	"7"	13	15		
"437.210"	"437.2114"	"5.0e+06"	D	"3.85036371"	"6.686159"	"3d5.(2I).4s"	"a 3I"	"5"	"3d3.(4F).4s2.4p"	"v 3G*"	"4"	11	9		
"437.25032"	"437.250303"	"4.1e+06"	C	"1.00367492"	"3.83921781"	"3d4.4s2"	"a 5D"	"3"	"3d4.(5D).4s.4p.(3P*)"	"z 5F*"	"3"	7	7		
"437.44838"	"437.448368"	"5.24e+05"	B	"0.98287742"	"3.81713644"	"3d4.4s2"	"a 5D"	"2"	"3d4.(5D).4s.4p.(3P*)"	"z 5F*"	"1"	5	3		
"437.48752"	"437.48763"	"2.8e+07"	D	"4.4473700"	"7.2813746"	"3d5.(2H).4s"	"b 3H"	"4"	"3d5.(2H).4p"	"t 3H*"	"4"	9	9		
"437.53828"	"437.538270"	"1.03e+07"	C	"3.00044215"	"5.83411881"	"3d4.4s2"	"a 3H"	"6"	"3d5.(4G).4p"	"y 3G*"	"5"	13	11		
"437.65597"	"437.655957"	"7.2e+06"	D	"2.98256889"	"5.81548356"	"3d4.4s2"	"a 3H"	"5"	"3d4.(3H).4s.4p.(3P*)"	"z 3G*"	"4"	11	9		
"437.80251"	"437.80244"	"3.2e+07"	D	"4.4552365"	"7.28720337"	"3d5.(2H).4s"	"b 3H"	"6"	"3d5.(2H).4p"	"t 3H*"	"6"	13	13		
"437.87741"	"437.877378"	"3.3e+06"	D	"2.91511324"	"5.74659540"	"3d4.4s2"	"a 3P"	"1"	"3d4.(3F1).4s.4p.(3P*)"	"w 5D*"	"2"	3	5		
"438.10069"	"438.10076"	"1.9e+06"	D	"3.01279642"	"5.84283485"	"3d5.(4D).4s"	"b 5D"	"2"	"3d4.(3H).4s.4p.(3P*)"	"x 5G*"	"3"	5	7		
"438.23407"	"438.23407"	"1.0e+07"	D	"2.70878630"	"5.5379638"	"3d5.(4P).4s"	"a 5P"	"2"	"3d4.(3P1).4s.4p.(3P*)"	"v 5P*"	"1"	5	3		
"438.40863"	"438.40878"	"3.0e+06"	D	"2.70991379"	"5.5379638"	"3d5.(4P).4s"	"a 5P"	"1"	"3d4.(3P1).4s.4p.(3P*)"	"v 5P*"	"1"	3	3		
"438.62071"	"438.620698"	"2.7e+06"	D	"1.03000806"	"3.85669178"	"3d4.4s2"	"a 5D"	"4"	"3d4.(5D).4s.4p.(3P*)"	"z 5F*"	"4"	9	9		
"438.86075"	"438.860764"	"5.4e+06"	D	"2.91511324"	"5.74025070"	"3d4.4s2"	"a 3P"	"1"	"3d4.(3F1).4s.4p.(3P*)"	"w 5D*"	"1"	3	3		
"439.29847"	"439.298455"	"2.88e+05"	B	"1.00367492"	"3.82599758"	"3d4.4s2"	"a 5D"	"3"	"3d4.(5D).4s.4p.(3P*)"	"z 5F*"	"2"	7	5		
"439.47611"	"439.47601"	"7.e+05"	E	"2.96741996"	"5.78860234"	"3d4.4s2"	"a 3H"	"4"	"3d4.(3G).4s.4p.(3P*)"	"w 5F*"	"3"	9	7		
"439.84718"	"439.84717"	"1.0e+07"	D	"3.01114742"	"5.82994917"	"3d5.(4D).4s"	"b 5D"	"1"	"3d5.(4P).4p"	"u 5P*"	"1"	3	3		
"440.10470"	"440.10464"	"9.8e+06"	D	"3.01279642"	"5.82994917"	"3d5.(4D).4s"	"b 5D"	"2"	"3d5.(4P).4p"	"u 5P*"	"1"	5	3		
"441.15364"	"441.153619"	"6.7e+06"	D	"3.01279642"	"5.82325049"	"3d5.(4D).4s"	"b 5D"	"2"	"3d5.(4P).4p"	"u 5P*"	"2"	5	5		
"441.22002"	"441.219995"	"2.3e+06"	D	"2.98256889"	"5.79260016"	"3d4.4s2"	"a 3H"	"5"	"3d4.(3G).4s.4p.(3P*)"	"w 5F*"	"4"	11	9		
"441.23267"	"441.232659"	"1.3e+07"	D	"3.01329987"	"5.82325049"	"3d5.(4D).4s"	"b 5D"	"3"	"3d5.(4P).4p"	"u 5P*"	"2"	7	5		
"441.34902"	"441.349026"	"9.86e+04"	B	"1.03000806"	"3.83921781"	"3d4.4s2"	"a 5D"	"4"	"3d4.(5D).4s.4p.(3P*)"	"z 5F*"	"3"	9	7		
"441.4235"	"441.42340"	"9.7e+06"	D	"4.7780523"	"7.5867887"	"3d5.(2H).4s"	"a 1H"	"5"	"3d5.(2G1).4p"	"s 3H*"	"6"	11	13		
"441.50947"	"441.50944"	"2.7e+07"	D	"3.55053095"	"6.3587200"	"3d5.(4D).4s"	"a 3D"	"3"	"3d5.(4D).4p"	"w 3P*"	"2"	7	5		
"442.39309"	"442.39310"	"2.7e+07"	D	"3.55614020"	"6.3587200"	"3d5.(4D).4s"	"a 3D"	"2"	"3d5.(4D).4p"	"w 3P*"	"2"	5	5		
"442.53180"	"442.531763"	"5.7e+06"	D	"2.91511324"	"5.71681492"	"3d4.4s2"	"a 3P"	"1"	"3d5.(4P).4p"	"y 3D*"	"2"	3	5		
"442.55207"	"442.55210"	"2.1e+07"	D	"3.01062753"	"5.8122004"	"3d5.(4D).4s"	"b 5D"	"4"	"3d5.(4P).4p"	"u 5P*"	"3"	9	7		
"442.97468"	"442.97464"	"5.5e+06"	D	"3.01329987"	"5.8122004"	"3d5.(4D).4s"	"b 5D"	"3"	"3d5.(4P).4p"	"u 5P*"	"3"	7	7		
"443.11677"	"443.11671"	"2.4e+07"	D	"3.55579538"	"6.3537986"	"3d5.(4D).4s"	"a 3D"	"1"	"3d5.(4D).4p"	"w 3P*"	"1"	3	3		
"443.34107"	"443.34109"	"1.8e+07"	D	"2.87187333"	"5.66846045"	"3d4.4s2"	"a 3P"	"0"	"3d5.(4P).4p"	"y 3P*"	"1"	1	3		
"443.40035"	"443.40036"	"4.9e+07"	D	"5.2553505"	"8.0515637"	"3d4.(3H).4s.4p.(3P*)"	"z 5H*"	"7"	"3d4.4s.5s"	"e 5H"	"7"	15	15		
"444.35149"	"444.351453"	"1.9e+06"	D	"3.00044215"	"5.79067042"	"3d4.4s2"	"a 3H"	"6"	"3d4.(3G).4s.4p.(3P*)"	"w 5F*"	"5"	13	11		
"444.49552"	"444.49549"	"4.5e+07"	D	"3.55579538"	"6.3451195"	"3d5.(4D).4s"	"a 3D"	"1"	"3d5.(4D).4p"	"w 3P*"	"0"	3	1		
"446.09860"	"446.098606"	"8.4e+06"	D	"3.01329987"	"5.79260016"	"3d5.(4D).4s"	"b 5D"	"3"	"3d4.(3G).4s.4p.(3P*)"	"w 5F*"	"4"	7	9		
"446.20251"	"446.20254"	"1.5e+06"	D	"2.70878630"	"5.4874392"	"3d5.(4P).4s"	"a 5P"	"2"	"3d5.(6S).5p"	"w 5P*"	"3"	5	7		
"446.40215"	"446.40226"	"5.6e+06"	D	"3.00997115"	"5.7873809"	"3d5.(4D).4s"	"b 5D"	"0"	"3d4.(3G).4s.4p.(3P*)"	"w 5F*"	"1"	1	3		
"446.59150"	"446.59139"	"4.9e+06"	D	"3.01114742"	"5.7873809"	"3d5.(4D).4s"	"b 5D"	"1"	"3d4.(3G).4s.4p.(3P*)"	"w 5F*"	"1"	3	3		
"446.66018"	"446.660185"	"5.9e+06"	D	"3.01279642"	"5.78860234"	"3d5.(4D).4s"	"b 5D"	"2"	"3d4.(3G).4s.4p.(3P*)"	"w 5F*"	"3"	5	7		
"446.88098"	"446.88101"	"3.7e+06"	D	"3.01279642"	"5.78723069"	"3d5.(4D).4s"	"b 5D"	"2"	"3d4.(3G).4s.4p.(3P*)"	"w 5F*"	"2"	5	5		
"447.662"	"447.66307"	"3.0e+06"	D	"2.88945207"	"5.6590394"	"3d5.(6S).4p"	"z 7P*"	"2"	"3d5.(6S).6s"	"f 7S"	"3"	5	7		
"447.83135"	"447.831369"	"1.3e+06"	D	"2.70991379"	"5.47846032"	"3d5.(4P).4s"	"a 5P"	"1"	"3d5.(6S).5p"	"w 5P*"	"2"	3	5		
"448.15157"	"448.15156"	"1.0e+07"	D	"3.36779583"	"6.13436429"	"3d5.(4P).4s"	"b 3P"	"0"	"3d5.(4P).4p"	"y 3S*"	"1"	1	3		
"448.16175"	"448.16181"	"3.5e+06"	D	"3.55053095"	"6.31703615"	"3d5.(4D).4s"	"a 3D"	"3"	"3d4.(3G).4s.4p.(3P*)"	"w 3F*"	"3"	7	7		
"448.41286"	"448.41285"	"3.0e+07"	D	"3.36940787"	"6.13436429"	"3d5.(4P).4s"	"b 3P"	"1"	"3d5.(4P).4p"	"y 3S*"	"1"	3	3		
"449.181"	"449.176"	"3.9e+07"	D	"3.89035912"	"6.650619"	"3d5.(4F).4s"	"a 5F"	"4"	"3d4.4s.5p"	"s 5D*"	"3"	9	7		
"449.2947"	"449.29909"	"4.4e+06"	D	"2.89953685"	"5.6590394"	"3d5.(6S).4p"	"z 7P*"	"3"	"3d5.(6S).6s"	"f 7S"	"3"	7	7		
"449.31099"	"449.310992"	"3.4e+06"	D	"2.98716595"	"5.74659540"	"3d4.4s2"	"a 3P"	"2"	"3d4.(3F1).4s.4p.(3P*)"	"w 5D*"	"2"	5	5		
"449.35655"	"449.35655"	"4.47e+07"	B	"3.37521461"	"6.13436429"	"3d5.(4P).4s"	"b 3P"	"2"	"3d5.(4P).4p"	"y 3S*"	"1"	5	3		
"449.6543"	"449.6527"	"2.0e+07"	D	"4.1055150"	"6.862848"	"3d5.(2F1).4s"	"b 3F"	"4"	"3d5.(4G).5p"	"u 3F*"	"3"	9	7		
"449.81133"	"449.811343"	"3.3e+06"	B	"0.94143042"	"3.69779039"	"3d5.(6S).4s"	"a 5S"	"2"	"3d4.(5D).4s.4p.(3P*)"	"y 5P*"	"3"	5	7		
"449.99859"	"449.998565"	"7.9e+06"	D	"2.91511324"	"5.67032643"	"3d4.4s2"	"a 3P"	"1"	"3d5.(4P).4p"	"y 3P*"	"2"	3	5		
"450.15402"	"450.15399"	"2.1e+07"	D	"3.07899825"	"5.83326016"	"3d5.(4G).4s"	"a 3G"	"3"	"3d5.(4G).4p"	"y 3G*"	"3"	7	7		
"450.30352"	"450.30354"	"1.0e+07"	D	"2.91511324"	"5.66846045"	"3d4.4s2"	"a 3P"	"1"	"3d5.(4P).4p"	"y 3P*"	"1"	3	3		
"450.430"	"450.4355"	"8.3e+06"	D	"4.69694311"	"7.449484"	"3d5.(6S).5s"	"e 5S"	"2"	"3d4.(3P1).4s.4p.(1P*)"	"x 3S*"	"1"	5	3		
"450.81030"	"450.81029"	"2.7e+07"	D	"4.1860366"	"6.9362888"	"3d5.(2I).4s"	"b 1I"	"6"	"3d5.(2I).4p"	"y 1H*"	"5"	13	11		
"451.1270"	"451.12722"	"4.1e+05"	E	"4.5326696"	"7.2809897"	"3d5.(2F2).4s"	"d 3F"	"2"	"3d5.(4F).4p"	"u 3D*"	"1"	5	3		
"451.31564"	"451.315600"	"1.65e+07"	B	"3.08689206"	"5.83406495"	"3d5.(4G).4s"	"a 3G"	"4"	"3d5.(4G).4p"	"y 3G*"	"4"	9	9		
"451.56241"	"451.56236"	"1.1e+07"	D	"4.1860366"	"6.9317083"	"3d5.(2I).4s"	"b 1I"	"6"	"3d4.(1I).4s.4p.(3P*)"	"u 3H*"	"6"	13	13		
"451.66965"	"451.66968"	"2.2e+06"	D	"3.01062753"	"5.75564682"	"3d5.(4D).4s"	"b 5D"	"4"	"3d4.(3F1).4s.4p.(3P*)"	"w 5D*"	"4"	9	9		
"452.61030"	"452.61036"	"1.1e+07"	D	"4.1055150"	"6.8448292"	"3d5.(2F1).4s"	"b 3F"	"4"	"3d5.(2D1).4p"	"v 3F*"	"4"	9	9		
"452.77230"	"452.77231"	"1.75e+07"	B	"2.54410014"	"5.28243456"	"3d5.(4G).4s"	"a 5G"	"6"	"3d5.(4G).4p"	"z 5G*"	"6"	13	13		
"452.8605"	"452.86147"	"2.1e+06"	B	"2.54463928"	"5.28243456"	"3d5.(4G).4s"	"a 5G"	"5"	"3d5.(4G).4p"	"z 5G*"	"6"	11	13		
"452.87251"	"452.872498"	"6.2e+06"	D	"2.98716595"	"5.72489453"	"3d4.4s2"	"a 3P"	"2"	"3d5.(4P).4p"	"y 3D*"	"3"	5	7		
"453.11152"	"453.11155"	"1.1e+06"	C+	"2.54410014"	"5.28038436"	"3d5.(4G).4s"	"a 5G"	"6"	"3d5.(4G).4p"	"z 5G*"	"5"	13	11		
"453.17419"	"453.17429"	"6.7e+05"	D	"2.96741996"	"5.70332536"	"3d4.4s2"	"a 3H"	"4"	"3d5.(4G).4p"	"y 3F*"	"3"	9	7		
"453.19528"	"453.195281"	"3.6e+06"	B	"2.54460569"	"5.28038436"	"3d5.(4G).4s"	"a 5G"	"4"	"3d5.(4G).4p"	"z 5G*"	"5"	9	11		
"453.20083"	"453.200845"	"1.58e+07"	B	"2.54463928"	"5.28038436"	"3d5.(4G).4s"	"a 5G"	"5"	"3d5.(4G).4p"	"z 5G*"	"5"	11	11		
"453.21948"	"453.219437"	"6.5e+05"	D	"3.01329987"	"5.74893273"	"3d5.(4D).4s"	"b 5D"	"3"	"3d4.(3F1).4s.4p.(3P*)"	"w 5D*"	"3"	7	7		
"453.25011"	"453.250068"	"1.0e+06"	D	"3.01114742"	"5.74659540"	"3d5.(4D).4s"	"b 5D"	"1"	"3d4.(3F1).4s.4p.(3P*)"	"w 5D*"	"2"	3	5		
"453.64073"	"453.640742"	"3.8e+06"	B	"2.54426770"	"5.27735992"	"3d5.(4G).4s"	"a 5G"	"3"	"3d5.(4G).4p"	"z 5G*"	"4"	7	9		
"453.69683"	"453.696850"	"1.49e+07"	B	"2.54460569"	"5.27735992"	"3d5.(4G).4s"	"a 5G"	"4"	"3d5.(4G).4p"	"z 5G*"	"4"	9	9		
"453.70242"	"453.702426"	"2.5e+06"	C+	"2.54463928"	"5.27735992"	"3d5.(4G).4s"	"a 5G"	"5"	"3d5.(4G).4p"	"z 5G*"	"4"	11	9		
"454.10538"	"454.10538"	"3.2e+06"	B	"2.54383615"	"5.27413188"	"3d5.(4G).4s"	"a 5G"	"2"	"3d5.(4G).4p"	"z 5G*"	"3"	5	7		
"454.17714"	"454.17717"	"1.50e+07"	B	"2.54426770"	"5.27413188"	"3d5.(4G).4s"	"a 5G"	"3"	"3d5.(4G).4p"	"z 5G*"	"3"	7	7		
"454.19775"	"454.197715"	"3.14e+07"	B	"3.10437812"	"5.83411881"	"3d5.(4G).4s"	"a 3G"	"5"	"3d5.(4G).4p"	"y 3G*"	"5"	11	11		
"454.23338"	"454.23341"	"3.4e+06"	B	"2.54460569"	"5.27413188"	"3d5.(4G).4s"	"a 5G"	"4"	"3d5.(4G).4p"	"z 5G*"	"3"	9	7		
"454.27799"	"454.278003"	"3.8e+06"	D	"3.07899825"	"5.80825650"	"3d5.(4G).4s"	"a 3G"	"3"	"3d4.(3H).4s.4p.(3P*)"	"z 3G*"	"3"	7	7		
"454.50088"	"454.50088"	"1.0e+06"	D	"2.98256889"	"5.71048876"	"3d4.4s2"	"a 3H"	"5"	"3d5.(4G).4p"	"y 3F*"	"4"	11	9		
"454.58860"	"454.58860"	"1.69e+07"	B	"2.54383615"	"5.27122963"	"3d5.(4G).4s"	"a 5G"	"2"	"3d5.(4G).4p"	"z 5G*"	"2"	5	5		
"454.66053"	"454.66054"	"3.4e+06"	B	"2.54426770"	"5.27122963"	"3d5.(4G).4s"	"a 5G"	"3"	"3d5.(4G).4p"	"z 5G*"	"2"	7	5		
"454.72271"	"454.722747"	"2.7e+06"	B	"0.94143042"	"3.66801930"	"3d5.(6S).4s"	"a 5S"	"2"	"3d4.(5D).4s.4p.(3P*)"	"y 5P*"	"2"	5	5		
"454.9927"	"454.99259"	"2.8e+06"	E	"4.1860366"	"6.9110084"	"3d5.(2I).4s"	"b 1I"	"6"	"3d5.(2I).4p"	"x 3I*"	"6"	13	13		
"455.523"	"455.5223"	"1.2e+07"	D	"4.0964341"	"6.818237"	"3d5.(2F1).4s"	"b 3F"	"2"	"3d5.(2D1).4p"	"v 3F*"	"2"	5	5		
"455.60972"	"455.609678"	"2.0e+06"	D	"3.11278390"	"5.83406495"	"3d4.4s2"	"a 3F"	"3"	"3d5.(4G).4p"	"y 3G*"	"4"	7	9		
"455.65655"	"455.65648"	"2.9e+06"	D	"3.43483025"	"6.15583182"	"3d4.4s2"	"b 3G"	"4"	"3d5.(4D).4p"	"x 3F*"	"3"	9	7		
"455.74447"	"455.744460"	"7.7e+06"	D	"3.11278390"	"5.83326016"	"3d4.4s2"	"a 3F"	"3"	"3d5.(4G).4p"	"y 3G*"	"3"	7	7		
"456.45230"	"456.45232"	"1.0e+07"	D	"3.85036371"	"6.56662110"	"3d5.(2I).4s"	"a 3I"	"5"	"3d4.(1G1).4s.4p.(3P*)"	"x 3H*"	"4"	11	9		
"456.46885"	"456.46878"	"5.5e+05"	D	"2.98716595"	"5.70332536"	"3d4.4s2"	"a 3P"	"2"	"3d5.(4G).4p"	"y 3F*"	"3"	5	7		
"456.49275"	"456.49273"	"2.3e+06"	D	"3.0922396"	"5.80825650"	"3d4.4s2"	"a 3F"	"2"	"3d4.(3H).4s.4p.(3P*)"	"z 3G*"	"3"	5	7		
"456.54344"	"456.54348"	"5.1e+07"	D	"4.7780523"	"7.4937674"	"3d5.(2H).4s"	"a 1H"	"5"	"3d5.(2H).4p"	"x 1I*"	"6"	11	13		
"456.67837"	"456.678352"	"4.1e+05"	B	"0.98287742"	"3.69779039"	"3d4.4s2"	"a 5D"	"2"	"3d4.(5D).4s.4p.(3P*)"	"y 5P*"	"3"	5	7		
"457.08953"	"457.08950"	"8.2e+06"	D	"3.12159404"	"5.83406495"	"3d4.4s2"	"a 3F"	"4"	"3d5.(4G).4p"	"y 3G*"	"4"	9	9		
"457.22530"	"457.22516"	"4.3e+05"	E	"3.12159404"	"5.83326016"	"3d4.4s2"	"a 3F"	"4"	"3d5.(4G).4p"	"y 3G*"	"3"	9	7		
"457.23719"	"457.237212"	"9.5e+05"	D	"3.01329987"	"5.72489453"	"3d5.(4D).4s"	"b 5D"	"3"	"3d5.(4P).4p"	"y 3D*"	"3"	7	7		
"457.29527"	"457.29529"	"3.6e+06"	D	"2.54410014"	"5.2553505"	"3d5.(4G).4s"	"a 5G"	"6"	"3d4.(3H).4s.4p.(3P*)"	"z 5H*"	"7"	13	15		
"457.63893"	"457.63893"	"6.8e+06"	D	"3.36940787"	"6.07862231"	"3d5.(4P).4s"	"b 3P"	"1"	"3d4.(3P1).4s.4p.(3P*)"	"x 3D*"	"2"	3	5		
"457.95996"	"457.95997"	"4.0e+06"	D	"3.84961210"	"6.5569273"	"3d5.(2I).4s"	"a 3I"	"6"	"3d4.(1G1).4s.4p.(3P*)"	"x 3H*"	"5"	13	11		
"458.13312"	"458.133135"	"2.4e+06"	B	"0.94143042"	"3.64772230"	"3d5.(6S).4s"	"a 5S"	"2"	"3d4.(5D).4s.4p.(3P*)"	"y 5P*"	"1"	5	3		
"458.368"	"458.3698"	"3.2e+06"	D	"4.1055150"	"6.810410"	"3d5.(2F1).4s"	"b 3F"	"4"	"3d5.(4G).5p"	"v 3H*"	"5"	9	11		
"458.51825"	"458.518307"	"1.6e+06"	D	"3.01279642"	"5.71681492"	"3d5.(4D).4s"	"b 5D"	"2"	"3d5.(4P).4p"	"y 3D*"	"2"	5	5		
"458.53700"	"458.53696"	"2.1e+06"	D	"3.12159404"	"5.82550252"	"3d4.4s2"	"a 3F"	"4"	"3d4.(3H).4s.4p.(3P*)"	"z 3G*"	"5"	9	11		
"458.60366"	"458.603693"	"7.5e+05"	D	"3.01329987"	"5.71681492"	"3d5.(4D).4s"	"b 5D"	"3"	"3d5.(4P).4p"	"y 3D*"	"2"	7	5		
"458.62189"	"458.62190"	"3.9e+06"	D	"3.37521461"	"6.07862231"	"3d5.(4P).4s"	"b 3P"	"2"	"3d4.(3P1).4s.4p.(3P*)"	"x 3D*"	"2"	5	5		
"458.63595"	"458.63595"	"3.3e+06"	D	"3.44884096"	"6.15216585"	"3d4.4s2"	"b 3G"	"5"	"3d5.(4D).4p"	"x 3F*"	"4"	11	9		
"458.74205"	"458.74205"	"2.7e+06"	D	"3.11278390"	"5.81548356"	"3d4.4s2"	"a 3F"	"3"	"3d4.(3H).4s.4p.(3P*)"	"z 3G*"	"4"	7	9		
"459.26773"	"459.267744"	"1.1e+06"	B	"0.96841324"	"3.66801930"	"3d4.4s2"	"a 5D"	"1"	"3d4.(5D).4s.4p.(3P*)"	"y 5P*"	"2"	3	5		
"459.3825"	"459.38252"	"1.3e+07"	D	"4.4552365"	"7.1541681"	"3d5.(2H).4s"	"b 3H"	"6"	"3d5.(2F1).4p"	"t 3G*"	"5"	13	11		
"459.68771"	"459.68769"	"4.7e+07"	D	"4.1860366"	"6.8831764"	"3d5.(2I).4s"	"b 1I"	"6"	"3d5.(2I).4p"	"y 1I*"	"6"	13	13		
"460.1388"	"460.13845"	"1.6e+06"	D	"2.54410014"	"5.2385978"	"3d5.(4G).4s"	"a 5G"	"6"	"3d4.(3H).4s.4p.(3P*)"	"z 5H*"	"6"	13	13		
"460.20374"	"460.203728"	"2.5e+06"	B	"1.00367492"	"3.69779039"	"3d4.4s2"	"a 5D"	"3"	"3d4.(5D).4s.4p.(3P*)"	"y 5P*"	"3"	7	7		
"460.23054"	"460.23053"	"1.5e+06"	D	"2.54463928"	"5.2385978"	"3d5.(4G).4s"	"a 5G"	"5"	"3d4.(3H).4s.4p.(3P*)"	"z 5H*"	"6"	11	13		
"460.7654"	"460.76486"	"1.2e+07"	D	"4.4490806"	"7.1399151"	"3d5.(2H).4s"	"b 3H"	"5"	"3d5.(2F1).4p"	"t 3G*"	"4"	11	9		
"461.2348"	"461.23359"	"2.0e+05"	D	"2.96741996"	"5.65551992"	"3d4.4s2"	"a 3H"	"4"	"3d5.(4G).4p"	"y 5H*"	"4"	9	9		
"461.32539"	"461.32541"	"8.0e+06"	D	"3.36779583"	"6.0553607"	"3d5.(4P).4s"	"b 3P"	"0"	"3d4.(3P1).4s.4p.(3P*)"	"x 3D*"	"1"	1	3		
"461.46496"	"461.464954"	"2.2e+06"	B	"0.96097009"	"3.64772230"	"3d4.4s2"	"a 5D"	"0"	"3d4.(5D).4s.4p.(3P*)"	"y 5P*"	"1"	1	3		
"461.58032"	"461.58035"	"5.7e+06"	D	"3.85036371"	"6.53644421"	"3d5.(2I).4s"	"a 3I"	"5"	"3d4.(3G).4s.4p.(3P*)"	"3G*"	"4"	11	9		
"461.74170"	"461.741703"	"4.1e+06"	B	"0.98287742"	"3.66801930"	"3d4.4s2"	"a 5D"	"2"	"3d4.(5D).4s.4p.(3P*)"	"y 5P*"	"2"	5	5		
"461.866"	"461.86634"	"5.1e+04"	D	"2.98256889"	"5.66698616"	"3d4.4s2"	"a 3H"	"5"	"3d5.(4G).4p"	"y 5H*"	"6"	11	13		
"462.08267"	"462.082678"	"1.6e+07"	D	"2.98716595"	"5.67032643"	"3d4.4s2"	"a 3P"	"2"	"3d5.(4P).4p"	"y 3P*"	"2"	5	5		
"462.37438"	"462.37439"	"4.1e+07"	D	"3.55053095"	"6.23199865"	"3d5.(4D).4s"	"a 3D"	"3"	"3d5.(4D).4p"	"w 3D*"	"3"	7	7		
"462.40422"	"462.40425"	"1.1e+07"	D	"2.98716595"	"5.66846045"	"3d4.4s2"	"a 3P"	"2"	"3d5.(4P).4p"	"y 3P*"	"1"	5	3		
"462.72173"	"462.72176"	"1.2e+07"	D	"3.84961210"	"6.52906678"	"3d5.(2I).4s"	"a 3I"	"6"	"3d4.(1I).4s.4p.(3P*)"	"y 3I*"	"6"	13	13		
"462.74691"	"462.746907"	"5.0e+06"	B	"0.96841324"	"3.64772230"	"3d4.4s2"	"a 5D"	"1"	"3d4.(5D).4s.4p.(3P*)"	"y 5P*"	"1"	3	3		
"462.97570"	"462.97558"	"1.2e+06"	D	"3.14419143"	"5.82217714"	"3d4.(5D).4s.4p.(3P*)"	"z 7F*"	"4"	"3d4.4s.5s"	"f 7D"	"5"	9	11		
"463.45523"	"463.45528"	"2.0e+06"	D	"3.12514546"	"5.80035930"	"3d4.(5D).4s.4p.(3P*)"	"z 7F*"	"3"	"3d4.4s.5s"	"f 7D"	"4"	7	9		
"464.08063"	"464.08060"	"9.5e+06"	D	"3.11067051"	"5.78227967"	"3d4.(5D).4s.4p.(3P*)"	"z 7F*"	"2"	"3d4.4s.5s"	"f 7D"	"3"	5	7		
"464.09667"	"464.09683"	"7.7e+06"	D	"3.55053095"	"6.2220467"	"3d5.(4D).4s"	"a 3D"	"3"	"3d5.(4D).4p"	"w 3D*"	"2"	7	5		
"464.279"	"464.2775"	"3.8e+06"	D	"4.2073736"	"6.877850"	"3d4.4s2"	"c 3D"	"3"	"3d5.(4G).5p"	"u 3F*"	"2"	7	5		
"464.32944"	"464.32947"	"6.0e+06"	D	"3.85036371"	"6.52054093"	"3d5.(2I).4s"	"a 3I"	"5"	"3d4.(1I).4s.4p.(3P*)"	"y 3I*"	"5"	11	11		
"464.74629"	"464.746306"	"8.7e+06"	B	"1.03000806"	"3.69779039"	"3d4.4s2"	"a 5D"	"4"	"3d4.(5D).4s.4p.(3P*)"	"y 5P*"	"3"	9	7		
"464.77859"	"464.778569"	"5.8e+06"	D	"3.07899825"	"5.74659540"	"3d5.(4G).4s"	"a 3G"	"3"	"3d4.(3F1).4s.4p.(3P*)"	"w 5D*"	"2"	7	5		
"464.80758"	"464.80758"	"7.8e+06"	D	"3.10092412"	"5.76835475"	"3d4.(5D).4s.4p.(3P*)"	"z 7F*"	"1"	"3d4.4s.5s"	"f 7D"	"2"	3	5		
"464.94170"	"464.94169"	"1.8e+06"	D	"2.54383615"	"5.21049739"	"3d5.(4G).4s"	"a 5G"	"2"	"3d4.(3H).4s.4p.(3P*)"	"z 5H*"	"3"	5	7		
"464.963"	"464.96213"	"1.5e+05"	D	"3.00044215"	"5.66698616"	"3d4.4s2"	"a 3H"	"6"	"3d5.(4G).4p"	"y 5H*"	"6"	13	13		
"465.2593"	"465.258594"	"3.6e+06"	B	"0.98287742"	"3.64772230"	"3d4.4s2"	"a 5D"	"2"	"3d4.(5D).4s.4p.(3P*)"	"y 5P*"	"1"	5	3		
"465.34598"	"465.345995"	"5.8e+06"	B	"1.00367492"	"3.66801930"	"3d4.4s2"	"a 5D"	"3"	"3d4.(5D).4s.4p.(3P*)"	"y 5P*"	"2"	7	5		
"465.60274"	"465.60274"	"9.1e+06"	D	"3.0960208"	"5.75889602"	"3d4.(5D).4s.4p.(3P*)"	"z 7F*"	"0"	"3d4.4s.5s"	"f 7D"	"1"	1	3		
"465.74870"	"465.748701"	"3.27e+06"	B	"3.08689206"	"5.74893273"	"3d5.(4G).4s"	"a 3G"	"4"	"3d4.(3F1).4s.4p.(3P*)"	"w 5D*"	"3"	9	7		
"465.81179"	"465.81175"	"1.1e+07"	D	"4.7780523"	"7.4397327"	"3d5.(2H).4s"	"a 1H"	"5"	"3d5.(2G1).4p"	"x 1H*"	"5"	11	11		
"466.46167"	"466.46166"	"2.0e+07"	D	"3.10092412"	"5.75889602"	"3d4.(5D).4s.4p.(3P*)"	"z 7F*"	"1"	"3d4.4s.5s"	"f 7D"	"1"	3	3		
"466.72122"	"466.72122"	"3.0e+07"	D	"3.55579538"	"6.21228906"	"3d5.(4D).4s"	"a 3D"	"1"	"3d5.(4D).4p"	"w 3D*"	"1"	3	3		
"466.75036"	"466.75039"	"3.6e+06"	D	"2.96741996"	"5.62374764"	"3d4.4s2"	"a 3H"	"4"	"3d5.(4G).4p"	"z 3H*"	"4"	9	9		
"467.06237"	"467.06238"	"9.08e+06"	B	"3.16762385"	"5.82217714"	"3d4.(5D).4s.4p.(3P*)"	"z 7F*"	"5"	"3d4.4s.5s"	"f 7D"	"5"	11	11		
"468.2174"	"468.21630"	"1.6e+07"	D	"3.0922396"	"5.74025070"	"3d4.4s2"	"a 3F"	"2"	"3d4.(3F1).4s.4p.(3P*)"	"w 5D*"	"1"	5	3		
"469.06689"	"469.06690"	"2.3e+07"	D	"3.12514546"	"5.76835475"	"3d4.(5D).4s.4p.(3P*)"	"z 7F*"	"3"	"3d4.4s.5s"	"f 7D"	"2"	7	5		
"469.52523"	"469.52524"	"3.4e+06"	D	"2.98256889"	"5.62319793"	"3d4.4s2"	"a 3H"	"5"	"3d5.(4G).4p"	"z 3H*"	"5"	11	11		
"469.64585"	"469.64588"	"1.5e+06"	D	"2.98256889"	"5.62251964"	"3d4.4s2"	"a 3H"	"5"	"3d5.(4G).4p"	"z 3H*"	"6"	11	13		
"469.83643"	"469.83658"	"5.3e+06"	D	"2.70791527"	"5.3467945"	"3d5.(4P).4s"	"a 5P"	"3"	"3d5.(4P).4p"	"z 5S*"	"2"	7	5		
"469.87025"	"469.87026"	"3.1e+06"	D	"3.36940787"	"6.0080980"	"3d5.(4P).4s"	"b 3P"	"1"	"3d4.(3P1).4s.4p.(3P*)"	"x 3P*"	"2"	3	5		
"469.97747"	"469.97745"	"2.2e+07"	D	"3.14419143"	"5.78227967"	"3d4.(5D).4s.4p.(3P*)"	"z 7F*"	"4"	"3d4.4s.5s"	"f 7D"	"3"	9	7		
"470.02582"	"470.025837"	"2.2e+06"	D	"3.07899825"	"5.71681492"	"3d5.(4G).4s"	"a 3G"	"3"	"3d5.(4P).4p"	"y 3D*"	"2"	7	5		
"470.0900"	"470.09018"	"1.3e+07"	D	"4.2073736"	"6.8448292"	"3d4.4s2"	"c 3D"	"3"	"3d5.(2D1).4p"	"v 3F*"	"4"	7	9		
"470.19255"	"470.19267"	"3.36e+06"	B	"2.70991379"	"5.3467945"	"3d5.(4P).4s"	"a 5P"	"1"	"3d5.(4P).4p"	"z 5S*"	"2"	3	5		
"470.74060"	"470.740591"	"3.5e+06"	D	"3.11278390"	"5.74659540"	"3d4.4s2"	"a 3F"	"3"	"3d4.(3F1).4s.4p.(3P*)"	"w 5D*"	"2"	7	5		
"470.90654"	"470.90654"	"3.1e+06"	D	"3.37521461"	"6.0080980"	"3d5.(4P).4s"	"b 3P"	"2"	"3d4.(3P1).4s.4p.(3P*)"	"x 3P*"	"2"	5	5		
"470.93298"	"470.93299"	"4.31e+07"	B	"3.16762385"	"5.80035930"	"3d4.(5D).4s.4p.(3P*)"	"z 7F*"	"5"	"3d4.4s.5s"	"f 7D"	"4"	11	9		
"471.90034"	"471.90033"	"7.7e+05"	D	"3.12159404"	"5.74893273"	"3d4.4s2"	"a 3F"	"4"	"3d4.(3F1).4s.4p.(3P*)"	"w 5D*"	"3"	9	7		
"471.97398"	"471.97398"	"3.4e+07"	D	"3.1952485"	"5.82217714"	"3d4.(5D).4s.4p.(3P*)"	"z 7F*"	"6"	"3d4.4s.5s"	"f 7D"	"5"	13	11		
"472.39715"	"472.39717"	"6.9e+05"	D	"3.0922396"	"5.71681492"	"3d4.4s2"	"a 3F"	"2"	"3d5.(4P).4p"	"y 3D*"	"2"	5	5		
"472.44185"	"472.44186"	"9.3e+06"	D	"3.07899825"	"5.70332536"	"3d5.(4G).4s"	"a 3G"	"3"	"3d5.(4G).4p"	"y 3F*"	"3"	7	7		
"472.57340"	"472.57339"	"6.14e+06"	B	"3.08689206"	"5.71048876"	"3d5.(4G).4s"	"a 3G"	"4"	"3d5.(4G).4p"	"y 3F*"	"4"	9	9		
"472.84720"	"472.84719"	"5.1e+06"	D	"3.00044215"	"5.62251964"	"3d4.4s2"	"a 3H"	"6"	"3d5.(4G).4p"	"z 3H*"	"6"	13	13		
"473.11644"	"473.11645"	"1.7e+07"	D	"3.0922396"	"5.71282481"	"3d4.4s2"	"a 3F"	"2"	"3d5.(4P).4p"	"y 3D*"	"1"	5	3		
"473.20334"	"473.20335"	"3.83e+07"	B	"3.07899825"	"5.6991023"	"3d5.(4G).4s"	"a 3G"	"3"	"3d5.(4G).4p"	"y 3F*"	"2"	7	5		
"473.86722"	"473.86722"	"3.38e+07"	B	"3.08689206"	"5.70332536"	"3d5.(4G).4s"	"a 3G"	"4"	"3d5.(4G).4p"	"y 3F*"	"3"	9	7		
"474.2418"	"474.2427"	"2.2e+07"	D	"4.2038751"	"6.818237"	"3d4.4s2"	"c 3D"	"1"	"3d5.(2D1).4p"	"v 3F*"	"2"	3	5		
"474.4445"	"474.44372"	"8.0e+06"	D	"4.20272344"	"6.8159775"	"3d4.(5D).4s.4p.(3P*)"	"z 3P*"	"1"	"3d4.4s.5s"	"e 3D"	"2"	3	5		
"474.66337"	"474.66345"	"2.0e+06"	D	"2.70791527"	"5.31995962"	"3d5.(4P).4s"	"a 5P"	"3"	"3d4.(3P1).4s.4p.(3P*)"	"x 5D*"	"4"	7	9		
"475.34165"	"475.34165"	"6.2e+07"	D	"4.1860366"	"6.7943542"	"3d5.(2I).4s"	"b 1I"	"6"	"3d4.(1I).4s.4p.(3P*)"	"3K*"	"6"	13	13		
"475.606"	"475.60694"	"2.6e+06"	D	"3.0922396"	"5.6991023"	"3d4.4s2"	"a 3F"	"2"	"3d5.(4G).4p"	"y 3F*"	"2"	5	5		
"475.64699"	"475.64704"	"9.6e+05"	D	"3.01062753"	"5.61727046"	"3d5.(4D).4s"	"b 5D"	"4"	"3d4.(3F1).4s.4p.(3P*)"	"x 5F*"	"5"	9	11		
"475.7448"	"475.74419"	"4.0e+07"	D	"3.10437812"	"5.71048876"	"3d5.(4G).4s"	"a 3G"	"5"	"3d5.(4G).4p"	"y 3F*"	"4"	11	9		
"475.8646"	"475.8651"	"1.2e+07"	D	"4.23907331"	"6.844522"	"3d4.(5D).4s.4p.(3P*)"	"z 3P*"	"2"	"3d4.4s.5s"	"e 3D"	"3"	5	7		
"475.89206"	"475.89206"	"5.1e+06"	D	"3.55053095"	"6.15583182"	"3d5.(4D).4s"	"a 3D"	"3"	"3d5.(4D).4p"	"x 3F*"	"3"	7	7		
"476.56262"	"476.56264"	"1.7e+07"	D	"3.55053095"	"6.15216585"	"3d5.(4D).4s"	"a 3D"	"3"	"3d5.(4D).4p"	"x 3F*"	"4"	7	9		
"476.59751"	"476.59757"	"7.3e+05"	D	"3.01329987"	"5.61474406"	"3d5.(4D).4s"	"b 5D"	"3"	"3d4.(3F1).4s.4p.(3P*)"	"x 5F*"	"4"	7	9		
"476.85992"	"476.85996"	"5.6e+06"	D	"3.55614020"	"6.15615299"	"3d5.(4D).4s"	"a 3D"	"2"	"3d5.(4D).4p"	"x 3F*"	"2"	5	5		
"476.91885"	"476.91887"	"1.2e+07"	D	"3.55614020"	"6.15583182"	"3d5.(4D).4s"	"a 3D"	"2"	"3d5.(4D).4p"	"x 3F*"	"3"	5	7		
"477.20064"	"477.20073"	"9.8e+05"	D	"3.01279642"	"5.61095253"	"3d5.(4D).4s"	"b 5D"	"2"	"3d4.(3F1).4s.4p.(3P*)"	"x 5F*"	"3"	5	7		
"477.64648"	"477.64654"	"2.9e+06"	D	"3.55053095"	"6.14626205"	"3d5.(4D).4s"	"a 3D"	"3"	"3d4.(3G).4s.4p.(3P*)"	"w 5G*"	"4"	7	9		
"479.0679"	"479.06729"	"1.14e+07"	B	"2.54410014"	"5.1321332"	"3d5.(4G).4s"	"a 5G"	"6"	"3d4.(5D).4s.4p.(1P*)"	"y 5F*"	"5"	13	11		
"479.3852"	"479.38491"	"2.6e+07"	D	"3.11278390"	"5.6991023"	"3d4.4s2"	"a 3F"	"3"	"3d5.(4G).4p"	"y 3F*"	"2"	7	5		
"479.7486"	"479.7496"	"1.3e+07"	D	"4.19265380"	"6.7770062"	"3d4.(5D).4s.4p.(3P*)"	"z 5D*"	"4"	""	"e 5F"	"5"	9	11		
"479.90368"	"479.90379"	"1.3e+06"	D	"3.55614020"	"6.13966216"	"3d5.(4D).4s"	"a 3D"	"2"	"3d4.(3G).4s.4p.(3P*)"	"w 5G*"	"3"	5	7		
"480.2370"	"480.23664"	"3.06e+07"	B	"3.12159404"	"5.70332536"	"3d4.4s2"	"a 3F"	"4"	"3d5.(4G).4p"	"y 3F*"	"3"	9	7		
"480.75933"	"480.75946"	"5.6e+05"	D	"2.70878630"	"5.28771005"	"3d5.(4P).4s"	"a 5P"	"2"	"3d4.(3P1).4s.4p.(3P*)"	"x 5D*"	"3"	5	7		
"481.20752"	"481.20767"	"1.6e+06"	D	"3.07899825"	"5.65551992"	"3d5.(4G).4s"	"a 3G"	"3"	"3d5.(4G).4p"	"y 5H*"	"4"	7	9		
"481.56112"	"481.56116"	"1.61e+06"	C	"3.08689206"	"5.66152243"	"3d5.(4G).4s"	"a 3G"	"4"	"3d5.(4G).4p"	"y 5H*"	"5"	9	11		
"481.74850"	"481.74851"	"1.8e+07"	D	"4.5350512"	"7.1086803"	"3d5.(2F2).4s"	"d 3F"	"4"	"3d4.(3D).4s.4p.(3P*)"	"t 3F*"	"4"	9	9		
"482.065"	"482.06594"	"1.3e+07"	D	"4.0989996"	"6.6709340"	"3d5.(2F1).4s"	"b 3F"	"3"	"3d3.(4F).4s2.4p"	"v 3G*"	"3"	7	7		
"482.52699"	"482.52702"	"1.2e+07"	D	"4.5318872"	"7.1013640"	"3d5.(2F2).4s"	"d 3F"	"3"	"3d4.(3D).4s.4p.(3P*)"	"t 3F*"	"3"	7	7		
"482.6865"	"482.68650"	"3.6e+05"	D	"3.08689206"	"5.65551992"	"3d5.(4G).4s"	"a 3G"	"4"	"3d5.(4G).4p"	"y 5H*"	"4"	9	9		
"483.2998"	"483.29924"	"1.2e+06"	D	"3.42162179"	"5.98699306"	"3d4.4s2"	"b 3G"	"3"	"3d4.(3H).4s.4p.(3P*)"	"y 3H*"	"4"	7	9		
"483.82030"	"483.82037"	"1.60e+06"	B	"3.10437812"	"5.66698616"	"3d5.(4G).4s"	"a 3G"	"5"	"3d5.(4G).4p"	"y 5H*"	"6"	11	13		
"483.9770"	"483.9773"	"1.1e+07"	D	"4.5326696"	"7.0944465"	"3d5.(2F2).4s"	"d 3F"	"2"	"3d4.(3D).4s.4p.(3P*)"	"t 3F*"	"2"	5	5		
"487.21580"	"487.21575"	"3.5e+07"	D	"3.07899825"	"5.62374764"	"3d5.(4G).4s"	"a 3G"	"3"	"3d5.(4G).4p"	"z 3H*"	"4"	7	9		
"487.60137"	"487.60153"	"6.9e+05"	D	"3.11278390"	"5.65551992"	"3d4.4s2"	"a 3F"	"3"	"3d5.(4G).4p"	"y 5H*"	"4"	7	9		
"488.140"	"488.14053"	"8.1e+05"	D	"3.12159404"	"5.66152243"	"3d4.4s2"	"a 3F"	"4"	"3d5.(4G).4p"	"y 5H*"	"5"	9	11		
"488.71338"	"488.713482"	"4.92e+06"	B	"2.54426770"	"5.08121834"	"3d5.(4G).4s"	"a 5G"	"3"	"3d4.(5D).4s.4p.(1P*)"	"x 5P*"	"2"	7	5		
"488.7316"	"488.73179"	"2.44e+06"	B	"3.08689206"	"5.62374764"	"3d5.(4G).4s"	"a 3G"	"4"	"3d5.(4G).4p"	"z 3H*"	"4"	9	9		
"488.83771"	"488.83772"	"3.2e+07"	D	"3.08689206"	"5.62319793"	"3d5.(4G).4s"	"a 3G"	"4"	"3d5.(4G).4p"	"z 3H*"	"5"	9	11		
"490.46035"	"490.46064"	"7.4e+06"	D	"2.54383615"	"5.0717494"	"3d5.(4G).4s"	"a 5G"	"2"	"3d4.(5D).4s.4p.(1P*)"	"y 5F*"	"1"	5	3		
"492.36388"	"492.36390"	"4.0e+07"	D	"3.10437812"	"5.62251964"	"3d5.(4G).4s"	"a 3G"	"5"	"3d5.(4G).4p"	"z 3H*"	"6"	11	13		
"493.77133"	"493.77136"	"1.4e+07"	D	"3.11278390"	"5.62374764"	"3d4.4s2"	"a 3F"	"3"	"3d5.(4G).4p"	"z 3H*"	"4"	7	9		
"494.38747"	"494.387488"	"1.98e+05"	B	"0.94143042"	"3.44926489"	"3d5.(6S).4s"	"a 5S"	"2"	"3d4.(5D).4s.4p.(3P*)"	"y 7P*"	"3"	5	7		
"494.5942"	"494.59450"	"1.3e+07"	D	"3.84701382"	"6.3537986"	"3d5.(2D3).4s"	"b 3D"	"2"	"3d5.(4D).4p"	"w 3P*"	"1"	5	3		
"495.5099"	"495.50994"	"8.5e+05"	D	"3.12159404"	"5.62374764"	"3d4.4s2"	"a 3F"	"4"	"3d5.(4G).4p"	"z 3H*"	"4"	9	9		
"495.61883"	"495.61883"	"1.2e+07"	D	"3.12159404"	"5.62319793"	"3d4.4s2"	"a 3F"	"4"	"3d5.(4G).4p"	"z 3H*"	"5"	9	11		
"496.63126"	"496.63129"	"1.61e+05"	B	"0.94143042"	"3.43793441"	"3d5.(6S).4s"	"a 5S"	"2"	"3d4.(5D).4s.4p.(3P*)"	"y 7P*"	"2"	5	5		
"496.819"	"496.81810"	"3.0e+07"	D	"3.84955423"	"6.3451195"	"3d5.(2D3).4s"	"b 3D"	"1"	"3d5.(4D).4p"	"w 3P*"	"0"	3	1		
"501.47119"	"501.47127"	"3.5e+06"	D	"2.70791527"	"5.18032406"	"3d5.(4P).4s"	"a 5P"	"3"	"3d4.(5D).4s.4p.(1P*)"	"y 5D*"	"4"	7	9		
"503.394"	"503.39512"	"2.0e+06"	E	"4.4552365"	"6.9181964"	"3d5.(2H).4s"	"b 3H"	"6"	"3d5.(2I).4p"	"x 3I*"	"7"	13	15		
"503.605"	"503.60615"	"1.7e+06"	E	"4.4490806"	"6.9110084"	"3d5.(2H).4s"	"b 3H"	"5"	"3d5.(2I).4p"	"x 3I*"	"6"	11	13		
"504.645"	"504.64587"	"1.8e+06"	D	"4.4473700"	"6.9042255"	"3d5.(2H).4s"	"b 3H"	"4"	"3d5.(2I).4p"	"x 3I*"	"5"	9	11		
"505.33056"	"505.33059"	"5.41e+04"	B	"0.94143042"	"3.39495688"	"3d5.(6S).4s"	"a 5S"	"2"	"3d4.(5D).4s.4p.(3P*)"	"z 7D*"	"2"	5	5		
"507.43401"	"507.434038"	"1.59e+05"	B	"0.94143042"	"3.38478638"	"3d5.(6S).4s"	"a 5S"	"2"	"3d4.(5D).4s.4p.(3P*)"	"z 7D*"	"1"	5	3		
"511.39093"	"511.39093"	"5.7e+03"	D	"1.00367492"	"3.42812540"	"3d4.4s2"	"a 5D"	"3"	"3d4.(5D).4s.4p.(3P*)"	"z 7D*"	"4"	7	9		
"512.48879"	"512.488783"	"4.0e+04"	D	"1.03000806"	"3.44926489"	"3d4.4s2"	"a 5D"	"4"	"3d4.(5D).4s.4p.(3P*)"	"y 7P*"	"3"	9	7		
"514.10776"	"514.10775"	"1.3e+07"	D	"3.42162179"	"5.83326016"	"3d4.4s2"	"b 3G"	"3"	"3d5.(4G).4p"	"y 3G*"	"3"	7	7		
"517.88439"	"517.88437"	"6.1e+06"	D	"3.42812540"	"5.82217714"	"3d4.(5D).4s.4p.(3P*)"	"z 7D*"	"4"	"3d4.4s.5s"	"f 7D"	"5"	9	11		
"519.34406"	"519.34409"	"1.4e+07"	D	"3.39495688"	"5.78227967"	"3d4.(5D).4s.4p.(3P*)"	"z 7D*"	"2"	"3d4.4s.5s"	"f 7D"	"3"	5	7		
"519.49380"	"519.49382"	"6.7e+06"	D	"3.42162179"	"5.80825650"	"3d4.4s2"	"b 3G"	"3"	"3d4.(3H).4s.4p.(3P*)"	"z 3G*"	"3"	7	7		
"519.78931"	"519.789334"	"1.2e+07"	D	"3.44884096"	"5.83411881"	"3d4.4s2"	"b 3G"	"5"	"3d5.(4G).4p"	"y 3G*"	"5"	11	11		
"520.16208"	"520.16212"	"1.1e+07"	D	"3.38478638"	"5.76835475"	"3d4.(5D).4s.4p.(3P*)"	"z 7D*"	"1"	"3d4.4s.5s"	"f 7D"	"2"	3	5		
"520.59473"	"520.59601"	"5.09e+07"	B	"0.94143042"	"3.32301220"	"3d5.(6S).4s"	"a 5S"	"2"	"3d5.(6S).4p"	"z 5P*"	"1"	5	3		
"520.74725"	"520.748693"	"5.14e+07"	B	"0.94143042"	"3.32231395"	"3d5.(6S).4s"	"a 5S"	"2"	"3d5.(6S).4p"	"z 5P*"	"2"	5	5		
"520.98596"	"520.987578"	"5.06e+07"	B	"0.94143042"	"3.32122225"	"3d5.(6S).4s"	"a 5S"	"2"	"3d5.(6S).4p"	"z 5P*"	"3"	5	7		
"521.55830"	"521.558340"	"8.9e+06"	D	"3.36940787"	"5.74659540"	"3d5.(4P).4s"	"b 3P"	"1"	"3d4.(3F1).4s.4p.(3P*)"	"w 5D*"	"2"	3	5		
"524.04192"	"524.042013"	"4.01e+06"	B	"2.70878630"	"5.07470726"	"3d5.(4P).4s"	"a 5P"	"2"	"3d4.(5D).4s.4p.(1P*)"	"x 5P*"	"1"	5	3		
"524.2917"	"524.291866"	"6.7e+05"	D	"2.70991379"	"5.07470726"	"3d5.(4P).4s"	"a 5P"	"1"	"3d4.(5D).4s.4p.(1P*)"	"x 5P*"	"1"	3	3		
"524.48134"	"524.48135"	"2.19e+07"	B	"3.39495688"	"5.75889602"	"3d4.(5D).4s.4p.(3P*)"	"z 7D*"	"2"	"3d4.4s.5s"	"f 7D"	"1"	5	3		
"524.90253"	"524.902575"	"1.9e+06"	B	"0.96097009"	"3.32301220"	"3d4.4s2"	"a 5D"	"0"	"3d5.(6S).4p"	"z 5P*"	"1"	1	3		
"526.32149"	"526.32154"	"1.3e+07"	D	"3.69779039"	"6.05346444"	"3d4.(5D).4s.4p.(3P*)"	"y 5P*"	"3"	"3d4.4s.5s"	"f 5D"	"4"	7	9		
"526.56181"	"526.561849"	"4.1e+06"	B	"0.96841324"	"3.32301220"	"3d4.4s2"	"a 5D"	"1"	"3d5.(6S).4p"	"z 5P*"	"1"	3	3		
"526.71798"	"526.718047"	"8.5e+05"	B	"0.96841324"	"3.32231395"	"3d4.4s2"	"a 5D"	"1"	"3d5.(6S).4p"	"z 5P*"	"2"	3	5		
"527.34667"	"527.34674"	"1.01e+07"	B	"3.44926489"	"5.80035930"	"3d4.(5D).4s.4p.(3P*)"	"y 7P*"	"3"	"3d4.4s.5s"	"f 7D"	"4"	7	9		
"528.86492"	"528.86493"	"4.22e+06"	B	"3.43793441"	"5.78227967"	"3d4.(5D).4s.4p.(3P*)"	"y 7P*"	"2"	"3d4.4s.5s"	"f 7D"	"3"	5	7		
"529.48490"	"529.48489"	"2.1e+06"	D	"3.37521461"	"5.71681492"	"3d5.(4P).4s"	"b 3P"	"2"	"3d5.(4P).4p"	"y 3D*"	"2"	5	5		
"529.81643"	"529.816485"	"3.1e+06"	B	"0.98287742"	"3.32301220"	"3d4.4s2"	"a 5D"	"2"	"3d5.(6S).4p"	"z 5P*"	"1"	5	3		
"529.88501"	"529.885017"	"3.88e+07"	B	"2.89953685"	"5.23936898"	"3d5.(6S).4p"	"z 7P*"	"3"	"3d5.(6S).4d"	"e 7D"	"4"	7	9		
"529.94884"	"529.948871"	"3.0e+07"	D	"2.89953685"	"5.23908705"	"3d5.(6S).4p"	"z 7P*"	"3"	"3d5.(6S).4d"	"e 7D"	"3"	7	7		
"529.97457"	"529.974620"	"3.3e+06"	B	"0.98287742"	"3.32231395"	"3d4.4s2"	"a 5D"	"2"	"3d5.(6S).4p"	"z 5P*"	"2"	5	5		
"530.22199"	"530.222047"	"2.5e+05"	B	"0.98287742"	"3.32122225"	"3d4.4s2"	"a 5D"	"2"	"3d5.(6S).4p"	"z 5P*"	"3"	5	7		
"530.56554"	"530.56558"	"5.35e+06"	B	"3.46352849"	"5.80035930"	"3d4.(5D).4s.4p.(3P*)"	"y 7P*"	"4"	"3d4.4s.5s"	"f 7D"	"4"	9	9		
"531.43338"	"531.43340"	"9.26e+06"	B	"3.44926489"	"5.78227967"	"3d4.(5D).4s.4p.(3P*)"	"y 7P*"	"3"	"3d4.4s.5s"	"f 7D"	"3"	7	7		
"532.02503"	"532.02504"	"9.67e+06"	B	"3.43793441"	"5.76835475"	"3d4.(5D).4s.4p.(3P*)"	"y 7P*"	"2"	"3d4.4s.5s"	"f 7D"	"2"	5	5		
"532.98060"	"532.980566"	"6.2e+07"	D	"2.91348182"	"5.23972421"	"3d5.(6S).4p"	"z 7P*"	"4"	"3d5.(6S).4d"	"e 7D"	"5"	9	11		
"533.06194"	"533.061966"	"2.25e+07"	B	"2.91348182"	"5.23936898"	"3d5.(6S).4p"	"z 7P*"	"4"	"3d5.(6S).4d"	"e 7D"	"4"	9	9		
"533.12657"	"533.12659"	"5.38e+06"	B	"2.91348182"	"5.23908705"	"3d5.(6S).4p"	"z 7P*"	"4"	"3d5.(6S).4d"	"e 7D"	"3"	9	7		
"534.19323"	"534.19323"	"1.45e+07"	B	"3.43793441"	"5.75889602"	"3d4.(5D).4s.4p.(3P*)"	"y 7P*"	"2"	"3d4.4s.5s"	"f 7D"	"1"	5	3		
"534.62430"	"534.62438"	"4.1e+06"	D	"3.44926489"	"5.76835475"	"3d4.(5D).4s.4p.(3P*)"	"y 7P*"	"3"	"3d4.4s.5s"	"f 7D"	"2"	7	5		
"534.72828"	"534.728335"	"4.9e+06"	B	"1.00367492"	"3.32231395"	"3d4.4s2"	"a 5D"	"3"	"3d5.(6S).4p"	"z 5P*"	"2"	7	5		
"534.98016"	"534.980222"	"1.7e+06"	B	"1.00367492"	"3.32122225"	"3d4.4s2"	"a 5D"	"3"	"3d5.(6S).4p"	"z 5P*"	"3"	7	7		
"540.20982"	"540.209836"	"1.6e+07"	D	"3.37521461"	"5.67032643"	"3d5.(4P).4s"	"b 3P"	"2"	"3d5.(4P).4p"	"y 3P*"	"2"	5	5		
"541.12873"	"541.128800"	"6.2e+06"	B	"1.03000806"	"3.32122225"	"3d4.4s2"	"a 5D"	"4"	"3d5.(6S).4p"	"z 5P*"	"3"	9	7		
"544.39195"	"544.39193"	"3.9e+06"	D	"3.42162179"	"5.6991023"	"3d4.4s2"	"b 3G"	"3"	"3d5.(4G).4p"	"y 3F*"	"2"	7	5		
"555.015"	"555.01277"	"1.9e+05"	D	"3.42162179"	"5.65551992"	"3d4.4s2"	"b 3G"	"3"	"3d5.(4G).4p"	"y 5H*"	"4"	7	9		
"556.810"	"556.80888"	"1.5e+05"	D	"3.43483025"	"5.66152243"	"3d4.4s2"	"b 3G"	"4"	"3d5.(4G).4p"	"y 5H*"	"5"	9	11		
"558.315"	"558.31393"	"1.9e+05"	E	"3.43483025"	"5.65551992"	"3d4.4s2"	"b 3G"	"4"	"3d5.(4G).4p"	"y 5H*"	"4"	9	9		
"558.960"	"558.95438"	"1.1e+05"	E	"3.44884096"	"5.66698616"	"3d4.4s2"	"b 3G"	"5"	"3d5.(4G).4p"	"y 5H*"	"6"	11	13		
"563.02049"	"563.02049"	"3.95e+06"	B	"3.42162179"	"5.62374764"	"3d4.4s2"	"b 3G"	"3"	"3d5.(4G).4p"	"z 3H*"	"4"	7	9		
"564.3925"	"564.39249"	"3.4e+06"	D	"3.85669178"	"6.05346444"	"3d4.(5D).4s.4p.(3P*)"	"z 5F*"	"4"	"3d4.4s.5s"	"f 5D"	"4"	9	9		
"564.9829"	"564.98288"	"4.2e+06"	D	"3.82599758"	"6.02047467"	"3d4.(5D).4s.4p.(3P*)"	"z 5F*"	"2"	"3d4.4s.5s"	"f 5D"	"2"	5	5		
"565.0954"	"565.09536"	"5.1e+06"	D	"3.83921781"	"6.03325810"	"3d4.(5D).4s.4p.(3P*)"	"z 5F*"	"3"	"3d4.4s.5s"	"f 5D"	"3"	7	7		
"569.63205"	"569.63207"	"1.4e+07"	D	"3.85669178"	"6.03325810"	"3d4.(5D).4s.4p.(3P*)"	"z 5F*"	"4"	"3d4.4s.5s"	"f 5D"	"3"	9	7		
"570.38884"	"570.38880"	"3.40e+06"	B	"3.44884096"	"5.62251964"	"3d4.4s2"	"b 3G"	"5"	"3d5.(4G).4p"	"z 3H*"	"6"	11	13		
"572.14025"	"572.14035"	"4.96e+05"	B	"3.01329987"	"5.18032406"	"3d5.(4D).4s"	"b 5D"	"3"	"3d4.(5D).4s.4p.(1P*)"	"y 5D*"	"4"	7	9		
"578.46679"	"578.46680"	"2.1e+07"	D	"3.32301220"	"5.46633655"	"3d5.(6S).4p"	"z 5P*"	"1"	"3d5.(6S).4d"	"e 5D"	"1"	3	3		
"578.54537"	"578.545401"	"2.02e+07"	B	"3.32231395"	"5.46534712"	"3d5.(6S).4p"	"z 5P*"	"2"	"3d5.(6S).4d"	"e 5D"	"2"	5	5		
"578.65736"	"578.657391"	"1.19e+07"	B	"3.32122225"	"5.46384067"	"3d5.(6S).4p"	"z 5P*"	"3"	"3d5.(6S).4d"	"e 5D"	"3"	7	7		
"578.95234"	"578.952375"	"2.35e+07"	B	"3.32231395"	"5.46384067"	"3d5.(6S).4p"	"z 5P*"	"2"	"3d5.(6S).4d"	"e 5D"	"3"	5	7		
"584.0288"	"584.02884"	"6.5e+05"	D	"3.01114742"	"5.13405969"	"3d5.(4D).4s"	"b 5D"	"1"	"3d4.(5D).4s.4p.(1P*)"	"y 5D*"	"2"	3	5		
"584.6215"	"584.62159"	"6.8e+05"	D	"3.01329987"	"5.13405969"	"3d5.(4D).4s"	"b 5D"	"3"	"3d4.(5D).4s.4p.(1P*)"	"y 5D*"	"2"	7	5		
"633.18415"	"633.18416"	"2.9e+04"	D	"0.94143042"	"2.89953685"	"3d5.(6S).4s"	"a 5S"	"2"	"3d5.(6S).4p"	"z 7P*"	"3"	5	7		
"663.18415"	"663.18422"	"6.0e+03"	D	"1.03000806"	"2.89953685"	"3d4.4s2"	"a 5D"	"4"	"3d5.(6S).4p"	"z 7P*"	"3"	9	7		
"666.29137"	"666.29132"	"1.1e+07"	D	"4.19265380"	"6.05346444"	"3d4.(5D).4s.4p.(3P*)"	"z 5D*"	"4"	"3d4.4s.5s"	"f 5D"	"4"	9	9		
"667.11221"	"667.11225"	"5.9e+06"	D	"4.17473732"	"6.03325810"	"3d4.(5D).4s.4p.(3P*)"	"z 5D*"	"3"	"3d4.4s.5s"	"f 5D"	"3"	7	7		
"688.430"	"688.44058"	"1.19e+07"	B	"3.43793441"	"5.23887703"	"3d4.(5D).4s.4p.(3P*)"	"y 7P*"	"2"	"3d5.(6S).4d"	"e 7D"	"2"	5	5		
"688.495"	"688.49515"	"1.78e+07"	B	"3.43793441"	"5.23873429"	"3d4.(5D).4s.4p.(3P*)"	"y 7P*"	"2"	"3d5.(6S).4d"	"e 7D"	"1"	5	3		
"692.71804"	"692.71797"	"9.3e+06"	D	"3.44926489"	"5.23908705"	"3d4.(5D).4s.4p.(3P*)"	"y 7P*"	"3"	"3d5.(6S).4d"	"e 7D"	"3"	7	7		
"698.03223"	"698.03230"	"1.73e+07"	B	"3.46352849"	"5.23972421"	"3d4.(5D).4s.4p.(3P*)"	"y 7P*"	"4"	"3d5.(6S).4d"	"e 7D"	"5"	9	11		
"698.17196"	"698.17193"	"5.9e+06"	D	"3.46352849"	"5.23936898"	"3d4.(5D).4s.4p.(3P*)"	"y 7P*"	"4"	"3d5.(6S).4d"	"e 7D"	"4"	9	9		
"698.28287"	"698.28279"	"1.5e+06"	D	"3.46352849"	"5.23908705"	"3d4.(5D).4s.4p.(3P*)"	"y 7P*"	"4"	"3d5.(6S).4d"	"e 7D"	"3"	9	7		
"717.254"	"717.25054"	"2.5e+05"	E	"4.1055150"	"5.83411881"	"3d5.(2F1).4s"	"b 3F"	"4"	"3d5.(4G).4p"	"y 3G*"	"5"	9	11		
"735.79169"	"735.79168"	"9.14e+06"	B	"2.88945207"	"4.57449693"	"3d5.(6S).4p"	"z 7P*"	"2"	"3d5.(6S).5s"	"e 7S"	"3"	5	7		
"740.22182"	"740.22181"	"1.35e+07"	B	"2.89953685"	"4.57449693"	"3d5.(6S).4p"	"z 7P*"	"3"	"3d5.(6S).5s"	"e 7S"	"3"	7	7		
"891.86884"	"891.86882"	"2.5e+05"	D	"3.89227274"	"5.28243456"	"3d5.(4F).4s"	"a 5F"	"5"	"3d5.(4G).4p"	"z 5G*"	"6"	11	13		
"894.16454"	"894.16460"	"9.9e+04"	D	"3.88753932"	"5.27413188"	"3d5.(4F).4s"	"a 5F"	"2"	"3d5.(4G).4p"	"z 5G*"	"3"	5	7		
"895.82039"	"895.82044"	"2.0e+05"	D	"3.8872001"	"5.27122963"	"3d5.(4F).4s"	"a 5F"	"1"	"3d5.(4G).4p"	"z 5G*"	"2"	3	5		
