tdb,r_m,r_rsun,speed_km_s,z_depth,c_far_m_s,dc_over_c,z_earth,z_spec,rr_geom_km_s,f_doppler_1way_frac
2024-Dec-24 10:00:00.0000,6.908982e+09,9.930979,190.088127,2.137254e-07,299792329.853479,4.274508e-07,1.003549e-08,2.036899e-07,142.624241,4.757433e-04
2024-Dec-24 10:01:00.0000,6.908081e+09,9.929684,190.101303,2.137533e-07,299792329.836771,4.275065e-07,1.003549e-08,2.037178e-07,142.746357,4.761506e-04
2024-Dec-24 10:02:00.0000,6.907189e+09,9.928402,190.114353,2.137809e-07,299792329.820219,4.275617e-07,1.003549e-08,2.037454e-07,142.868296,4.765573e-04
2024-Dec-24 10:03:00.0000,6.906306e+09,9.927132,190.127278,2.138082e-07,299792329.803825,4.276164e-07,1.003549e-08,2.037727e-07,142.990057,4.769635e-04
2024-Dec-24 10:04:00.0000,6.905431e+09,9.925875,190.140079,2.138353e-07,299792329.787589,4.276706e-07,1.003549e-08,2.037998e-07,143.111640,4.773690e-04
2024-Dec-24 10:05:00.0000,6.904565e+09,9.924630,190.152753,2.138621e-07,299792329.771510,4.277242e-07,1.003549e-08,2.038266e-07,143.233044,4.777740e-04
2024-Dec-24 10:06:00.0000,6.903708e+09,9.923398,190.165303,2.138887e-07,299792329.755590,4.277773e-07,1.003549e-08,2.038532e-07,143.354268,4.781784e-04
2024-Dec-24 10:07:00.0000,6.902860e+09,9.922179,190.177727,2.139150e-07,299792329.739827,4.278299e-07,1.003549e-08,2.038795e-07,143.475311,4.785821e-04
2024-Dec-24 10:08:00.0000,6.902020e+09,9.920972,190.190025,2.139410e-07,299792329.724224,4.278819e-07,1.003549e-08,2.039055e-07,143.596173,4.789853e-04
2024-Dec-24 10:09:00.0000,6.901189e+09,9.919777,190.202198,2.139667e-07,299792329.708778,4.279335e-07,1.003549e-08,2.039313e-07,143.716852,4.793878e-04
2024-Dec-24 10:10:00.0000,6.900367e+09,9.918596,190.214245,2.139922e-07,299792329.693492,4.279844e-07,1.003549e-08,2.039568e-07,143.837348,4.797897e-04
2024-Dec-24 10:11:00.0000,6.899553e+09,9.917426,190.226165,2.140175e-07,299792329.678364,4.280349e-07,1.003549e-08,2.039820e-07,143.957661,4.801911e-04
2024-Dec-24 10:12:00.0000,6.898749e+09,9.916270,190.237960,2.140424e-07,299792329.663396,4.280848e-07,1.003549e-08,2.040069e-07,144.077789,4.805918e-04
2024-Dec-24 10:13:00.0000,6.897953e+09,9.915125,190.249628,2.140671e-07,299792329.648587,4.281342e-07,1.003549e-08,2.040316e-07,144.197732,4.809919e-04
2024-Dec-24 10:14:00.0000,6.897166e+09,9.913994,190.261169,2.140916e-07,299792329.633938,4.281831e-07,1.003549e-08,2.040561e-07,144.317488,4.813913e-04
2024-Dec-24 10:15:00.0000,6.896387e+09,9.912875,190.272584,2.141157e-07,299792329.619448,4.282314e-07,1.003549e-08,2.040802e-07,144.437058,4.817902e-04
2024-Dec-24 10:16:00.0000,6.895617e+09,9.911769,190.283873,2.141396e-07,299792329.605119,4.282792e-07,1.003549e-08,2.041041e-07,144.556440,4.821884e-04
2024-Dec-24 10:17:00.0000,6.894857e+09,9.910675,190.295034,2.141633e-07,299792329.590949,4.283265e-07,1.003549e-08,2.041278e-07,144.675634,4.825860e-04
2024-Dec-24 10:18:00.0000,6.894104e+09,9.909594,190.306069,2.141866e-07,299792329.576940,4.283732e-07,1.003549e-08,2.041511e-07,144.794639,4.829829e-04
2024-Dec-24 10:19:00.0000,6.893361e+09,9.908525,190.316976,2.142097e-07,299792329.563091,4.284194e-07,1.003549e-08,2.041742e-07,144.913454,4.833793e-04
2024-Dec-24 10:20:00.0000,6.892626e+09,9.907469,190.327757,2.142326e-07,299792329.549403,4.284651e-07,1.003549e-08,2.041971e-07,145.032078,4.837749e-04
2024-Dec-24 10:21:00.0000,6.891901e+09,9.906426,190.338410,2.142551e-07,299792329.535876,4.285102e-07,1.003549e-08,2.042196e-07,145.150511,4.841700e-04
2024-Dec-24 10:22:00.0000,6.891184e+09,9.905396,190.348935,2.142774e-07,299792329.522510,4.285548e-07,1.003549e-08,2.042419e-07,145.268753,4.845644e-04
2024-Dec-24 10:23:00.0000,6.890475e+09,9.904378,190.359333,2.142994e-07,299792329.509306,4.285988e-07,1.003550e-08,2.042639e-07,145.386801,4.849582e-04
2024-Dec-24 10:24:00.0000,6.889776e+09,9.903372,190.369604,2.143212e-07,299792329.496262,4.286423e-07,1.003550e-08,2.042857e-07,145.504656,4.853513e-04
2024-Dec-24 10:25:00.0000,6.889085e+09,9.902380,190.379747,2.143427e-07,299792329.483380,4.286853e-07,1.003550e-08,2.043072e-07,145.622316,4.857438e-04
2024-Dec-24 10:26:00.0000,6.888404e+09,9.901400,190.389762,2.143639e-07,299792329.470660,4.287277e-07,1.003550e-08,2.043284e-07,145.739782,4.861356e-04
2024-Dec-24 10:27:00.0000,6.887731e+09,9.900432,190.399648,2.143848e-07,299792329.458102,4.287696e-07,1.003550e-08,2.043493e-07,145.857052,4.865268e-04
2024-Dec-24 10:28:00.0000,6.887067e+09,9.899478,190.409407,2.144055e-07,299792329.445705,4.288110e-07,1.003550e-08,2.043700e-07,145.974125,4.869173e-04
2024-Dec-24 10:29:00.0000,6.886411e+09,9.898536,190.419038,2.144259e-07,299792329.433471,4.288518e-07,1.003550e-08,2.043904e-07,146.091001,4.873071e-04
2024-Dec-24 10:30:00.0000,6.885765e+09,9.897606,190.428541,2.144460e-07,299792329.421399,4.288920e-07,1.003550e-08,2.044105e-07,146.207680,4.876963e-04
2024-Dec-24 10:31:00.0000,6.885127e+09,9.896690,190.437915,2.144659e-07,299792329.409490,4.289318e-07,1.003550e-08,2.044304e-07,146.324159,4.880849e-04
2024-Dec-24 10:32:00.0000,6.884498e+09,9.895786,190.447160,2.144855e-07,299792329.397744,4.289710e-07,1.003550e-08,2.044500e-07,146.440440,4.884727e-04
2024-Dec-24 10:33:00.0000,6.883878e+09,9.894894,190.456277,2.145048e-07,299792329.386160,4.290096e-07,1.003550e-08,2.044693e-07,146.556520,4.888599e-04
2024-Dec-24 10:34:00.0000,6.883267e+09,9.894016,190.465265,2.145239e-07,299792329.374739,4.290477e-07,1.003550e-08,2.044884e-07,146.672400,4.892465e-04
2024-Dec-24 10:35:00.0000,6.882664e+09,9.893150,190.474125,2.145426e-07,299792329.363482,4.290852e-07,1.003550e-08,2.045071e-07,146.788078,4.896323e-04
2024-Dec-24 10:36:00.0000,6.882071e+09,9.892297,190.482856,2.145611e-07,299792329.352387,4.291222e-07,1.003550e-08,2.045256e-07,146.903554,4.900175e-04
2024-Dec-24 10:37:00.0000,6.881486e+09,9.891456,190.491457,2.145794e-07,299792329.341456,4.291587e-07,1.003550e-08,2.045439e-07,147.018827,4.904020e-04
2024-Dec-24 10:38:00.0000,6.880910e+09,9.890628,190.499930,2.145973e-07,299792329.330689,4.291946e-07,1.003550e-08,2.045618e-07,147.133896,4.907858e-04
2024-Dec-24 10:39:00.0000,6.880343e+09,9.889813,190.508273,2.146150e-07,299792329.320085,4.292300e-07,1.003550e-08,2.045795e-07,147.248761,4.911690e-04
2024-Dec-24 10:40:00.0000,6.879785e+09,9.889011,190.516487,2.146324e-07,299792329.309645,4.292648e-07,1.003550e-08,2.045969e-07,147.363421,4.915515e-04
2024-Dec-24 10:41:00.0000,6.879236e+09,9.888222,190.524572,2.146496e-07,299792329.299369,4.292991e-07,1.003550e-08,2.046141e-07,147.477875,4.919332e-04
2024-Dec-24 10:42:00.0000,6.878695e+09,9.887445,190.532528,2.146664e-07,299792329.289257,4.293328e-07,1.003550e-08,2.046309e-07,147.592123,4.923143e-04
2024-Dec-24 10:43:00.0000,6.878164e+09,9.886681,190.540353,2.146830e-07,299792329.279309,4.293660e-07,1.003550e-08,2.046475e-07,147.706164,4.926947e-04
2024-Dec-24 10:44:00.0000,6.877641e+09,9.885929,190.548050,2.146993e-07,299792329.269526,4.293986e-07,1.003550e-08,2.046638e-07,147.819997,4.930744e-04
2024-Dec-24 10:45:00.0000,6.877127e+09,9.885191,190.555616,2.147154e-07,299792329.259907,4.294307e-07,1.003550e-08,2.046799e-07,147.933621,4.934534e-04
2024-Dec-24 10:46:00.0000,6.876622e+09,9.884465,190.563053,2.147312e-07,299792329.250453,4.294623e-07,1.003550e-08,2.046957e-07,148.047036,4.938318e-04
2024-Dec-24 10:47:00.0000,6.876126e+09,9.883752,190.570360,2.147466e-07,299792329.241163,4.294932e-07,1.003550e-08,2.047111e-07,148.160242,4.942094e-04
2024-Dec-24 10:48:00.0000,6.875639e+09,9.883051,190.577536,2.147619e-07,299792329.232039,4.295237e-07,1.003550e-08,2.047264e-07,148.273237,4.945863e-04
2024-Dec-24 10:49:00.0000,6.875160e+09,9.882364,190.584583,2.147768e-07,299792329.223079,4.295536e-07,1.003550e-08,2.047413e-07,148.386020,4.949625e-04
2024-Dec-24 10:50:00.0000,6.874691e+09,9.881689,190.591500,2.147915e-07,299792329.214285,4.295829e-07,1.003550e-08,2.047560e-07,148.498592,4.953380e-04
2024-Dec-24 10:51:00.0000,6.874230e+09,9.881027,190.598287,2.148059e-07,299792329.205655,4.296117e-07,1.003550e-08,2.047704e-07,148.610951,4.957128e-04
2024-Dec-24 10:52:00.0000,6.873779e+09,9.880377,190.604943,2.148200e-07,299792329.197191,4.296399e-07,1.003550e-08,2.047845e-07,148.723097,4.960869e-04
2024-Dec-24 10:53:00.0000,6.873336e+09,9.879741,190.611469,2.148338e-07,299792329.188893,4.296676e-07,1.003550e-08,2.047983e-07,148.835028,4.964602e-04
2024-Dec-24 10:54:00.0000,6.872902e+09,9.879117,190.617865,2.148474e-07,299792329.180759,4.296947e-07,1.003551e-08,2.048119e-07,148.946746,4.968329e-04
2024-Dec-24 10:55:00.0000,6.872477e+09,9.878506,190.624130,2.148607e-07,299792329.172792,4.297213e-07,1.003551e-08,2.048252e-07,149.058248,4.972048e-04
2024-Dec-24 10:56:00.0000,6.872061e+09,9.877908,190.630265,2.148737e-07,299792329.164990,4.297473e-07,1.003551e-08,2.048382e-07,149.169534,4.975760e-04
2024-Dec-24 10:57:00.0000,6.871653e+09,9.877322,190.636269,2.148864e-07,299792329.157355,4.297728e-07,1.003551e-08,2.048509e-07,149.280603,4.979465e-04
2024-Dec-24 10:58:00.0000,6.871255e+09,9.876750,190.642142,2.148989e-07,299792329.149885,4.297977e-07,1.003551e-08,2.048634e-07,149.391455,4.983163e-04
2024-Dec-24 10:59:00.0000,6.870865e+09,9.876190,190.647885,2.149111e-07,299792329.142581,4.298221e-07,1.003551e-08,2.048756e-07,149.502089,4.986853e-04
2024-Dec-24 11:00:00.0000,6.870485e+09,9.875643,190.653497,2.149230e-07,299792329.135443,4.298459e-07,1.003551e-08,2.048875e-07,149.612505,4.990536e-04
2024-Dec-24 11:01:00.0000,6.870113e+09,9.875109,190.658978,2.149346e-07,299792329.128471,4.298691e-07,1.003551e-08,2.048991e-07,149.722702,4.994212e-04
2024-Dec-24 11:02:00.0000,6.869750e+09,9.874587,190.664328,2.149459e-07,299792329.121666,4.298918e-07,1.003551e-08,2.049104e-07,149.832678,4.997880e-04
2024-Dec-24 11:03:00.0000,6.869397e+09,9.874079,190.669547,2.149570e-07,299792329.115028,4.299140e-07,1.003551e-08,2.049215e-07,149.942434,5.001541e-04
2024-Dec-24 11:04:00.0000,6.869052e+09,9.873583,190.674635,2.149678e-07,299792329.108555,4.299356e-07,1.003551e-08,2.049323e-07,150.051969,5.005195e-04
2024-Dec-24 11:05:00.0000,6.868716e+09,9.873100,190.679592,2.149783e-07,299792329.102250,4.299566e-07,1.003551e-08,2.049428e-07,150.161282,5.008841e-04
2024-Dec-24 11:06:00.0000,6.868388e+09,9.872630,190.684418,2.149886e-07,299792329.096111,4.299771e-07,1.003551e-08,2.049531e-07,150.270373,5.012480e-04
2024-Dec-24 11:07:00.0000,6.868070e+09,9.872172,190.689112,2.149985e-07,299792329.090139,4.299970e-07,1.003551e-08,2.049630e-07,150.379241,5.016112e-04
2024-Dec-24 11:08:00.0000,6.867761e+09,9.871728,190.693676,2.150082e-07,299792329.084333,4.300164e-07,1.003551e-08,2.049727e-07,150.487885,5.019736e-04
2024-Dec-24 11:09:00.0000,6.867461e+09,9.871296,190.698108,2.150176e-07,299792329.078695,4.300352e-07,1.003551e-08,2.049821e-07,150.596304,5.023352e-04
2024-Dec-24 11:10:00.0000,6.867169e+09,9.870877,190.702409,2.150267e-07,299792329.073223,4.300534e-07,1.003551e-08,2.049912e-07,150.704499,5.026961e-04
2024-Dec-24 11:11:00.0000,6.866887e+09,9.870471,190.706578,2.150356e-07,299792329.067919,4.300711e-07,1.003551e-08,2.050001e-07,150.812468,5.030562e-04
2024-Dec-24 11:12:00.0000,6.866613e+09,9.870078,190.710616,2.150442e-07,299792329.062782,4.300883e-07,1.003551e-08,2.050086e-07,150.920211,5.034156e-04
2024-Dec-24 11:13:00.0000,6.866348e+09,9.869697,190.714522,2.150524e-07,299792329.057811,4.301048e-07,1.003551e-08,2.050169e-07,151.027727,5.037743e-04
2024-Dec-24 11:14:00.0000,6.866093e+09,9.869330,190.718297,2.150605e-07,299792329.053009,4.301209e-07,1.003551e-08,2.050249e-07,151.135015,5.041321e-04
2024-Dec-24 11:15:00.0000,6.865846e+09,9.868975,190.721940,2.150682e-07,299792329.048373,4.301363e-07,1.003551e-08,2.050327e-07,151.242076,5.044893e-04
2024-Dec-24 11:16:00.0000,6.865608e+09,9.868633,190.725452,2.150756e-07,299792329.043905,4.301512e-07,1.003551e-08,2.050401e-07,151.348908,5.048456e-04
2024-Dec-24 11:17:00.0000,6.865379e+09,9.868304,190.728832,2.150828e-07,299792329.039604,4.301656e-07,1.003551e-08,2.050473e-07,151.455510,5.052012e-04
2024-Dec-24 11:18:00.0000,6.865159e+09,9.867987,190.732080,2.150897e-07,299792329.035471,4.301794e-07,1.003551e-08,2.050542e-07,151.561883,5.055560e-04
2024-Dec-24 11:19:00.0000,6.864948e+09,9.867684,190.735197,2.150963e-07,299792329.031505,4.301926e-07,1.003551e-08,2.050608e-07,151.668025,5.059101e-04
2024-Dec-24 11:20:00.0000,6.864746e+09,9.867393,190.738182,2.151027e-07,299792329.027707,4.302053e-07,1.003551e-08,2.050671e-07,151.773937,5.062634e-04
2024-Dec-24 11:21:00.0000,6.864552e+09,9.867116,190.741035,2.151087e-07,299792329.024077,4.302174e-07,1.003551e-08,2.050732e-07,151.879616,5.066159e-04
2024-Dec-24 11:22:00.0000,6.864368e+09,9.866851,190.743756,2.151145e-07,299792329.020614,4.302289e-07,1.003551e-08,2.050790e-07,151.985063,5.069676e-04
2024-Dec-24 11:23:00.0000,6.864193e+09,9.866599,190.746345,2.151200e-07,299792329.017319,4.302399e-07,1.003551e-08,2.050845e-07,152.090278,5.073186e-04
2024-Dec-24 11:24:00.0000,6.864026e+09,9.866360,190.748803,2.151252e-07,299792329.014192,4.302503e-07,1.003551e-08,2.050897e-07,152.195259,5.076687e-04
2024-Dec-24 11:25:00.0000,6.863869e+09,9.866133,190.751128,2.151301e-07,299792329.011233,4.302602e-07,1.003551e-08,2.050946e-07,152.300006,5.080181e-04
2024-Dec-24 11:26:00.0000,6.863720e+09,9.865920,190.753322,2.151348e-07,299792329.008441,4.302695e-07,1.003552e-08,2.050993e-07,152.404518,5.083668e-04
2024-Dec-24 11:27:00.0000,6.863581e+09,9.865719,190.755383,2.151392e-07,299792329.005817,4.302783e-07,1.003552e-08,2.051036e-07,152.508796,5.087146e-04
2024-Dec-24 11:28:00.0000,6.863450e+09,9.865531,190.757313,2.151433e-07,299792329.003362,4.302865e-07,1.003552e-08,2.051077e-07,152.612837,5.090616e-04
2024-Dec-24 11:29:00.0000,6.863328e+09,9.865356,190.759110,2.151471e-07,299792329.001074,4.302941e-07,1.003552e-08,2.051116e-07,152.716642,5.094079e-04
2024-Dec-24 11:30:00.0000,6.863216e+09,9.865194,190.760776,2.151506e-07,299792328.998955,4.303012e-07,1.003552e-08,2.051151e-07,152.820211,5.097534e-04
2024-Dec-24 11:31:00.0000,6.863112e+09,9.865045,190.762310,2.151539e-07,299792328.997003,4.303077e-07,1.003552e-08,2.051183e-07,152.923542,5.100980e-04
2024-Dec-24 11:32:00.0000,6.863017e+09,9.864908,190.763711,2.151568e-07,299792328.995219,4.303136e-07,1.003552e-08,2.051213e-07,153.026635,5.104419e-04
2024-Dec-24 11:33:00.0000,6.862931e+09,9.864785,190.764980,2.151595e-07,299792328.993604,4.303190e-07,1.003552e-08,2.051240e-07,153.129489,5.107850e-04
2024-Dec-24 11:34:00.0000,6.862854e+09,9.864674,190.766118,2.151619e-07,299792328.992156,4.303238e-07,1.003552e-08,2.051264e-07,153.232104,5.111273e-04
2024-Dec-24 11:35:00.0000,6.862786e+09,9.864576,190.767123,2.151641e-07,299792328.990877,4.303281e-07,1.003552e-08,2.051286e-07,153.334480,5.114688e-04
2024-Dec-24 11:36:00.0000,6.862727e+09,9.864491,190.767996,2.151659e-07,299792328.989766,4.303318e-07,1.003552e-08,2.051304e-07,153.436615,5.118095e-04
2024-Dec-24 11:37:00.0000,6.862677e+09,9.864419,190.768737,2.151675e-07,299792328.988823,4.303350e-07,1.003552e-08,2.051320e-07,153.538510,5.121493e-04
2024-Dec-24 11:38:00.0000,6.862635e+09,9.864360,190.769345,2.151688e-07,299792328.988048,4.303375e-07,1.003552e-08,2.051333e-07,153.640163,5.124884e-04
2024-Dec-24 11:39:00.0000,6.862603e+09,9.864314,190.769822,2.151698e-07,299792328.987442,4.303396e-07,1.003552e-08,2.051343e-07,153.741574,5.128267e-04
2024-Dec-24 11:40:00.0000,6.862580e+09,9.864280,190.770167,2.151705e-07,299792328.987003,4.303410e-07,1.003552e-08,2.051350e-07,153.842743,5.131642e-04
2024-Dec-24 11:41:00.0000,6.862565e+09,9.864260,190.770379,2.151710e-07,299792328.986733,4.303419e-07,1.003552e-08,2.051355e-07,153.943669,5.135008e-04
2024-Dec-24 11:42:00.0000,6.862560e+09,9.864252,190.770459,2.151712e-07,299792328.986631,4.303423e-07,1.003552e-08,2.051356e-07,154.044352,5.138366e-04
2024-Dec-24 11:43:00.0000,6.862563e+09,9.864257,190.770407,2.151711e-07,299792328.986697,4.303421e-07,1.003552e-08,2.051355e-07,154.144791,5.141717e-04
2024-Dec-24 11:44:00.0000,6.862576e+09,9.864275,190.770223,2.151707e-07,299792328.986931,4.303413e-07,1.003552e-08,2.051351e-07,154.244985,5.145059e-04
2024-Dec-24 11:45:00.0000,6.862597e+09,9.864306,190.769907,2.151700e-07,299792328.987334,4.303399e-07,1.003552e-08,2.051345e-07,154.344934,5.148393e-04
2024-Dec-24 11:46:00.0000,6.862628e+09,9.864349,190.769458,2.151690e-07,299792328.987905,4.303380e-07,1.003552e-08,2.051335e-07,154.444638,5.151719e-04
2024-Dec-24 11:47:00.0000,6.862667e+09,9.864406,190.768878,2.151678e-07,299792328.988644,4.303356e-07,1.003552e-08,2.051323e-07,154.544096,5.155036e-04
2024-Dec-24 11:48:00.0000,6.862715e+09,9.864475,190.768165,2.151663e-07,299792328.989551,4.303325e-07,1.003552e-08,2.051308e-07,154.643307,5.158345e-04
2024-Dec-24 11:49:00.0000,6.862772e+09,9.864557,190.767320,2.151645e-07,299792328.990626,4.303290e-07,1.003552e-08,2.051290e-07,154.742271,5.161647e-04
2024-Dec-24 11:50:00.0000,6.862839e+09,9.864652,190.766343,2.151624e-07,299792328.991869,4.303248e-07,1.003552e-08,2.051269e-07,154.840987,5.164939e-04
2024-Dec-24 11:51:00.0000,6.862914e+09,9.864760,190.765234,2.151601e-07,299792328.993281,4.303201e-07,1.003552e-08,2.051245e-07,154.939456,5.168224e-04
2024-Dec-24 11:52:00.0000,6.862998e+09,9.864881,190.763993,2.151574e-07,299792328.994860,4.303148e-07,1.003552e-08,2.051219e-07,155.037676,5.171500e-04
2024-Dec-24 11:53:00.0000,6.863091e+09,9.865015,190.762620,2.151545e-07,299792328.996608,4.303090e-07,1.003552e-08,2.051190e-07,155.135646,5.174768e-04
2024-Dec-24 11:54:00.0000,6.863193e+09,9.865161,190.761114,2.151513e-07,299792328.998524,4.303026e-07,1.003552e-08,2.051158e-07,155.233368,5.178028e-04
2024-Dec-24 11:55:00.0000,6.863304e+09,9.865321,190.759477,2.151479e-07,299792329.000608,4.302957e-07,1.003552e-08,2.051123e-07,155.330839,5.181279e-04
2024-Dec-24 11:56:00.0000,6.863423e+09,9.865493,190.757708,2.151441e-07,299792329.002860,4.302881e-07,1.003552e-08,2.051086e-07,155.428060,5.184522e-04
2024-Dec-24 11:57:00.0000,6.863552e+09,9.865678,190.755806,2.151401e-07,299792329.005279,4.302801e-07,1.003553e-08,2.051045e-07,155.525029,5.187757e-04
2024-Dec-24 11:58:00.0000,6.863690e+09,9.865876,190.753773,2.151357e-07,299792329.007867,4.302714e-07,1.003553e-08,2.051002e-07,155.621748,5.190983e-04
2024-Dec-24 11:59:00.0000,6.863836e+09,9.866087,190.751607,2.151311e-07,299792329.010623,4.302622e-07,1.003553e-08,2.050956e-07,155.718214,5.194201e-04
2024-Dec-24 12:00:00.0000,6.863992e+09,9.866310,190.749310,2.151263e-07,299792329.013546,4.302525e-07,1.003553e-08,2.050907e-07,155.814428,5.197410e-04
2024-Dec-24 12:01:00.0000,6.864156e+09,9.866547,190.746881,2.151211e-07,299792329.016638,4.302422e-07,1.003553e-08,2.050856e-07,155.910389,5.200611e-04
2024-Dec-24 12:02:00.0000,6.864330e+09,9.866796,190.744320,2.151157e-07,299792329.019897,4.302313e-07,1.003553e-08,2.050802e-07,156.006097,5.203803e-04
2024-Dec-24 12:03:00.0000,6.864512e+09,9.867058,190.741627,2.151100e-07,299792329.023324,4.302199e-07,1.003553e-08,2.050744e-07,156.101551,5.206987e-04
2024-Dec-24 12:04:00.0000,6.864704e+09,9.867333,190.738802,2.151040e-07,299792329.026918,4.302079e-07,1.003553e-08,2.050684e-07,156.196750,5.210163e-04
2024-Dec-24 12:05:00.0000,6.864904e+09,9.867621,190.735845,2.150977e-07,299792329.030681,4.301953e-07,1.003553e-08,2.050622e-07,156.291695,5.213330e-04
2024-Dec-24 12:06:00.0000,6.865113e+09,9.867922,190.732757,2.150911e-07,299792329.034611,4.301822e-07,1.003553e-08,2.050556e-07,156.386385,5.216488e-04
2024-Dec-24 12:07:00.0000,6.865331e+09,9.868235,190.729536,2.150843e-07,299792329.038708,4.301686e-07,1.003553e-08,2.050488e-07,156.480819,5.219638e-04
2024-Dec-24 12:08:00.0000,6.865558e+09,9.868562,190.726184,2.150772e-07,299792329.042973,4.301543e-07,1.003553e-08,2.050417e-07,156.574998,5.222780e-04
2024-Dec-24 12:09:00.0000,6.865794e+09,9.868901,190.722701,2.150698e-07,299792329.047406,4.301396e-07,1.003553e-08,2.050343e-07,156.668919,5.225913e-04
2024-Dec-24 12:10:00.0000,6.866039e+09,9.869253,190.719086,2.150621e-07,299792329.052005,4.301242e-07,1.003553e-08,2.050266e-07,156.762584,5.229037e-04
2024-Dec-24 12:11:00.0000,6.866293e+09,9.869618,190.715339,2.150542e-07,299792329.056772,4.301083e-07,1.003553e-08,2.050186e-07,156.855991,5.232153e-04
2024-Dec-24 12:12:00.0000,6.866556e+09,9.869995,190.711461,2.150459e-07,299792329.061707,4.300919e-07,1.003553e-08,2.050104e-07,156.949141,5.235260e-04
2024-Dec-24 12:13:00.0000,6.866827e+09,9.870386,190.707451,2.150374e-07,299792329.066809,4.300748e-07,1.003553e-08,2.050019e-07,157.042033,5.238358e-04
2024-Dec-24 12:14:00.0000,6.867108e+09,9.870789,190.703310,2.150287e-07,299792329.072077,4.300573e-07,1.003553e-08,2.049931e-07,157.134665,5.241448e-04
2024-Dec-24 12:15:00.0000,6.867398e+09,9.871205,190.699037,2.150196e-07,299792329.077513,4.300391e-07,1.003553e-08,2.049841e-07,157.227039,5.244530e-04
2024-Dec-24 12:16:00.0000,6.867696e+09,9.871634,190.694633,2.150102e-07,299792329.083116,4.300204e-07,1.003553e-08,2.049747e-07,157.319154,5.247602e-04
2024-Dec-24 12:17:00.0000,6.868003e+09,9.872076,190.690097,2.150006e-07,299792329.088886,4.300012e-07,1.003553e-08,2.049651e-07,157.411008,5.250666e-04
2024-Dec-24 12:18:00.0000,6.868320e+09,9.872531,190.685431,2.149907e-07,299792329.094822,4.299814e-07,1.003553e-08,2.049552e-07,157.502602,5.253721e-04
2024-Dec-24 12:19:00.0000,6.868645e+09,9.872998,190.680633,2.149805e-07,299792329.100926,4.299610e-07,1.003553e-08,2.049450e-07,157.593936,5.256768e-04
2024-Dec-24 12:20:00.0000,6.868979e+09,9.873479,190.675704,2.149701e-07,299792329.107196,4.299401e-07,1.003553e-08,2.049345e-07,157.685008,5.259806e-04
2024-Dec-24 12:21:00.0000,6.869322e+09,9.873972,190.670644,2.149593e-07,299792329.113633,4.299186e-07,1.003553e-08,2.049238e-07,157.775819,5.262835e-04
2024-Dec-24 12:22:00.0000,6.869674e+09,9.874478,190.665453,2.149483e-07,299792329.120236,4.298966e-07,1.003553e-08,2.049128e-07,157.866369,5.265855e-04
2024-Dec-24 12:23:00.0000,6.870035e+09,9.874996,190.660130,2.149370e-07,299792329.127005,4.298740e-07,1.003553e-08,2.049015e-07,157.956656,5.268867e-04
2024-Dec-24 12:24:00.0000,6.870405e+09,9.875528,190.654677,2.149255e-07,299792329.133941,4.298509e-07,1.003553e-08,2.048899e-07,158.046680,5.271870e-04
2024-Dec-24 12:25:00.0000,6.870783e+09,9.876072,190.649093,2.149136e-07,299792329.141044,4.298272e-07,1.003553e-08,2.048781e-07,158.136441,5.274864e-04
2024-Dec-24 12:26:00.0000,6.871171e+09,9.876629,190.643379,2.149015e-07,299792329.148312,4.298030e-07,1.003553e-08,2.048660e-07,158.225939,5.277849e-04
2024-Dec-24 12:27:00.0000,6.871567e+09,9.877199,190.637533,2.148891e-07,299792329.155747,4.297782e-07,1.003553e-08,2.048536e-07,158.315174,5.280826e-04
2024-Dec-24 12:28:00.0000,6.871973e+09,9.877782,190.631557,2.148764e-07,299792329.163347,4.297528e-07,1.003553e-08,2.048409e-07,158.404144,5.283793e-04
2024-Dec-24 12:29:00.0000,6.872387e+09,9.878377,190.625450,2.148635e-07,299792329.171113,4.297269e-07,1.003554e-08,2.048279e-07,158.492849,5.286752e-04
2024-Dec-24 12:30:00.0000,6.872810e+09,9.878986,190.619213,2.148502e-07,299792329.179045,4.297005e-07,1.003554e-08,2.048147e-07,158.581290,5.289702e-04
2024-Dec-24 12:31:00.0000,6.873242e+09,9.879607,190.612845,2.148367e-07,299792329.187143,4.296734e-07,1.003554e-08,2.048012e-07,158.669466,5.292644e-04
2024-Dec-24 12:32:00.0000,6.873683e+09,9.880240,190.606347,2.148230e-07,299792329.195406,4.296459e-07,1.003554e-08,2.047874e-07,158.757376,5.295576e-04
2024-Dec-24 12:33:00.0000,6.874133e+09,9.880887,190.599718,2.148089e-07,299792329.203835,4.296178e-07,1.003554e-08,2.047734e-07,158.845020,5.298500e-04
2024-Dec-24 12:34:00.0000,6.874592e+09,9.881546,190.592959,2.147946e-07,299792329.212429,4.295891e-07,1.003554e-08,2.047590e-07,158.932398,5.301414e-04
2024-Dec-24 12:35:00.0000,6.875059e+09,9.882219,190.586070,2.147800e-07,299792329.221189,4.295599e-07,1.003554e-08,2.047444e-07,159.019509,5.304320e-04
2024-Dec-24 12:36:00.0000,6.875536e+09,9.882903,190.579051,2.147651e-07,299792329.230113,4.295301e-07,1.003554e-08,2.047295e-07,159.106353,5.307217e-04
2024-Dec-24 12:37:00.0000,6.876021e+09,9.883601,190.571902,2.147499e-07,299792329.239202,4.294998e-07,1.003554e-08,2.047144e-07,159.192930,5.310105e-04
2024-Dec-24 12:38:00.0000,6.876515e+09,9.884311,190.564623,2.147345e-07,299792329.248457,4.294689e-07,1.003554e-08,2.046989e-07,159.279240,5.312984e-04
2024-Dec-24 12:39:00.0000,6.877019e+09,9.885035,190.557214,2.147188e-07,299792329.257876,4.294375e-07,1.003554e-08,2.046832e-07,159.365281,5.315854e-04
2024-Dec-24 12:40:00.0000,6.877531e+09,9.885771,190.549675,2.147028e-07,299792329.267460,4.294055e-07,1.003554e-08,2.046673e-07,159.451055,5.318715e-04
2024-Dec-24 12:41:00.0000,6.878051e+09,9.886519,190.542007,2.146865e-07,299792329.277208,4.293730e-07,1.003554e-08,2.046510e-07,159.536559,5.321567e-04
2024-Dec-24 12:42:00.0000,6.878581e+09,9.887281,190.534208,2.146700e-07,299792329.287120,4.293400e-07,1.003554e-08,2.046345e-07,159.621795,5.324410e-04
2024-Dec-24 12:43:00.0000,6.879120e+09,9.888055,190.526281,2.146532e-07,299792329.297197,4.293063e-07,1.003554e-08,2.046177e-07,159.706761,5.327244e-04
2024-Dec-24 12:44:00.0000,6.879667e+09,9.888842,190.518224,2.146361e-07,299792329.307438,4.292722e-07,1.003554e-08,2.046006e-07,159.791458,5.330069e-04
2024-Dec-24 12:45:00.0000,6.880223e+09,9.889641,190.510037,2.146188e-07,299792329.317843,4.292375e-07,1.003554e-08,2.045832e-07,159.875886,5.332886e-04
2024-Dec-24 12:46:00.0000,6.880788e+09,9.890453,190.501721,2.146011e-07,299792329.328412,4.292022e-07,1.003554e-08,2.045656e-07,159.960043,5.335693e-04
2024-Dec-24 12:47:00.0000,6.881362e+09,9.891279,190.493276,2.145832e-07,299792329.339145,4.291664e-07,1.003554e-08,2.045477e-07,160.043929,5.338491e-04
2024-Dec-24 12:48:00.0000,6.881945e+09,9.892116,190.484702,2.145651e-07,299792329.350041,4.291301e-07,1.003554e-08,2.045295e-07,160.127545,5.341280e-04
2024-Dec-24 12:49:00.0000,6.882537e+09,9.892967,190.475999,2.145466e-07,299792329.361100,4.290932e-07,1.003554e-08,2.045111e-07,160.210890,5.344060e-04
2024-Dec-24 12:50:00.0000,6.883137e+09,9.893830,190.467167,2.145279e-07,299792329.372323,4.290557e-07,1.003554e-08,2.044924e-07,160.293963,5.346831e-04
2024-Dec-24 12:51:00.0000,6.883747e+09,9.894706,190.458206,2.145089e-07,299792329.383709,4.290178e-07,1.003554e-08,2.044734e-07,160.376765,5.349593e-04
2024-Dec-24 12:52:00.0000,6.884365e+09,9.895594,190.449117,2.144896e-07,299792329.395258,4.289792e-07,1.003554e-08,2.044541e-07,160.459295,5.352346e-04
2024-Dec-24 12:53:00.0000,6.884992e+09,9.896496,190.439899,2.144701e-07,299792329.406970,4.289402e-07,1.003554e-08,2.044346e-07,160.541553,5.355090e-04
2024-Dec-24 12:54:00.0000,6.885628e+09,9.897410,190.430552,2.144503e-07,299792329.418845,4.289006e-07,1.003554e-08,2.044148e-07,160.623538,5.357825e-04
2024-Dec-24 12:55:00.0000,6.886272e+09,9.898336,190.421077,2.144302e-07,299792329.430882,4.288604e-07,1.003554e-08,2.043947e-07,160.705251,5.360550e-04
2024-Dec-24 12:56:00.0000,6.886926e+09,9.899275,190.411474,2.144099e-07,299792329.443081,4.288197e-07,1.003554e-08,2.043743e-07,160.786691,5.363267e-04
2024-Dec-24 12:57:00.0000,6.887588e+09,9.900227,190.401742,2.143893e-07,299792329.455443,4.287785e-07,1.003554e-08,2.043537e-07,160.867857,5.365974e-04
2024-Dec-24 12:58:00.0000,6.888259e+09,9.901192,190.391882,2.143684e-07,299792329.467966,4.287367e-07,1.003554e-08,2.043328e-07,160.948750,5.368672e-04
2024-Dec-24 12:59:00.0000,6.888939e+09,9.902169,190.381895,2.143472e-07,299792329.480652,4.286944e-07,1.003554e-08,2.043117e-07,161.029369,5.371362e-04
2024-Dec-24 13:00:00.0000,6.889628e+09,9.903159,190.371779,2.143258e-07,299792329.493500,4.286515e-07,1.003554e-08,2.042903e-07,161.109715,5.374042e-04
2024-Dec-24 13:01:00.0000,6.890326e+09,9.904162,190.361536,2.143041e-07,299792329.506509,4.286082e-07,1.003555e-08,2.042686e-07,161.189786,5.376713e-04
2024-Dec-24 13:02:00.0000,6.891032e+09,9.905177,190.351165,2.142821e-07,299792329.519679,4.285642e-07,1.003555e-08,2.042466e-07,161.269582,5.379374e-04
2024-Dec-24 13:03:00.0000,6.891747e+09,9.906205,190.340667,2.142599e-07,299792329.533011,4.285198e-07,1.003555e-08,2.042244e-07,161.349104,5.382027e-04
2024-Dec-24 13:04:00.0000,6.892471e+09,9.907246,190.330041,2.142374e-07,299792329.546503,4.284747e-07,1.003555e-08,2.042018e-07,161.428351,5.384670e-04
2024-Dec-24 13:05:00.0000,6.893204e+09,9.908299,190.319287,2.142146e-07,299792329.560157,4.284292e-07,1.003555e-08,2.041791e-07,161.507323,5.387304e-04
2024-Dec-24 13:06:00.0000,6.893945e+09,9.909365,190.308407,2.141916e-07,299792329.573971,4.283831e-07,1.003555e-08,2.041560e-07,161.586020,5.389929e-04
2024-Dec-24 13:07:00.0000,6.894695e+09,9.910443,190.297400,2.141683e-07,299792329.587946,4.283365e-07,1.003555e-08,2.041327e-07,161.664440,5.392545e-04
2024-Dec-24 13:08:00.0000,6.895454e+09,9.911534,190.286265,2.141447e-07,299792329.602081,4.282894e-07,1.003555e-08,2.041092e-07,161.742585,5.395152e-04
2024-Dec-24 13:09:00.0000,6.896222e+09,9.912638,190.275004,2.141209e-07,299792329.616377,4.282417e-07,1.003555e-08,2.040853e-07,161.820454,5.397749e-04
2024-Dec-24 13:10:00.0000,6.896999e+09,9.913754,190.263616,2.140967e-07,299792329.630832,4.281935e-07,1.003555e-08,2.040612e-07,161.898047,5.400338e-04
2024-Dec-24 13:11:00.0000,6.897784e+09,9.914883,190.252101,2.140724e-07,299792329.645448,4.281447e-07,1.003555e-08,2.040368e-07,161.975363,5.402917e-04
2024-Dec-24 13:12:00.0000,6.898578e+09,9.916024,190.240460,2.140477e-07,299792329.660222,4.280954e-07,1.003555e-08,2.040122e-07,162.052403,5.405486e-04
2024-Dec-24 13:13:00.0000,6.899381e+09,9.917178,190.228693,2.140228e-07,299792329.675157,4.280456e-07,1.003555e-08,2.039873e-07,162.129165,5.408047e-04
2024-Dec-24 13:14:00.0000,6.900193e+09,9.918345,190.216799,2.139977e-07,299792329.690250,4.279953e-07,1.003555e-08,2.039621e-07,162.205651,5.410598e-04
2024-Dec-24 13:15:00.0000,6.901013e+09,9.919524,190.204780,2.139722e-07,299792329.705503,4.279444e-07,1.003555e-08,2.039367e-07,162.281859,5.413140e-04
2024-Dec-24 13:16:00.0000,6.901842e+09,9.920716,190.192634,2.139465e-07,299792329.720914,4.278930e-07,1.003555e-08,2.039110e-07,162.357790,5.415673e-04
2024-Dec-24 13:17:00.0000,6.902680e+09,9.921920,190.180362,2.139205e-07,299792329.736484,4.278410e-07,1.003555e-08,2.038850e-07,162.433443,5.418196e-04
2024-Dec-24 13:18:00.0000,6.903526e+09,9.923137,190.167965,2.138943e-07,299792329.752213,4.277886e-07,1.003555e-08,2.038588e-07,162.508818,5.420711e-04
2024-Dec-24 13:19:00.0000,6.904382e+09,9.924366,190.155442,2.138678e-07,299792329.768100,4.277356e-07,1.003555e-08,2.038323e-07,162.583915,5.423216e-04
2024-Dec-24 13:20:00.0000,6.905246e+09,9.925608,190.142794,2.138411e-07,299792329.784145,4.276821e-07,1.003555e-08,2.038055e-07,162.658734,5.425711e-04
2024-Dec-24 13:21:00.0000,6.906118e+09,9.926863,190.130021,2.138140e-07,299792329.800347,4.276280e-07,1.003555e-08,2.037785e-07,162.733275,5.428198e-04
2024-Dec-24 13:22:00.0000,6.907000e+09,9.928130,190.117122,2.137867e-07,299792329.816708,4.275734e-07,1.003555e-08,2.037512e-07,162.807537,5.430675e-04
2024-Dec-24 13:23:00.0000,6.907890e+09,9.929409,190.104098,2.137592e-07,299792329.833226,4.275183e-07,1.003555e-08,2.037236e-07,162.881521,5.433143e-04
2024-Dec-24 13:24:00.0000,6.908789e+09,9.930701,190.090950,2.137314e-07,299792329.849901,4.274627e-07,1.003555e-08,2.036958e-07,162.955225,5.435601e-04
2024-Dec-24 13:25:00.0000,6.909696e+09,9.932006,190.077677,2.137033e-07,299792329.866733,4.274066e-07,1.003555e-08,2.036678e-07,163.028651,5.438050e-04
2024-Dec-24 13:26:00.0000,6.910613e+09,9.933323,190.064279,2.136750e-07,299792329.883722,4.273499e-07,1.003555e-08,2.036394e-07,163.101798,5.440490e-04
2024-Dec-24 13:27:00.0000,6.911538e+09,9.934652,190.050756,2.136464e-07,299792329.900867,4.272927e-07,1.003555e-08,2.036108e-07,163.174665,5.442921e-04
2024-Dec-24 13:28:00.0000,6.912471e+09,9.935994,190.037110,2.136175e-07,299792329.918169,4.272350e-07,1.003555e-08,2.035820e-07,163.247253,5.445342e-04
2024-Dec-24 13:29:00.0000,6.913414e+09,9.937349,190.023339,2.135884e-07,299792329.935627,4.271768e-07,1.003555e-08,2.035529e-07,163.319561,5.447754e-04
2024-Dec-24 13:30:00.0000,6.914365e+09,9.938716,190.009444,2.135590e-07,299792329.953241,4.271180e-07,1.003555e-08,2.035235e-07,163.391589,5.450157e-04
2024-Dec-24 13:31:00.0000,6.915324e+09,9.940095,189.995426,2.135294e-07,299792329.971011,4.270587e-07,1.003555e-08,2.034938e-07,163.463338,5.452550e-04
2024-Dec-24 13:32:00.0000,6.916293e+09,9.941487,189.981283,2.134995e-07,299792329.988936,4.269989e-07,1.003555e-08,2.034639e-07,163.534807,5.454934e-04
2024-Dec-24 13:33:00.0000,6.917270e+09,9.942892,189.967017,2.134693e-07,299792330.007016,4.269386e-07,1.003556e-08,2.034338e-07,163.605995,5.457309e-04
2024-Dec-24 13:34:00.0000,6.918255e+09,9.944308,189.952628,2.134389e-07,299792330.025252,4.268778e-07,1.003556e-08,2.034034e-07,163.676904,5.459674e-04
2024-Dec-24 13:35:00.0000,6.919250e+09,9.945738,189.938115,2.134083e-07,299792330.043642,4.268165e-07,1.003556e-08,2.033727e-07,163.747532,5.462030e-04
2024-Dec-24 13:36:00.0000,6.920253e+09,9.947179,189.923480,2.133773e-07,299792330.062187,4.267546e-07,1.003556e-08,2.033418e-07,163.817880,5.464376e-04
2024-Dec-24 13:37:00.0000,6.921264e+09,9.948633,189.908721,2.133461e-07,299792330.080886,4.266922e-07,1.003556e-08,2.033106e-07,163.887947,5.466713e-04
2024-Dec-24 13:38:00.0000,6.922284e+09,9.950100,189.893840,2.133147e-07,299792330.099739,4.266293e-07,1.003556e-08,2.032791e-07,163.957733,5.469041e-04
2024-Dec-24 13:39:00.0000,6.923313e+09,9.951579,189.878835,2.132830e-07,299792330.118747,4.265659e-07,1.003556e-08,2.032474e-07,164.027239,5.471360e-04
2024-Dec-24 13:40:00.0000,6.924351e+09,9.953070,189.863709,2.132510e-07,299792330.137907,4.265020e-07,1.003556e-08,2.032155e-07,164.096464,5.473669e-04
2024-Dec-24 13:41:00.0000,6.925397e+09,9.954574,189.848460,2.132188e-07,299792330.157222,4.264376e-07,1.003556e-08,2.031833e-07,164.165408,5.475969e-04
2024-Dec-24 13:42:00.0000,6.926452e+09,9.956090,189.833089,2.131864e-07,299792330.176689,4.263727e-07,1.003556e-08,2.031508e-07,164.234070,5.478259e-04
2024-Dec-24 13:43:00.0000,6.927515e+09,9.957618,189.817596,2.131536e-07,299792330.196309,4.263072e-07,1.003556e-08,2.031181e-07,164.302452,5.480540e-04
2024-Dec-24 13:44:00.0000,6.928587e+09,9.959159,189.801981,2.131207e-07,299792330.216082,4.262413e-07,1.003556e-08,2.030851e-07,164.370553,5.482811e-04
2024-Dec-24 13:45:00.0000,6.929667e+09,9.960712,189.786245,2.130874e-07,299792330.236007,4.261748e-07,1.003556e-08,2.030519e-07,164.438372,5.485074e-04
2024-Dec-24 13:46:00.0000,6.930757e+09,9.962278,189.770387,2.130539e-07,299792330.256085,4.261078e-07,1.003556e-08,2.030184e-07,164.505910,5.487326e-04
2024-Dec-24 13:47:00.0000,6.931854e+09,9.963856,189.754408,2.130202e-07,299792330.276314,4.260404e-07,1.003556e-08,2.029846e-07,164.573166,5.489570e-04
2024-Dec-24 13:48:00.0000,6.932961e+09,9.965446,189.738307,2.129862e-07,299792330.296695,4.259724e-07,1.003556e-08,2.029506e-07,164.640141,5.491804e-04
2024-Dec-24 13:49:00.0000,6.934076e+09,9.967048,189.722086,2.129520e-07,299792330.317228,4.259039e-07,1.003556e-08,2.029164e-07,164.706834,5.494029e-04
2024-Dec-24 13:50:00.0000,6.935199e+09,9.968663,189.705743,2.129175e-07,299792330.337912,4.258349e-07,1.003556e-08,2.028819e-07,164.773246,5.496244e-04
2024-Dec-24 13:51:00.0000,6.936331e+09,9.970290,189.689280,2.128827e-07,299792330.358746,4.257654e-07,1.003556e-08,2.028472e-07,164.839376,5.498450e-04
2024-Dec-24 13:52:00.0000,6.937472e+09,9.971930,189.672697,2.128477e-07,299792330.379731,4.256954e-07,1.003556e-08,2.028122e-07,164.905224,5.500646e-04
2024-Dec-24 13:53:00.0000,6.938621e+09,9.973582,189.655993,2.128125e-07,299792330.400867,4.256249e-07,1.003556e-08,2.027769e-07,164.970790,5.502833e-04
2024-Dec-24 13:54:00.0000,6.939778e+09,9.975246,189.639169,2.127770e-07,299792330.422153,4.255539e-07,1.003556e-08,2.027414e-07,165.036074,5.505011e-04
2024-Dec-24 13:55:00.0000,6.940945e+09,9.976922,189.622225,2.127412e-07,299792330.443588,4.254824e-07,1.003556e-08,2.027057e-07,165.101077,5.507179e-04
2024-Dec-24 13:56:00.0000,6.942119e+09,9.978610,189.605161,2.127052e-07,299792330.465173,4.254104e-07,1.003556e-08,2.026697e-07,165.165798,5.509338e-04
2024-Dec-24 13:57:00.0000,6.943303e+09,9.980311,189.587978,2.126690e-07,299792330.486908,4.253379e-07,1.003556e-08,2.026334e-07,165.230237,5.511487e-04
2024-Dec-24 13:58:00.0000,6.944494e+09,9.982024,189.570676,2.126325e-07,299792330.508791,4.252649e-07,1.003556e-08,2.025969e-07,165.294393,5.513627e-04
2024-Dec-24 13:59:00.0000,6.945695e+09,9.983750,189.553254,2.125957e-07,299792330.530824,4.251914e-07,1.003556e-08,2.025602e-07,165.358268,5.515758e-04
2024-Dec-24 14:00:00.0000,6.946904e+09,9.985487,189.535713,2.125587e-07,299792330.553005,4.251174e-07,1.003556e-08,2.025232e-07,165.421861,5.517879e-04
