Z,symbol,charge,lower_n,upper_n,transition,wavelength_nm,energy_eV,set,origin,source,pred_eV,pred_hz,pred_omega,pred_nm,rel,tag
1,H,0,,,1s→2p,121.567,10.198836726512972,FINAL_UNTOUCHED,MEASURED,APS01 NIST comparison column,3.2554842298651714,787172584559108.9,4945951217516373.0,380.84717872626646,0.6807984756337759,COMPUTED
2,He,0,,,1s²→1s2p ¹P,58.433,21.218181238889027,FINAL_UNTOUCHED,MEASURED,APS01 NIST comparison column,10.222169871505002,2471709678006366.5,1.5530209932463188e+16,121.28951092743497,0.5182353399465905,COMPUTED
3,Li,0,,,2s→2p,670.776,1.8483696261225844,FINAL_UNTOUCHED,MEASURED,APS01 NIST comparison column,0.8485247386881838,205172368979094.47,1289136014208675.0,1461.1736438572127,0.5409334114258436,COMPUTED
4,Be,0,,,2s²→2s2p ¹P,234.861,5.279045837035534,FINAL_UNTOUCHED,MEASURED,APS01 NIST comparison column,2.0663776774416647,499647899413836.44,3139380340360161.0,600.007441944022,0.608569855002046,COMPUTED
5,B,0,,,2s²2p→2s²3s,249.773,4.963875135951454,FINAL_UNTOUCHED,MEASURED,APS01 NIST comparison column,17.22357144668956,4164641046837633.0,2.6167211435167228e+16,71.98518542856019,2.469783379913367,COMPUTED
6,C,0,,,2p²→2p3s,193.091,6.421024202743797,FINAL_UNTOUCHED,MEASURED,APS01 NIST comparison column,18.334691666605977,4433308720679725.0,2.7855300215965976e+16,67.62273437028657,1.855415442721941,COMPUTED
7,N,0,,,2p³→2p²3s,119.955,10.335892495785941,FINAL_UNTOUCHED,MEASURED,APS01 NIST comparison column,24.44901410778266,5911745309220086.0,3.714459126667949e+16,50.71132843501177,1.365447794445501,COMPUTED
8,O,0,,,2p⁴→2p³3s,130.217,9.521352698434171,FINAL_UNTOUCHED,MEASURED,APS01 NIST comparison column,26.43955098672268,6393054985145111.0,4.016874915065497e+16,46.893458400811056,1.7768691932891827,COMPUTED
9,F,0,,,2p⁵→2p⁴3s,95.483,12.98495003646725,FINAL_UNTOUCHED,MEASURED,APS01 NIST comparison column,27.870587652137147,6739078111345238.0,4.234287657313995e+16,44.4856778696925,1.1463761950461657,COMPUTED
10,Ne,0,,,2p⁶→2p⁵3s,73.59,16.847968261068115,FINAL_UNTOUCHED,MEASURED,APS01 NIST comparison column,32.38924873459655,7831685499946700.0,4.920793126371652e+16,38.27943014336317,0.9224424116135628,COMPUTED
11,Na,0,,,3s→3p,588.995,2.105012749398556,FINAL_UNTOUCHED,MEASURED,APS01 NIST comparison column,1.721994185281801,416376341494417.75,2616169711134915.5,720.0035835946247,0.18195546047224226,COMPUTED
12,Mg,0,,,3s²→3s3p ¹P,285.213,4.347073886295514,FINAL_UNTOUCHED,MEASURED,APS01 NIST comparison column,2.3886561427516426,577574485621352.9,3629007521857891.5,519.0541920796313,0.45051402271259633,COMPUTED
13,Al,0,,,3p→4s,394.401,3.1436076083275712,FINAL_UNTOUCHED,MEASURED,APS01 NIST comparison column,20.79419155780306,5028013148462082.0,3.1591938338722724e+16,59.624437953527924,5.614754176926606,COMPUTED
14,Si,0,,,3p²→3p4s,251.611,4.9276143901975775,FINAL_UNTOUCHED,MEASURED,APS01 NIST comparison column,24.200855925701035,5851740927759214.0,3.6767572618718136e+16,51.231327856272415,3.9112722728148945,COMPUTED
17,Cl,0,,,3p⁵→3p⁴4s,134.724,9.202829372138615,FINAL_UNTOUCHED,MEASURED,APS01 NIST comparison column,32.075341180796386,7755782991136902.0,4.873102173558473e+16,38.6540544446118,2.4853782335575896,COMPUTED
18,Ar,0,,,3p⁶→3p⁵4s,104.822,11.828070293755152,FINAL_UNTOUCHED,MEASURED,APS01 NIST comparison column,33.63465973517668,8132824540084398.0,5.1100043656127864e+16,36.86203440421068,1.8436303555732774,COMPUTED
19,K,0,,,4s→4p,766.49,1.6175579385667165,FINAL_UNTOUCHED,MEASURED,APS01 NIST comparison column,1.7711196380296315,428254823120098.25,2690804412356994.0,700.0328818618518,0.09493428074606262,COMPUTED
20,Ca,0,,,4s²→4s4p ¹P,422.673,2.933336135338672,FINAL_UNTOUCHED,MEASURED,APS01 NIST comparison column,2.2003503773630655,532042354128138.25,3342920702255156.5,563.4747979627901,0.2498812697069164,COMPUTED
26,Fe,0,,,3d⁶4s²→3d⁶4s4p,371.994,3.3329623174889984,FINAL_UNTOUCHED,MEASURED,APS01 NIST comparison column,3.5612287042531534,861101269548813.8,5410458844822795.0,348.1500592341253,0.06848753901788104,COMPUTED
29,Cu,0,,,3d¹⁰4s→3d¹⁰4p,324.754,3.8177881853095035,FINAL_UNTOUCHED,MEASURED,APS01 NIST comparison column,3.964928858244093,958715532486625.5,6023787347484819.0,312.7022018955161,0.03854081625082643,COMPUTED
30,Zn,0,,,3d¹⁰4s²→3d¹⁰4s4p,213.856,5.797555291093084,FINAL_UNTOUCHED,MEASURED,APS01 NIST comparison column,4.5518958575921715,1100643521474877.4,6915547202573349.0,272.3792510024263,0.21485943142528494,COMPUTED
1,H,0,1,2,2->1,121.567,10.198836726512972,HLIKE_CONTROL,MEASURED,APS01 NIST comparison column,14.229441028375447,3440663532749358.5,2.161832655591938e+16,87.1321636499697,0.3952023559103055,COMPUTED
1,H,0,1,3,3->1,102.5722,12.08750503871422,HLIKE_CONTROL,MEASURED,APS01 NIST comparison column,16.47950562715226,3984726732133203.5,2.503677645646507e+16,75.23538705488785,0.36335046598708426,COMPUTED
1,H,0,2,3,3->2,656.4614,1.888674618693502,HLIKE_CONTROL,MEASURED,APS01 NIST comparison column,2.250064598776814,544063199383845.4,3418449900545695.0,551.0250616831219,0.19134581282894825,COMPUTED
2,He,1,1,2,2->1,30.3785,40.813140356897236,HLIKE_CONTROL,MEASURED,APS01 NIST comparison column,56.94101507475324,1.3768276188414848e+16,8.650863065223874e+16,21.774146152897252,0.39516377756828175,COMPUTED
2,He,1,1,3,3->1,25.6317,48.3714300780675,HLIKE_CONTROL,MEASURED,APS01 NIST comparison column,65.9449500840504,1.594541798730608e+16,1.0018801601467866e+17,18.80116646918008,0.36330371001272227,COMPUTED
3,Li,2,1,2,2->1,13.5006,91.83606538464976,HLIKE_CONTROL,MEASURED,APS01 NIST comparison column,128.124755045621,3.098042793450769e+16,1.9465576960823472e+17,9.676833988018442,0.39514638948193465,COMPUTED
3,Li,2,1,3,3->1,11.3921,108.83348849922338,HLIKE_CONTROL,MEASURED,APS01 NIST comparison column,148.38479020653946,3.587928264084399e+16,2.2543618152109456e+17,8.355586732348002,0.3634111361559298,COMPUTED
