study_id,source_class,source_name,source_dataset,study_section,z_total,z_star_grav,z_galaxy_grav,z_rotation_host,z_sun_galactic,z_MW_bulk,z_cosmo,H0_corrected,delta_v_kms,tau_days,r_BLR_lt_d,z_grav_BLR,z_grav_to_total_fraction,observational_basis
CR01-SNE-H0,SN Ia,SN2011fe/M101,SNe Ia,SN/host correction,0.000804,1.2e-06,4.907e-07,0.0001082,-0.0003821,2.309e-06,0.001074,50.3,,,,,,Published heliocentric SN Ia redshifts decomposed into MW + host + cosmological terms.
CR01-SNE-H0,SN Ia,SN2012cg/NGC4424,SNe Ia,SN/host correction,0.001458,1.2e-06,2.503e-07,-0.0002721,0.0001997,-0.001485,0.003014,59.45,,,,,,Published heliocentric SN Ia redshifts decomposed into MW + host + cosmological terms.
CR01-SNE-H0,SN Ia,SN1998aq/NGC3982,SNe Ia,SN/host correction,0.003699,1.2e-06,3.605e-07,0.0001053,-0.000169,-0.0004871,0.004248,58.16,,,,,,Published heliocentric SN Ia redshifts decomposed into MW + host + cosmological terms.
CR01-SNE-H0,SN Ia,SN2001el/NGC1448,SNe Ia,SN/host correction,0.00461,1.2e-06,4.017e-07,0.0004897,0.0002365,0.0004139,0.003468,56.82,,,,,,Published heliocentric SN Ia redshifts decomposed into MW + host + cosmological terms.
CR01-SNE-H0,SN Ia,SN2007af/NGC5584,SNe Ia,SN/host correction,0.005464,1.2e-06,4.451e-07,0.0001339,0.0002407,-0.001491,0.006579,87.66,,,,,,Published heliocentric SN Ia redshifts decomposed into MW + host + cosmological terms.
CR01-SNE-H0,SN Ia,SN2009ig/NGC1015,SNe Ia,SN/host correction,0.008726,1.2e-06,3.407e-07,-0.0001507,-8.235e-05,0.001211,0.007746,64.33,,,,,,Published heliocentric SN Ia redshifts decomposed into MW + host + cosmological terms.
CR01-SNE-H0,SN Ia,SN2002fk/NGC1309,SNe Ia,SN/host correction,0.007125,1.2e-06,3.808e-07,0.0002522,3.554e-05,0.0008307,0.006005,55.39,,,,,,Published heliocentric SN Ia redshifts decomposed into MW + host + cosmological terms.
CR01-SNE-H0,SN Ia,SN2007sr/NGC4038,SNe Ia,SN/host correction,0.005765,1.2e-06,3.029e-07,-0.000362,0.0004429,-0.00189,0.007573,105.6,,,,,,Published heliocentric SN Ia redshifts decomposed into MW + host + cosmological terms.
CR01-SNE-H0,SN Ia,SN1994ae/NGC3370,SNe Ia,SN/host correction,0.004267,1.2e-06,4.231e-07,0.0003197,0.0003557,-0.001296,0.004886,51.22,,,,,,Published heliocentric SN Ia redshifts decomposed into MW + host + cosmological terms.
CR01-SNE-H0,SN Ia,SN2012hr/NGC1448,SNe Ia,SN/host correction,0.00461,1.2e-06,4.017e-07,-0.0004897,0.0002365,0.0004139,0.004448,72.86,,,,,,Published heliocentric SN Ia redshifts decomposed into MW + host + cosmological terms.
CR01-ZLADDER,SNe Ia,SN2011fe/M101,multi-source,gradient ladder,0.0008,,4.907e-07,0.0001082,-0.0003821,2.309e-06,0.001074,50.3,,,,,,"Source-class redshift ladder across SNe Ia, clusters and AGN/quasars."
CR01-ZLADDER,SNe Ia,SN2012cg/N4424,multi-source,gradient ladder,0.0015,,2.503e-07,-0.0002721,0.0001997,-0.001485,0.003014,59.45,,,,,,"Source-class redshift ladder across SNe Ia, clusters and AGN/quasars."
CR01-ZLADDER,SNe Ia,SN1998aq/N3982,multi-source,gradient ladder,0.0037,,3.605e-07,0.0001053,-0.000169,-0.0004871,0.004248,58.16,,,,,,"Source-class redshift ladder across SNe Ia, clusters and AGN/quasars."
CR01-ZLADDER,SNe Ia,SN2001el/N1448,multi-source,gradient ladder,0.0046,,4.017e-07,0.0004897,0.0002365,0.0004139,0.003468,56.82,,,,,,"Source-class redshift ladder across SNe Ia, clusters and AGN/quasars."
CR01-ZLADDER,SNe Ia,SN2007af/N5584,multi-source,gradient ladder,0.0055,,4.451e-07,0.0001339,0.0002407,-0.001491,0.006579,87.66,,,,,,"Source-class redshift ladder across SNe Ia, clusters and AGN/quasars."
CR01-ZLADDER,SNe Ia,SN2009ig/N1015,multi-source,gradient ladder,0.0087,,3.407e-07,-0.0001507,-8.235e-05,0.001211,0.007746,64.33,,,,,,"Source-class redshift ladder across SNe Ia, clusters and AGN/quasars."
CR01-ZLADDER,SNe Ia,SN2002fk/N1309,multi-source,gradient ladder,0.0071,,3.808e-07,0.0002522,3.554e-05,0.0008307,0.006005,55.39,,,,,,"Source-class redshift ladder across SNe Ia, clusters and AGN/quasars."
CR01-ZLADDER,SNe Ia,SN2007sr/N4038,multi-source,gradient ladder,0.0058,,3.029e-07,-0.000362,0.0004429,-0.00189,0.007573,105.6,,,,,,"Source-class redshift ladder across SNe Ia, clusters and AGN/quasars."
CR01-ZLADDER,SNe Ia,SN1994ae/N3370,multi-source,gradient ladder,0.0043,,4.231e-07,0.0003197,0.0003557,-0.001296,0.004886,51.22,,,,,,"Source-class redshift ladder across SNe Ia, clusters and AGN/quasars."
CR01-ZLADDER,SNe Ia,SN2012hr/N1448,multi-source,gradient ladder,0.0046,,4.017e-07,-0.0004897,0.0002365,0.0004139,0.004448,72.86,,,,,,"Source-class redshift ladder across SNe Ia, clusters and AGN/quasars."
CR01-ZLADDER,Galaxy Cluster,Abell 1656 (Coma),multi-source,gradient ladder,0.0231,,7.121e-06,0.0001334,-2.301e-05,-0.0009952,0.023976,72.61,,,,,,"Source-class redshift ladder across SNe Ia, clusters and AGN/quasars."
CR01-ZLADDER,Galaxy Cluster,Abell 2029,multi-source,gradient ladder,0.0773,,1.004e-05,-0.0004074,-0.0001006,-0.0006345,0.078431,71.25,,,,,,"Source-class redshift ladder across SNe Ia, clusters and AGN/quasars."
CR01-ZLADDER,Galaxy Cluster,Abell 2142,multi-source,gradient ladder,0.0909,,9.012e-06,0.0005166,-2.214e-05,-0.0008435,0.091239,70.14,,,,,,"Source-class redshift ladder across SNe Ia, clusters and AGN/quasars."
CR01-ZLADDER,Galaxy Cluster,Abell 2744,multi-source,gradient ladder,0.308,,1.346e-05,-0.001124,9.942e-05,0.0005799,0.30843,71.68,,,,,,"Source-class redshift ladder across SNe Ia, clusters and AGN/quasars."
CR01-ZLADDER,Galaxy Cluster,Abell 370,multi-source,gradient ladder,0.375,,1.004e-05,0.001372,-8.997e-05,0.0012,0.372507,71.13,,,,,,"Source-class redshift ladder across SNe Ia, clusters and AGN/quasars."
CR01-ZLADDER,Galaxy Cluster,MACS J0416,multi-source,gradient ladder,0.397,,1.227e-05,-0.0008668,1.168e-05,0.0009135,0.396928,71.68,,,,,,"Source-class redshift ladder across SNe Ia, clusters and AGN/quasars."
CR01-ZLADDER,Galaxy Cluster,MACS J0717,multi-source,gradient ladder,0.5458,,1.602e-05,0.0008197,-1.037e-05,-9.88e-05,0.545072,71.67,,,,,,"Source-class redshift ladder across SNe Ia, clusters and AGN/quasars."
CR01-ZLADDER,Galaxy Cluster,RXJ1347-1145,multi-source,gradient ladder,0.451,,1.471e-05,-0.001479,0.000372,-0.001713,0.453805,71.98,,,,,,"Source-class redshift ladder across SNe Ia, clusters and AGN/quasars."
CR01-ZLADDER,Galaxy Cluster,MS1054-03,multi-source,gradient ladder,0.823,,1.113e-05,0.00115,0.0006688,-0.002057,0.823226,71.74,,,,,,"Source-class redshift ladder across SNe Ia, clusters and AGN/quasars."
CR01-ZLADDER,Galaxy Cluster,RDCS1252-2927,multi-source,gradient ladder,1.235,,9.012e-06,-0.0009471,0.0005902,-0.002006,1.237352,71.75,,,,,,"Source-class redshift ladder across SNe Ia, clusters and AGN/quasars."
CR01-ZLADDER,AGN/Quasar,NGC 4151,multi-source,gradient ladder,0.0033,,4.451e-07,8.576e-05,-8.407e-05,-0.0007714,0.003739,70.95,,,,,,"Source-class redshift ladder across SNe Ia, clusters and AGN/quasars."
CR01-ZLADDER,AGN/Quasar,NGC 5548,multi-source,gradient ladder,0.0172,,5.385e-07,-0.0001557,-0.000137,-0.0007216,0.017819,74.19,,,,,,"Source-class redshift ladder across SNe Ia, clusters and AGN/quasars."
CR01-ZLADDER,AGN/Quasar,3C 273,multi-source,gradient ladder,0.1583,,1.78e-06,0.0003336,0.0003155,-0.001703,0.149377,67.85,,,,,,"Source-class redshift ladder across SNe Ia, clusters and AGN/quasars."
CR01-ZLADDER,AGN/Quasar,SDSS J0100+2802,multi-source,gradient ladder,6.3258,,2.782e-06,-0.0003826,-0.0005608,0.001945,6.306993,67.53,,,,,,"Source-class redshift ladder across SNe Ia, clusters and AGN/quasars."
CR01-ZLADDER,AGN/Quasar,SDSS J1148+5251,multi-source,gradient ladder,6.4189,,2.564e-06,0.0003602,-0.0002604,-0.0002671,6.402998,67.59,,,,,,"Source-class redshift ladder across SNe Ia, clusters and AGN/quasars."
CR01-ZLADDER,AGN/Quasar,ULAS J1120+0641,multi-source,gradient ladder,7.0842,,2.894e-06,-0.0005237,0.0003133,-0.00154,7.063417,67.44,,,,,,"Source-class redshift ladder across SNe Ia, clusters and AGN/quasars."
CR01-ZLADDER,AGN/Quasar,HE 2347-4342,multi-source,gradient ladder,2.885,,1.363e-06,0.0004953,0.00012,0.0005373,2.881343,67.48,,,,,,"Source-class redshift ladder across SNe Ia, clusters and AGN/quasars."
CR01-ZLADDER,AGN/Quasar,QSO B1422+231,multi-source,gradient ladder,3.62,,1.607e-06,-0.0004369,-0.0002317,-0.0004701,3.616687,67.77,,,,,,"Source-class redshift ladder across SNe Ia, clusters and AGN/quasars."
CR01-ZLADDER,AGN/Quasar,SDSS J0313-1806,multi-source,gradient ladder,7.6423,,3.009e-06,0.0003482,5.702e-05,0.0007988,7.613277,67.33,,,,,,"Source-class redshift ladder across SNe Ia, clusters and AGN/quasars."
CR01-ZLADDER,AGN/Quasar,GRB 090423,multi-source,gradient ladder,8.2,,2.503e-07,-0.00026,-0.0007081,0.002067,8.1989,68.28,,,,,,"Source-class redshift ladder across SNe Ia, clusters and AGN/quasars."
CR01-AGN-ZGRAV,AGN/Quasar,NGC 4151,AGN/BLR,BLR gravitational systematic,0.003319,,,,,,,,5600.0,6.6,6.6,0.00034893,0.10513,Reverberation-mapped BLR line widths and lag measurements.
CR01-AGN-ZGRAV,AGN/Quasar,NGC 5548,AGN/BLR,BLR gravitational systematic,0.017175,,,,,,,,5765.0,13.0,13.0,0.00036979,0.021530999999999998,Reverberation-mapped BLR line widths and lag measurements.
CR01-AGN-ZGRAV,AGN/Quasar,NGC 3783,AGN/BLR,BLR gravitational systematic,0.00973,,,,,,,,3720.0,4.0,4.0,0.00015397,0.015825,Reverberation-mapped BLR line widths and lag measurements.
CR01-AGN-ZGRAV,AGN/Quasar,NGC 4051,AGN/BLR,BLR gravitational systematic,0.002336,,,,,,,,1200.0,6.3,6.3,1.6022e-05,0.006859,Reverberation-mapped BLR line widths and lag measurements.
CR01-AGN-ZGRAV,AGN/Quasar,NGC 7469,AGN/BLR,BLR gravitational systematic,0.016317,,,,,,,,4200.0,12.5,12.5,0.00019627,0.012029000000000001,Reverberation-mapped BLR line widths and lag measurements.
CR01-AGN-ZGRAV,AGN/Quasar,3C 273,AGN/BLR,BLR gravitational systematic,0.158339,,,,,,,,30000.0,380.0,380.0,0.010014,0.063243,Reverberation-mapped BLR line widths and lag measurements.
CR01-AGN-ZGRAV,AGN/Quasar,Mrk 110,AGN/BLR,BLR gravitational systematic,0.035291,,,,,,,,4300.0,25.6,25.6,0.00020573,0.005829999999999999,Reverberation-mapped BLR line widths and lag measurements.
CR01-AGN-ZGRAV,AGN/Quasar,Mrk 509,AGN/BLR,BLR gravitational systematic,0.034397,,,,,,,,5600.0,80.1,80.1,0.00034893,0.010144,Reverberation-mapped BLR line widths and lag measurements.
CR01-AGN-ZGRAV,AGN/Quasar,PG 2130+099,AGN/BLR,BLR gravitational systematic,0.062985,,,,,,,,7900.0,22.9,22.9,0.0006944,0.011025,Reverberation-mapped BLR line widths and lag measurements.
CR01-AGN-ZGRAV,AGN/Quasar,Mrk 79,AGN/BLR,BLR gravitational systematic,0.022189,,,,,,,,6200.0,15.6,15.6,0.0004277,0.019275,Reverberation-mapped BLR line widths and lag measurements.
