Z,N,A,symbol,radius_fm,unc_radius_fm,source
1,0,1,H,0.8783,0.0086,IAEA LiveChart
1,1,2,H,2.1421,0.0088,IAEA LiveChart
1,2,3,H,1.7591,0.0363,IAEA LiveChart
2,1,3,He,1.9661,0.0030,IAEA LiveChart
2,2,4,He,1.6755,0.0028,IAEA LiveChart
2,4,6,He,2.0660,0.0111,IAEA LiveChart
2,6,8,He,1.9239,0.0306,IAEA LiveChart
3,3,6,Li,2.5890,0.0390,IAEA LiveChart
3,4,7,Li,2.4440,0.0420,IAEA LiveChart
3,5,8,Li,2.3390,0.0440,IAEA LiveChart
3,6,9,Li,2.2450,0.0460,IAEA LiveChart
3,8,11,Li,2.4820,0.0430,IAEA LiveChart
4,3,7,Be,2.6460,0.0160,IAEA LiveChart
4,5,9,Be,2.5190,0.0120,IAEA LiveChart
4,6,10,Be,2.3550,0.0170,IAEA LiveChart
4,7,11,Be,2.4630,0.0150,IAEA LiveChart
5,5,10,B,2.4277,0.0499,IAEA LiveChart
5,6,11,B,2.4060,0.0294,IAEA LiveChart
6,6,12,C,2.4702,0.0022,IAEA LiveChart
6,7,13,C,2.4614,0.0034,IAEA LiveChart
6,8,14,C,2.5025,0.0087,IAEA LiveChart
7,7,14,N,2.5582,0.0070,IAEA LiveChart
7,8,15,N,2.6058,0.0080,IAEA LiveChart
8,8,16,O,2.6991,0.0052,IAEA LiveChart
8,9,17,O,2.6932,0.0075,IAEA LiveChart
8,10,18,O,2.7726,0.0056,IAEA LiveChart
9,10,19,F,2.8976,0.0025,IAEA LiveChart
10,7,17,Ne,3.0413,0.0088,IAEA LiveChart
10,8,18,Ne,2.9714,0.0076,IAEA LiveChart
10,9,19,Ne,3.0082,0.0040,IAEA LiveChart
10,10,20,Ne,3.0055,0.0021,IAEA LiveChart
10,11,21,Ne,2.9695,0.0033,IAEA LiveChart
10,12,22,Ne,2.9525,0.0040,IAEA LiveChart
10,13,23,Ne,2.9104,0.0071,IAEA LiveChart
10,14,24,Ne,2.9007,0.0078,IAEA LiveChart
10,15,25,Ne,2.9316,0.0088,IAEA LiveChart
10,16,26,Ne,2.9251,0.0100,IAEA LiveChart
10,18,28,Ne,2.9642,0.0134,IAEA LiveChart
11,9,20,Na,2.9718,0.0420,IAEA LiveChart
11,10,21,Na,3.0136,0.0284,IAEA LiveChart
11,11,22,Na,2.9852,0.0169,IAEA LiveChart
11,12,23,Na,2.9936,0.0021,IAEA LiveChart
11,13,24,Na,2.9735,0.0169,IAEA LiveChart
11,14,25,Na,2.9769,0.0252,IAEA LiveChart
11,15,26,Na,2.9928,0.0331,IAEA LiveChart
11,16,27,Na,3.0136,0.0467,IAEA LiveChart
11,17,28,Na,3.0400,0.0581,IAEA LiveChart
11,18,29,Na,3.0922,0.0723,IAEA LiveChart
11,19,30,Na,3.1180,0.0884,IAEA LiveChart
11,20,31,Na,3.1704,0.0893,IAEA LiveChart
12,12,24,Mg,3.0570,0.0016,IAEA LiveChart
12,13,25,Mg,3.0284,0.0022,IAEA LiveChart
12,14,26,Mg,3.0337,0.0018,IAEA LiveChart
13,14,27,Al,3.0610,0.0031,IAEA LiveChart
14,14,28,Si,3.1224,0.0024,IAEA LiveChart
14,15,29,Si,3.1176,0.0052,IAEA LiveChart
14,16,30,Si,3.1336,0.0040,IAEA LiveChart
15,16,31,P,3.1889,0.0019,IAEA LiveChart
16,16,32,S,3.2611,0.0018,IAEA LiveChart
16,18,34,S,3.2847,0.0021,IAEA LiveChart
16,20,36,S,3.2985,0.0024,IAEA LiveChart
17,18,35,Cl,3.3654,0.0191,IAEA LiveChart
17,20,37,Cl,3.3840,0.0170,IAEA LiveChart
18,14,32,Ar,3.3468,0.0062,IAEA LiveChart
18,15,33,Ar,3.3438,0.0058,IAEA LiveChart
18,16,34,Ar,3.3654,0.0040,IAEA LiveChart
18,17,35,Ar,3.3636,0.0042,IAEA LiveChart
18,18,36,Ar,3.3905,0.0023,IAEA LiveChart
18,19,37,Ar,3.3908,0.0022,IAEA LiveChart
18,20,38,Ar,3.4028,0.0019,IAEA LiveChart
18,21,39,Ar,3.4093,0.0031,IAEA LiveChart
18,22,40,Ar,3.4274,0.0026,IAEA LiveChart
18,23,41,Ar,3.4251,0.0030,IAEA LiveChart
18,24,42,Ar,3.4414,0.0041,IAEA LiveChart
18,25,43,Ar,3.4354,0.0039,IAEA LiveChart
18,26,44,Ar,3.4454,0.0046,IAEA LiveChart
18,28,46,Ar,3.4377,0.0044,IAEA LiveChart
19,19,38,K,3.4264,0.0051,IAEA LiveChart
19,20,39,K,3.4349,0.0019,IAEA LiveChart
19,21,40,K,3.4381,0.0028,IAEA LiveChart
19,22,41,K,3.4518,0.0055,IAEA LiveChart
19,23,42,K,3.4517,0.0070,IAEA LiveChart
19,24,43,K,3.4556,0.0086,IAEA LiveChart
19,25,44,K,3.4563,0.0101,IAEA LiveChart
19,26,45,K,3.4605,0.0118,IAEA LiveChart
19,27,46,K,3.4558,0.0126,IAEA LiveChart
19,28,47,K,3.4534,0.0138,IAEA LiveChart
20,19,39,Ca,3.4595,0.0025,IAEA LiveChart
20,20,40,Ca,3.4776,0.0019,IAEA LiveChart
20,21,41,Ca,3.4780,0.0019,IAEA LiveChart
20,22,42,Ca,3.5081,0.0021,IAEA LiveChart
20,23,43,Ca,3.4954,0.0019,IAEA LiveChart
20,24,44,Ca,3.5179,0.0021,IAEA LiveChart
20,25,45,Ca,3.4944,0.0021,IAEA LiveChart
20,26,46,Ca,3.4953,0.0020,IAEA LiveChart
20,27,47,Ca,3.4783,0.0024,IAEA LiveChart
20,28,48,Ca,3.4771,0.0020,IAEA LiveChart
20,30,50,Ca,3.5168,0.0064,IAEA LiveChart
21,21,42,Sc,3.5702,0.0238,IAEA LiveChart
21,22,43,Sc,3.5575,0.0147,IAEA LiveChart
21,23,44,Sc,3.5432,0.0016,IAEA LiveChart
21,24,45,Sc,3.5459,0.0025,IAEA LiveChart
21,25,46,Sc,3.5243,0.0089,IAEA LiveChart
22,22,44,Ti,3.6115,0.0051,IAEA LiveChart
22,23,45,Ti,3.5939,0.0032,IAEA LiveChart
22,24,46,Ti,3.6070,0.0022,IAEA LiveChart
22,25,47,Ti,3.5962,0.0019,IAEA LiveChart
22,26,48,Ti,3.5921,0.0017,IAEA LiveChart
22,27,49,Ti,3.5733,0.0021,IAEA LiveChart
22,28,50,Ti,3.5704,0.0022,IAEA LiveChart
23,28,51,V,3.6002,0.0022,IAEA LiveChart
24,26,50,Cr,3.6588,0.0065,IAEA LiveChart
24,28,52,Cr,3.6452,0.0042,IAEA LiveChart
24,29,53,Cr,3.6511,0.0075,IAEA LiveChart
24,30,54,Cr,3.6885,0.0074,IAEA LiveChart
25,25,50,Mn,3.7120,0.0196,IAEA LiveChart
25,26,51,Mn,3.7026,0.0212,IAEA LiveChart
25,27,52,Mn,3.6706,0.0128,IAEA LiveChart
25,28,53,Mn,3.6662,0.0076,IAEA LiveChart
25,29,54,Mn,3.6834,0.0049,IAEA LiveChart
25,30,55,Mn,3.7057,0.0022,IAEA LiveChart
25,31,56,Mn,3.7146,0.0052,IAEA LiveChart
26,28,54,Fe,3.6933,0.0019,IAEA LiveChart
26,30,56,Fe,3.7377,0.0016,IAEA LiveChart
26,31,57,Fe,3.7532,0.0017,IAEA LiveChart
26,32,58,Fe,3.7745,0.0014,IAEA LiveChart
27,32,59,Co,3.7875,0.0021,IAEA LiveChart
28,30,58,Ni,3.7757,0.0020,IAEA LiveChart
28,32,60,Ni,3.8118,0.0016,IAEA LiveChart
28,33,61,Ni,3.8225,0.0019,IAEA LiveChart
28,34,62,Ni,3.8399,0.0021,IAEA LiveChart
28,36,64,Ni,3.8572,0.0023,IAEA LiveChart
29,34,63,Cu,3.8823,0.0015,IAEA LiveChart
29,36,65,Cu,3.9022,0.0014,IAEA LiveChart
30,34,64,Zn,3.9283,0.0015,IAEA LiveChart
30,36,66,Zn,3.9491,0.0014,IAEA LiveChart
30,37,67,Zn,3.9530,0.0027,IAEA LiveChart
30,38,68,Zn,3.9658,0.0014,IAEA LiveChart
30,40,70,Zn,3.9845,0.0019,IAEA LiveChart
31,38,69,Ga,3.9973,0.0017,IAEA LiveChart
31,40,71,Ga,4.0118,0.0018,IAEA LiveChart
32,38,70,Ge,4.0414,0.0012,IAEA LiveChart
32,40,72,Ge,4.0576,0.0013,IAEA LiveChart
32,41,73,Ge,4.0632,0.0014,IAEA LiveChart
32,42,74,Ge,4.0742,0.0012,IAEA LiveChart
32,44,76,Ge,4.0811,0.0012,IAEA LiveChart
33,42,75,As,4.0968,0.0020,IAEA LiveChart
34,40,74,Se,4.0700,0.0200,IAEA LiveChart
34,42,76,Se,4.1395,0.0016,IAEA LiveChart
34,43,77,Se,4.1395,0.0018,IAEA LiveChart
34,44,78,Se,4.1406,0.0017,IAEA LiveChart
34,46,80,Se,4.1400,0.0018,IAEA LiveChart
34,48,82,Se,4.1400,0.0019,IAEA LiveChart
35,44,79,Br,4.1629,0.0021,IAEA LiveChart
35,46,81,Br,4.1599,0.0021,IAEA LiveChart
36,36,72,Kr,4.1635,0.0060,IAEA LiveChart
36,38,74,Kr,4.1870,0.0041,IAEA LiveChart
36,39,75,Kr,4.2097,0.0041,IAEA LiveChart
36,40,76,Kr,4.2020,0.0036,IAEA LiveChart
36,41,77,Kr,4.2082,0.0037,IAEA LiveChart
36,42,78,Kr,4.2038,0.0033,IAEA LiveChart
36,43,79,Kr,4.2034,0.0032,IAEA LiveChart
36,44,80,Kr,4.1970,0.0029,IAEA LiveChart
36,45,81,Kr,4.1952,0.0026,IAEA LiveChart
36,46,82,Kr,4.1919,0.0025,IAEA LiveChart
36,47,83,Kr,4.1871,0.0023,IAEA LiveChart
36,48,84,Kr,4.1884,0.0022,IAEA LiveChart
36,49,85,Kr,4.1846,0.0022,IAEA LiveChart
36,50,86,Kr,4.1835,0.0021,IAEA LiveChart
36,51,87,Kr,4.1984,0.0027,IAEA LiveChart
36,52,88,Kr,4.2171,0.0043,IAEA LiveChart
36,53,89,Kr,4.2286,0.0054,IAEA LiveChart
36,54,90,Kr,4.2423,0.0069,IAEA LiveChart
36,55,91,Kr,4.2543,0.0081,IAEA LiveChart
36,56,92,Kr,4.2724,0.0099,IAEA LiveChart
36,57,93,Kr,4.2794,0.0107,IAEA LiveChart
36,58,94,Kr,4.3002,0.0129,IAEA LiveChart
36,59,95,Kr,4.3067,0.0136,IAEA LiveChart
36,60,96,Kr,4.3267,0.0158,IAEA LiveChart
37,39,76,Rb,4.2273,0.0070,IAEA LiveChart
37,40,77,Rb,4.2356,0.0080,IAEA LiveChart
37,41,78,Rb,4.2385,0.0083,IAEA LiveChart
37,42,79,Rb,4.2284,0.0065,IAEA LiveChart
37,43,80,Rb,4.2271,0.0061,IAEA LiveChart
37,44,81,Rb,4.2213,0.0051,IAEA LiveChart
37,45,82,Rb,4.2160,0.0042,IAEA LiveChart
37,46,83,Rb,4.2058,0.0028,IAEA LiveChart
37,47,84,Rb,4.1999,0.0023,IAEA LiveChart
37,48,85,Rb,4.2036,0.0024,IAEA LiveChart
37,49,86,Rb,4.2025,0.0023,IAEA LiveChart
37,50,87,Rb,4.1989,0.0021,IAEA LiveChart
37,51,88,Rb,4.2170,0.0038,IAEA LiveChart
37,52,89,Rb,4.2391,0.0074,IAEA LiveChart
37,53,90,Rb,4.2554,0.0102,IAEA LiveChart
37,54,91,Rb,4.2723,0.0131,IAEA LiveChart
37,55,92,Rb,4.2903,0.0163,IAEA LiveChart
37,56,93,Rb,4.3048,0.0187,IAEA LiveChart
37,57,94,Rb,4.3184,0.0211,IAEA LiveChart
37,58,95,Rb,4.3391,0.0248,IAEA LiveChart
37,59,96,Rb,4.3501,0.0267,IAEA LiveChart
37,60,97,Rb,4.4231,0.0395,IAEA LiveChart
37,61,98,Rb,4.4336,0.0414,IAEA LiveChart
38,39,77,Sr,4.2569,0.0044,IAEA LiveChart
38,40,78,Sr,4.2561,0.0040,IAEA LiveChart
38,41,79,Sr,4.2586,0.0039,IAEA LiveChart
38,42,80,Sr,4.2562,0.0037,IAEA LiveChart
38,43,81,Sr,4.2547,0.0034,IAEA LiveChart
38,44,82,Sr,4.2478,0.0030,IAEA LiveChart
38,45,83,Sr,4.2455,0.0027,IAEA LiveChart
38,46,84,Sr,4.2394,0.0024,IAEA LiveChart
38,47,85,Sr,4.2304,0.0021,IAEA LiveChart
38,48,86,Sr,4.2307,0.0020,IAEA LiveChart
38,49,87,Sr,4.2249,0.0019,IAEA LiveChart
38,50,88,Sr,4.2240,0.0018,IAEA LiveChart
38,51,89,Sr,4.2407,0.0023,IAEA LiveChart
38,52,90,Sr,4.2611,0.0037,IAEA LiveChart
38,53,91,Sr,4.2740,0.0046,IAEA LiveChart
38,54,92,Sr,4.2924,0.0064,IAEA LiveChart
38,55,93,Sr,4.3026,0.0075,IAEA LiveChart
38,56,94,Sr,4.3191,0.0091,IAEA LiveChart
38,57,95,Sr,4.3305,0.0102,IAEA LiveChart
38,58,96,Sr,4.3522,0.0125,IAEA LiveChart
38,59,97,Sr,4.3625,0.0135,IAEA LiveChart
38,60,98,Sr,4.4377,0.0214,IAEA LiveChart
38,61,99,Sr,4.4495,0.0226,IAEA LiveChart
38,62,100,Sr,4.4640,0.0240,IAEA LiveChart
39,47,86,Y,4.2513,0.0023,IAEA LiveChart
39,48,87,Y,4.2498,0.0022,IAEA LiveChart
39,49,88,Y,4.2441,0.0021,IAEA LiveChart
39,50,89,Y,4.2430,0.0021,IAEA LiveChart
39,51,90,Y,4.2573,0.0026,IAEA LiveChart
39,53,92,Y,4.2887,0.0050,IAEA LiveChart
39,54,93,Y,4.3052,0.0065,IAEA LiveChart
39,55,94,Y,4.3142,0.0074,IAEA LiveChart
39,56,95,Y,4.3284,0.0087,IAEA LiveChart
39,57,96,Y,4.3402,0.0099,IAEA LiveChart
39,58,97,Y,4.3580,0.0116,IAEA LiveChart
39,59,98,Y,4.3711,0.0129,IAEA LiveChart
39,60,99,Y,4.4658,0.0223,IAEA LiveChart
39,61,100,Y,4.4705,0.0228,IAEA LiveChart
39,62,101,Y,4.4863,0.0244,IAEA LiveChart
39,63,102,Y,4.4911,0.0249,IAEA LiveChart
40,47,87,Zr,4.2789,0.0030,IAEA LiveChart
40,48,88,Zr,4.2787,0.0025,IAEA LiveChart
40,49,89,Zr,4.2706,0.0010,IAEA LiveChart
40,50,90,Zr,4.2694,0.0010,IAEA LiveChart
40,51,91,Zr,4.2845,0.0013,IAEA LiveChart
40,52,92,Zr,4.3057,0.0013,IAEA LiveChart
40,54,94,Zr,4.3320,0.0013,IAEA LiveChart
40,56,96,Zr,4.3512,0.0015,IAEA LiveChart
40,57,97,Zr,4.3792,0.0136,IAEA LiveChart
40,58,98,Zr,4.4012,0.0164,IAEA LiveChart
40,59,99,Zr,4.4156,0.0181,IAEA LiveChart
40,60,100,Zr,4.4891,0.0289,IAEA LiveChart
40,61,101,Zr,4.5119,0.0318,IAEA LiveChart
40,62,102,Zr,4.5292,0.0340,IAEA LiveChart
41,49,90,Nb,4.2891,0.0040,IAEA LiveChart
41,50,91,Nb,4.2878,0.0040,IAEA LiveChart
41,51,92,Nb,4.3026,0.0043,IAEA LiveChart
41,52,93,Nb,4.3240,0.0017,IAEA LiveChart
41,58,99,Nb,4.4062,0.0125,IAEA LiveChart
41,60,101,Nb,4.4861,0.0203,IAEA LiveChart
41,62,103,Nb,4.5097,0.0227,IAEA LiveChart
42,48,90,Mo,4.3265,0.0016,IAEA LiveChart
42,49,91,Mo,4.3182,0.0012,IAEA LiveChart
42,50,92,Mo,4.3151,0.0012,IAEA LiveChart
42,52,94,Mo,4.3529,0.0013,IAEA LiveChart
42,53,95,Mo,4.3628,0.0018,IAEA LiveChart
42,54,96,Mo,4.3847,0.0015,IAEA LiveChart
42,55,97,Mo,4.3880,0.0015,IAEA LiveChart
42,56,98,Mo,4.4091,0.0018,IAEA LiveChart
42,58,100,Mo,4.4468,0.0025,IAEA LiveChart
42,60,102,Mo,4.4914,0.0038,IAEA LiveChart
42,61,103,Mo,4.5145,0.0046,IAEA LiveChart
42,62,104,Mo,4.5249,0.0051,IAEA LiveChart
42,63,105,Mo,4.5389,0.0057,IAEA LiveChart
42,64,106,Mo,4.5490,0.0058,IAEA LiveChart
42,66,108,Mo,4.5602,0.0067,IAEA LiveChart
44,52,96,Ru,4.3908,0.0047,IAEA LiveChart
44,54,98,Ru,4.4229,0.0055,IAEA LiveChart
44,55,99,Ru,4.4338,0.0042,IAEA LiveChart
44,56,100,Ru,4.4531,0.0031,IAEA LiveChart
44,57,101,Ru,4.4606,0.0020,IAEA LiveChart
44,58,102,Ru,4.4809,0.0018,IAEA LiveChart
44,60,104,Ru,4.5098,0.0020,IAEA LiveChart
45,58,103,Rh,4.4945,0.0023,IAEA LiveChart
46,56,102,Pd,4.4827,0.0044,IAEA LiveChart
46,58,104,Pd,4.5078,0.0027,IAEA LiveChart
46,59,105,Pd,4.5150,0.0030,IAEA LiveChart
46,60,106,Pd,4.5318,0.0029,IAEA LiveChart
46,62,108,Pd,4.5563,0.0027,IAEA LiveChart
46,64,110,Pd,4.5782,0.0030,IAEA LiveChart
47,54,101,Ag,4.4799,0.0088,IAEA LiveChart
47,56,103,Ag,4.5036,0.0065,IAEA LiveChart
47,57,104,Ag,4.5119,0.0058,IAEA LiveChart
47,58,105,Ag,4.5269,0.0045,IAEA LiveChart
47,60,107,Ag,4.5454,0.0031,IAEA LiveChart
47,62,109,Ag,4.5638,0.0025,IAEA LiveChart
48,54,102,Cd,4.4810,0.0122,IAEA LiveChart
48,55,103,Cd,4.4951,0.0105,IAEA LiveChart
48,56,104,Cd,4.5122,0.0083,IAEA LiveChart
48,57,105,Cd,4.5216,0.0070,IAEA LiveChart
48,58,106,Cd,4.5383,0.0036,IAEA LiveChart
48,59,107,Cd,4.5466,0.0039,IAEA LiveChart
48,60,108,Cd,4.5577,0.0031,IAEA LiveChart
48,61,109,Cd,4.5601,0.0035,IAEA LiveChart
48,62,110,Cd,4.5765,0.0026,IAEA LiveChart
48,63,111,Cd,4.5845,0.0058,IAEA LiveChart
48,64,112,Cd,4.5944,0.0024,IAEA LiveChart
48,65,113,Cd,4.6012,0.0028,IAEA LiveChart
48,66,114,Cd,4.6087,0.0023,IAEA LiveChart
48,67,115,Cd,4.6114,0.0046,IAEA LiveChart
48,68,116,Cd,4.6203,0.0059,IAEA LiveChart
48,69,117,Cd,4.6136,0.0025,IAEA LiveChart
48,70,118,Cd,4.6246,0.0060,IAEA LiveChart
48,72,120,Cd,4.6300,0.0069,IAEA LiveChart
49,55,104,In,4.5184,0.0117,IAEA LiveChart
49,56,105,In,4.5311,0.0103,IAEA LiveChart
49,57,106,In,4.5375,0.0095,IAEA LiveChart
49,58,107,In,4.5494,0.0082,IAEA LiveChart
49,59,108,In,4.5571,0.0071,IAEA LiveChart
49,60,109,In,4.5685,0.0061,IAEA LiveChart
49,61,110,In,4.5742,0.0056,IAEA LiveChart
49,62,111,In,4.5856,0.0044,IAEA LiveChart
49,63,112,In,4.5907,0.0041,IAEA LiveChart
49,64,113,In,4.6010,0.0031,IAEA LiveChart
49,65,114,In,4.6056,0.0029,IAEA LiveChart
49,66,115,In,4.6156,0.0026,IAEA LiveChart
49,67,116,In,4.6211,0.0027,IAEA LiveChart
49,68,117,In,4.6292,0.0032,IAEA LiveChart
49,69,118,In,4.6335,0.0033,IAEA LiveChart
49,70,119,In,4.6407,0.0040,IAEA LiveChart
49,71,120,In,4.6443,0.0042,IAEA LiveChart
49,72,121,In,4.6505,0.0047,IAEA LiveChart
49,73,122,In,4.6534,0.0051,IAEA LiveChart
49,74,123,In,4.6594,0.0056,IAEA LiveChart
49,75,124,In,4.6625,0.0060,IAEA LiveChart
49,76,125,In,4.6670,0.0064,IAEA LiveChart
49,77,126,In,4.6702,0.0068,IAEA LiveChart
49,78,127,In,4.6733,0.0071,IAEA LiveChart
50,58,108,Sn,4.5605,0.0029,IAEA LiveChart
50,59,109,Sn,4.5679,0.0027,IAEA LiveChart
50,60,110,Sn,4.5785,0.0025,IAEA LiveChart
50,61,111,Sn,4.5836,0.0024,IAEA LiveChart
50,62,112,Sn,4.5948,0.0022,IAEA LiveChart
50,63,113,Sn,4.6015,0.0021,IAEA LiveChart
50,64,114,Sn,4.6099,0.0020,IAEA LiveChart
50,65,115,Sn,4.6148,0.0019,IAEA LiveChart
50,66,116,Sn,4.6250,0.0019,IAEA LiveChart
50,67,117,Sn,4.6302,0.0019,IAEA LiveChart
50,68,118,Sn,4.6393,0.0019,IAEA LiveChart
50,69,119,Sn,4.6438,0.0020,IAEA LiveChart
50,70,120,Sn,4.6519,0.0021,IAEA LiveChart
50,71,121,Sn,4.6566,0.0021,IAEA LiveChart
50,72,122,Sn,4.6634,0.0022,IAEA LiveChart
50,73,123,Sn,4.6665,0.0023,IAEA LiveChart
50,74,124,Sn,4.6735,0.0023,IAEA LiveChart
50,75,125,Sn,4.6765,0.0026,IAEA LiveChart
50,76,126,Sn,4.6833,0.0043,IAEA LiveChart
50,77,127,Sn,4.6867,0.0048,IAEA LiveChart
50,78,128,Sn,4.6921,0.0054,IAEA LiveChart
50,79,129,Sn,4.6934,0.0058,IAEA LiveChart
50,80,130,Sn,4.7019,0.0066,IAEA LiveChart
50,81,131,Sn,4.7078,0.0073,IAEA LiveChart
50,82,132,Sn,4.7093,0.0076,IAEA LiveChart
51,70,121,Sb,4.6802,0.0026,IAEA LiveChart
51,72,123,Sb,4.6879,0.0025,IAEA LiveChart
52,64,116,Te,4.6847,0.0128,IAEA LiveChart
52,66,118,Te,4.6956,0.0105,IAEA LiveChart
52,68,120,Te,4.7038,0.0088,IAEA LiveChart
52,70,122,Te,4.7095,0.0031,IAEA LiveChart
52,71,123,Te,4.7117,0.0035,IAEA LiveChart
52,72,124,Te,4.7183,0.0029,IAEA LiveChart
52,73,125,Te,4.7204,0.0030,IAEA LiveChart
52,74,126,Te,4.7266,0.0032,IAEA LiveChart
52,76,128,Te,4.7346,0.0029,IAEA LiveChart
52,78,130,Te,4.7423,0.0025,IAEA LiveChart
52,80,132,Te,4.7500,0.0031,IAEA LiveChart
52,82,134,Te,4.7569,0.0041,IAEA LiveChart
52,84,136,Te,4.7815,0.0089,IAEA LiveChart
53,74,127,I,4.7500,0.0081,IAEA LiveChart
54,62,116,Xe,4.7211,0.0096,IAEA LiveChart
54,64,118,Xe,4.7387,0.0070,IAEA LiveChart
54,66,120,Xe,4.7509,0.0063,IAEA LiveChart
54,68,122,Xe,4.7590,0.0059,IAEA LiveChart
54,70,124,Xe,4.7661,0.0055,IAEA LiveChart
54,72,126,Xe,4.7722,0.0052,IAEA LiveChart
54,73,127,Xe,4.7747,0.0038,IAEA LiveChart
54,74,128,Xe,4.7774,0.0050,IAEA LiveChart
54,75,129,Xe,4.7775,0.0050,IAEA LiveChart
54,76,130,Xe,4.7818,0.0049,IAEA LiveChart
54,77,131,Xe,4.7808,0.0049,IAEA LiveChart
54,78,132,Xe,4.7859,0.0048,IAEA LiveChart
54,79,133,Xe,4.7831,0.0048,IAEA LiveChart
54,80,134,Xe,4.7899,0.0047,IAEA LiveChart
54,82,136,Xe,4.7964,0.0047,IAEA LiveChart
54,83,137,Xe,4.8094,0.0049,IAEA LiveChart
54,84,138,Xe,4.8279,0.0079,IAEA LiveChart
54,85,139,Xe,4.8409,0.0100,IAEA LiveChart
54,86,140,Xe,4.8566,0.0125,IAEA LiveChart
54,87,141,Xe,4.8694,0.0147,IAEA LiveChart
54,88,142,Xe,4.8841,0.0169,IAEA LiveChart
54,89,143,Xe,4.8942,0.0187,IAEA LiveChart
54,90,144,Xe,4.9082,0.0208,IAEA LiveChart
54,92,146,Xe,4.9315,0.0245,IAEA LiveChart
55,63,118,Cs,4.7832,0.0092,IAEA LiveChart
55,64,119,Cs,4.7896,0.0089,IAEA LiveChart
55,65,120,Cs,4.7915,0.0075,IAEA LiveChart
55,66,121,Cs,4.7769,0.0078,IAEA LiveChart
55,67,122,Cs,4.7773,0.0070,IAEA LiveChart
55,68,123,Cs,4.7820,0.0070,IAEA LiveChart
55,69,124,Cs,4.7828,0.0062,IAEA LiveChart
55,70,125,Cs,4.7880,0.0062,IAEA LiveChart
55,71,126,Cs,4.7872,0.0056,IAEA LiveChart
55,72,127,Cs,4.7936,0.0055,IAEA LiveChart
55,73,128,Cs,4.7921,0.0052,IAEA LiveChart
55,74,129,Cs,4.7981,0.0050,IAEA LiveChart
55,75,130,Cs,4.7992,0.0049,IAEA LiveChart
55,76,131,Cs,4.8026,0.0047,IAEA LiveChart
55,77,132,Cs,4.8002,0.0046,IAEA LiveChart
55,78,133,Cs,4.8041,0.0046,IAEA LiveChart
55,79,134,Cs,4.8031,0.0046,IAEA LiveChart
55,80,135,Cs,4.8067,0.0047,IAEA LiveChart
55,81,136,Cs,4.8059,0.0052,IAEA LiveChart
55,82,137,Cs,4.8128,0.0050,IAEA LiveChart
55,83,138,Cs,4.8255,0.0050,IAEA LiveChart
55,84,139,Cs,4.8422,0.0069,IAEA LiveChart
55,85,140,Cs,4.8554,0.0088,IAEA LiveChart
55,86,141,Cs,4.8689,0.0108,IAEA LiveChart
55,87,142,Cs,4.8825,0.0132,IAEA LiveChart
55,88,143,Cs,4.8965,0.0151,IAEA LiveChart
55,89,144,Cs,4.9055,0.0161,IAEA LiveChart
55,90,145,Cs,4.9188,0.0191,IAEA LiveChart
55,91,146,Cs,4.9281,0.0193,IAEA LiveChart
56,64,120,Ba,4.8092,0.0058,IAEA LiveChart
56,65,121,Ba,4.8176,0.0052,IAEA LiveChart
56,66,122,Ba,4.8153,0.0054,IAEA LiveChart
56,67,123,Ba,4.8135,0.0055,IAEA LiveChart
56,68,124,Ba,4.8185,0.0052,IAEA LiveChart
56,69,125,Ba,4.8177,0.0052,IAEA LiveChart
56,70,126,Ba,4.8221,0.0050,IAEA LiveChart
56,71,127,Ba,4.8204,0.0051,IAEA LiveChart
56,72,128,Ba,4.8255,0.0048,IAEA LiveChart
56,73,129,Ba,4.8248,0.0049,IAEA LiveChart
56,74,130,Ba,4.8283,0.0047,IAEA LiveChart
56,75,131,Ba,4.8276,0.0048,IAEA LiveChart
56,76,132,Ba,4.8303,0.0047,IAEA LiveChart
56,77,133,Ba,4.8286,0.0047,IAEA LiveChart
56,78,134,Ba,4.8322,0.0047,IAEA LiveChart
56,79,135,Ba,4.8294,0.0047,IAEA LiveChart
56,80,136,Ba,4.8334,0.0046,IAEA LiveChart
56,81,137,Ba,4.8314,0.0047,IAEA LiveChart
56,82,138,Ba,4.8378,0.0046,IAEA LiveChart
56,83,139,Ba,4.8513,0.0049,IAEA LiveChart
56,84,140,Ba,4.8684,0.0059,IAEA LiveChart
56,85,141,Ba,4.8807,0.0069,IAEA LiveChart
56,86,142,Ba,4.8953,0.0083,IAEA LiveChart
56,87,143,Ba,4.9087,0.0096,IAEA LiveChart
56,88,144,Ba,4.9236,0.0112,IAEA LiveChart
56,89,145,Ba,4.9345,0.0123,IAEA LiveChart
56,90,146,Ba,4.9479,0.0138,IAEA LiveChart
56,92,148,Ba,4.9731,0.0167,IAEA LiveChart
57,78,135,La,4.8488,0.0060,IAEA LiveChart
57,80,137,La,4.8496,0.0053,IAEA LiveChart
57,81,138,La,4.8473,0.0051,IAEA LiveChart
57,82,139,La,4.8550,0.0049,IAEA LiveChart
58,78,136,Ce,4.8739,0.0018,IAEA LiveChart
58,80,138,Ce,4.8737,0.0018,IAEA LiveChart
58,82,140,Ce,4.8771,0.0018,IAEA LiveChart
58,84,142,Ce,4.9063,0.0020,IAEA LiveChart
58,86,144,Ce,4.9303,0.0024,IAEA LiveChart
58,88,146,Ce,4.9590,0.0028,IAEA LiveChart
58,90,148,Ce,4.9893,0.0035,IAEA LiveChart
59,82,141,Pr,4.8919,0.0050,IAEA LiveChart
60,72,132,Nd,4.9174,0.0026,IAEA LiveChart
60,74,134,Nd,4.9128,0.0026,IAEA LiveChart
60,75,135,Nd,4.9086,0.0026,IAEA LiveChart
60,76,136,Nd,4.9111,0.0026,IAEA LiveChart
60,77,137,Nd,4.9080,0.0026,IAEA LiveChart
60,78,138,Nd,4.9123,0.0026,IAEA LiveChart
60,79,139,Nd,4.9076,0.0025,IAEA LiveChart
60,80,140,Nd,4.9101,0.0026,IAEA LiveChart
60,81,141,Nd,4.9057,0.0026,IAEA LiveChart
60,82,142,Nd,4.9123,0.0025,IAEA LiveChart
60,83,143,Nd,4.9254,0.0026,IAEA LiveChart
60,84,144,Nd,4.9421,0.0027,IAEA LiveChart
60,85,145,Nd,4.9535,0.0028,IAEA LiveChart
60,86,146,Nd,4.9696,0.0030,IAEA LiveChart
60,88,148,Nd,4.9999,0.0036,IAEA LiveChart
60,90,150,Nd,5.0400,0.0044,IAEA LiveChart
62,76,138,Sm,4.9599,0.0034,IAEA LiveChart
62,77,139,Sm,4.9556,0.0034,IAEA LiveChart
62,78,140,Sm,4.9565,0.0034,IAEA LiveChart
62,79,141,Sm,4.9517,0.0034,IAEA LiveChart
62,80,142,Sm,4.9518,0.0034,IAEA LiveChart
62,81,143,Sm,4.9479,0.0034,IAEA LiveChart
62,82,144,Sm,4.9524,0.0034,IAEA LiveChart
62,83,145,Sm,4.9651,0.0034,IAEA LiveChart
62,84,146,Sm,4.9808,0.0035,IAEA LiveChart
62,85,147,Sm,4.9892,0.0035,IAEA LiveChart
62,86,148,Sm,5.0042,0.0034,IAEA LiveChart
62,87,149,Sm,5.0134,0.0035,IAEA LiveChart
62,88,150,Sm,5.0387,0.0048,IAEA LiveChart
62,89,151,Sm,5.0550,0.0057,IAEA LiveChart
62,90,152,Sm,5.0819,0.0060,IAEA LiveChart
62,91,153,Sm,5.0925,0.0068,IAEA LiveChart
62,92,154,Sm,5.1053,0.0067,IAEA LiveChart
63,74,137,Eu,4.9762,0.0095,IAEA LiveChart
63,75,138,Eu,4.9779,0.0094,IAEA LiveChart
63,76,139,Eu,4.9760,0.0093,IAEA LiveChart
63,77,140,Eu,4.9695,0.0091,IAEA LiveChart
63,78,141,Eu,4.9697,0.0091,IAEA LiveChart
63,79,142,Eu,4.9607,0.0091,IAEA LiveChart
63,80,143,Eu,4.9636,0.0091,IAEA LiveChart
63,81,144,Eu,4.9612,0.0091,IAEA LiveChart
63,82,145,Eu,4.9663,0.0091,IAEA LiveChart
63,83,146,Eu,4.9789,0.0092,IAEA LiveChart
63,84,147,Eu,4.9938,0.0094,IAEA LiveChart
63,85,148,Eu,5.0045,0.0097,IAEA LiveChart
63,86,149,Eu,5.0202,0.0103,IAEA LiveChart
63,87,150,Eu,5.0296,0.0108,IAEA LiveChart
63,88,151,Eu,5.0522,0.0046,IAEA LiveChart
63,89,152,Eu,5.1064,0.0066,IAEA LiveChart
63,90,153,Eu,5.1115,0.0062,IAEA LiveChart
63,91,154,Eu,5.1239,0.0079,IAEA LiveChart
63,92,155,Eu,5.1221,0.0069,IAEA LiveChart
63,93,156,Eu,5.1264,0.0071,IAEA LiveChart
63,94,157,Eu,5.1351,0.0075,IAEA LiveChart
63,95,158,Eu,5.1413,0.0078,IAEA LiveChart
63,96,159,Eu,5.1498,0.0084,IAEA LiveChart
64,81,145,Gd,4.9786,0.0077,IAEA LiveChart
64,82,146,Gd,4.9801,0.0140,IAEA LiveChart
64,84,148,Gd,5.0080,0.0171,IAEA LiveChart
64,86,150,Gd,5.0342,0.0159,IAEA LiveChart
64,88,152,Gd,5.0774,0.0048,IAEA LiveChart
64,90,154,Gd,5.1223,0.0040,IAEA LiveChart
64,91,155,Gd,5.1319,0.0041,IAEA LiveChart
64,92,156,Gd,5.1420,0.0042,IAEA LiveChart
64,93,157,Gd,5.1449,0.0042,IAEA LiveChart
64,94,158,Gd,5.1569,0.0043,IAEA LiveChart
64,96,160,Gd,5.1734,0.0044,IAEA LiveChart
65,82,147,Tb,4.9201,0.1508,IAEA LiveChart
65,83,148,Tb,4.9291,0.1507,IAEA LiveChart
65,84,149,Tb,4.9427,0.1506,IAEA LiveChart
65,85,150,Tb,4.9499,0.1505,IAEA LiveChart
65,86,151,Tb,4.9630,0.1504,IAEA LiveChart
65,87,152,Tb,4.9689,0.1504,IAEA LiveChart
65,88,153,Tb,4.9950,0.1502,IAEA LiveChart
65,89,154,Tb,5.0333,0.1501,IAEA LiveChart
65,90,155,Tb,5.0391,0.1500,IAEA LiveChart
65,92,157,Tb,5.0489,0.1500,IAEA LiveChart
65,94,159,Tb,5.0600,0.1500,IAEA LiveChart
66,80,146,Dy,5.0438,0.2389,IAEA LiveChart
66,82,148,Dy,5.0455,0.2389,IAEA LiveChart
66,83,149,Dy,5.0567,0.2394,IAEA LiveChart
66,84,150,Dy,5.0706,0.2413,IAEA LiveChart
66,85,151,Dy,5.0801,0.2435,IAEA LiveChart
66,86,152,Dy,5.0950,0.2482,IAEA LiveChart
66,87,153,Dy,5.1035,0.2516,IAEA LiveChart
66,88,154,Dy,5.1241,0.2618,IAEA LiveChart
66,89,155,Dy,5.1457,0.2751,IAEA LiveChart
66,90,156,Dy,5.1622,0.2869,IAEA LiveChart
66,91,157,Dy,5.1709,0.2936,IAEA LiveChart
66,92,158,Dy,5.1815,0.3023,IAEA LiveChart
66,93,159,Dy,5.1825,0.3031,IAEA LiveChart
66,94,160,Dy,5.1951,0.3139,IAEA LiveChart
66,95,161,Dy,5.1962,0.0459,IAEA LiveChart
66,96,162,Dy,5.2074,0.0172,IAEA LiveChart
66,97,163,Dy,5.2099,0.0120,IAEA LiveChart
66,98,164,Dy,5.2218,0.0106,IAEA LiveChart
67,84,151,Ho,5.0398,0.0354,IAEA LiveChart
67,85,152,Ho,5.0614,0.0343,IAEA LiveChart
67,86,153,Ho,5.0760,0.0339,IAEA LiveChart
67,87,154,Ho,5.0856,0.0333,IAEA LiveChart
67,88,155,Ho,5.1076,0.0326,IAEA LiveChart
67,89,156,Ho,5.1156,0.0326,IAEA LiveChart
67,90,157,Ho,5.1535,0.0316,IAEA LiveChart
67,91,158,Ho,5.1571,0.0316,IAEA LiveChart
67,92,159,Ho,5.1675,0.0314,IAEA LiveChart
67,93,160,Ho,5.1662,0.0315,IAEA LiveChart
67,94,161,Ho,5.1785,0.0313,IAEA LiveChart
67,95,162,Ho,5.1817,0.0313,IAEA LiveChart
67,96,163,Ho,5.1907,0.0313,IAEA LiveChart
67,98,165,Ho,5.2022,0.0312,IAEA LiveChart
68,82,150,Er,5.0548,0.0254,IAEA LiveChart
68,84,152,Er,5.0843,0.0257,IAEA LiveChart
68,86,154,Er,5.1129,0.0268,IAEA LiveChart
68,88,156,Er,5.1429,0.0285,IAEA LiveChart
68,90,158,Er,5.1761,0.0312,IAEA LiveChart
68,92,160,Er,5.2045,0.0336,IAEA LiveChart
68,94,162,Er,5.2246,0.0040,IAEA LiveChart
68,96,164,Er,5.2389,0.0035,IAEA LiveChart
68,98,166,Er,5.2516,0.0031,IAEA LiveChart
68,99,167,Er,5.2560,0.0031,IAEA LiveChart
68,100,168,Er,5.2644,0.0035,IAEA LiveChart
68,102,170,Er,5.2789,0.0041,IAEA LiveChart
69,84,153,Tm,5.0643,0.0190,IAEA LiveChart
69,85,154,Tm,5.0755,0.0166,IAEA LiveChart
69,87,156,Tm,5.0976,0.0135,IAEA LiveChart
69,88,157,Tm,5.1140,0.0074,IAEA LiveChart
69,89,158,Tm,5.1235,0.0069,IAEA LiveChart
69,90,159,Tm,5.1392,0.0060,IAEA LiveChart
69,91,160,Tm,5.1504,0.0055,IAEA LiveChart
69,92,161,Tm,5.1616,0.0050,IAEA LiveChart
69,93,162,Tm,5.1713,0.0048,IAEA LiveChart
69,94,163,Tm,5.1849,0.0042,IAEA LiveChart
69,95,164,Tm,5.1906,0.0042,IAEA LiveChart
69,96,165,Tm,5.2004,0.0038,IAEA LiveChart
69,97,166,Tm,5.2046,0.0038,IAEA LiveChart
69,98,167,Tm,5.2129,0.0036,IAEA LiveChart
69,99,168,Tm,5.2170,0.0036,IAEA LiveChart
69,100,169,Tm,5.2256,0.0035,IAEA LiveChart
69,101,170,Tm,5.2303,0.0036,IAEA LiveChart
69,102,171,Tm,5.2388,0.0037,IAEA LiveChart
69,103,172,Tm,5.2411,0.0052,IAEA LiveChart
70,82,152,Yb,5.0423,0.0146,IAEA LiveChart
70,84,154,Yb,5.0875,0.0105,IAEA LiveChart
70,85,155,Yb,5.1040,0.0110,IAEA LiveChart
70,86,156,Yb,5.1219,0.0103,IAEA LiveChart
70,87,157,Yb,5.1324,0.0100,IAEA LiveChart
70,88,158,Yb,5.1498,0.0088,IAEA LiveChart
70,89,159,Yb,5.1629,0.0084,IAEA LiveChart
70,90,160,Yb,5.1781,0.0076,IAEA LiveChart
70,91,161,Yb,5.1889,0.0072,IAEA LiveChart
70,92,162,Yb,5.2054,0.0067,IAEA LiveChart
70,93,163,Yb,5.2157,0.0064,IAEA LiveChart
70,94,164,Yb,5.2307,0.0060,IAEA LiveChart
70,95,165,Yb,5.2399,0.0058,IAEA LiveChart
70,96,166,Yb,5.2525,0.0057,IAEA LiveChart
70,97,167,Yb,5.2621,0.0056,IAEA LiveChart
70,98,168,Yb,5.2702,0.0056,IAEA LiveChart
70,99,169,Yb,5.2771,0.0056,IAEA LiveChart
70,100,170,Yb,5.2853,0.0056,IAEA LiveChart
70,101,171,Yb,5.2906,0.0057,IAEA LiveChart
70,102,172,Yb,5.2995,0.0058,IAEA LiveChart
70,103,173,Yb,5.3046,0.0059,IAEA LiveChart
70,104,174,Yb,5.3108,0.0060,IAEA LiveChart
70,105,175,Yb,5.3135,0.0061,IAEA LiveChart
70,106,176,Yb,5.3215,0.0062,IAEA LiveChart
71,90,161,Lu,5.2293,0.0320,IAEA LiveChart
71,91,162,Lu,5.2398,0.0317,IAEA LiveChart
71,92,163,Lu,5.2567,0.0312,IAEA LiveChart
71,93,164,Lu,5.2677,0.0310,IAEA LiveChart
71,94,165,Lu,5.2830,0.0307,IAEA LiveChart
71,95,166,Lu,5.2972,0.0305,IAEA LiveChart
71,96,167,Lu,5.3108,0.0303,IAEA LiveChart
71,97,168,Lu,5.3227,0.0302,IAEA LiveChart
71,98,169,Lu,5.3290,0.0302,IAEA LiveChart
71,99,170,Lu,5.3364,0.0302,IAEA LiveChart
71,100,171,Lu,5.3436,0.0302,IAEA LiveChart
71,101,172,Lu,5.3486,0.0302,IAEA LiveChart
71,102,173,Lu,5.3577,0.0303,IAEA LiveChart
71,103,174,Lu,5.3634,0.0303,IAEA LiveChart
71,104,175,Lu,5.3700,0.0304,IAEA LiveChart
71,105,176,Lu,5.3739,0.0304,IAEA LiveChart
71,106,177,Lu,5.3815,0.0305,IAEA LiveChart
71,107,178,Lu,5.3857,0.0306,IAEA LiveChart
71,108,179,Lu,5.3917,0.0307,IAEA LiveChart
72,98,170,Hf,5.2898,0.0055,IAEA LiveChart
72,99,171,Hf,5.3041,0.0049,IAEA LiveChart
72,100,172,Hf,5.3065,0.0043,IAEA LiveChart
72,101,173,Hf,5.3140,0.0038,IAEA LiveChart
72,102,174,Hf,5.3201,0.0035,IAEA LiveChart
72,103,175,Hf,5.3191,0.0036,IAEA LiveChart
72,104,176,Hf,5.3286,0.0032,IAEA LiveChart
72,105,177,Hf,5.3309,0.0031,IAEA LiveChart
72,106,178,Hf,5.3371,0.0031,IAEA LiveChart
72,107,179,Hf,5.3408,0.0031,IAEA LiveChart
72,108,180,Hf,5.3470,0.0032,IAEA LiveChart
72,110,182,Hf,5.3516,0.0036,IAEA LiveChart
73,108,181,Ta,5.3507,0.0034,IAEA LiveChart
74,106,180,W,5.3491,0.0022,IAEA LiveChart
74,108,182,W,5.3559,0.0017,IAEA LiveChart
74,109,183,W,5.3611,0.0020,IAEA LiveChart
74,110,184,W,5.3658,0.0023,IAEA LiveChart
74,112,186,W,5.3743,0.0026,IAEA LiveChart
75,110,185,Re,5.3596,0.0172,IAEA LiveChart
75,112,187,Re,5.3698,0.0173,IAEA LiveChart
76,108,184,Os,5.3823,0.0022,IAEA LiveChart
76,110,186,Os,5.3909,0.0017,IAEA LiveChart
76,111,187,Os,5.3933,0.0018,IAEA LiveChart
76,112,188,Os,5.3993,0.0011,IAEA LiveChart
76,113,189,Os,5.4016,0.0012,IAEA LiveChart
76,114,190,Os,5.4062,0.0013,IAEA LiveChart
76,116,192,Os,5.4126,0.0015,IAEA LiveChart
77,105,182,Ir,5.3705,0.1061,IAEA LiveChart
77,106,183,Ir,5.3780,0.1061,IAEA LiveChart
77,107,184,Ir,5.3805,0.1061,IAEA LiveChart
77,108,185,Ir,5.3854,0.1061,IAEA LiveChart
77,109,186,Ir,5.3900,0.1061,IAEA LiveChart
77,110,187,Ir,5.3812,0.1061,IAEA LiveChart
77,111,188,Ir,5.3838,0.1061,IAEA LiveChart
77,112,189,Ir,5.3898,0.1061,IAEA LiveChart
77,114,191,Ir,5.3968,0.1061,IAEA LiveChart
77,116,193,Ir,5.4032,0.1061,IAEA LiveChart
78,100,178,Pt,5.3728,0.0066,IAEA LiveChart
78,101,179,Pt,5.3915,0.0050,IAEA LiveChart
78,102,180,Pt,5.3891,0.0049,IAEA LiveChart
78,103,181,Pt,5.3996,0.0041,IAEA LiveChart
78,104,182,Pt,5.3969,0.0041,IAEA LiveChart
78,105,183,Pt,5.4038,0.0036,IAEA LiveChart
78,106,184,Pt,5.4015,0.0036,IAEA LiveChart
78,107,185,Pt,5.4148,0.0028,IAEA LiveChart
78,108,186,Pt,5.4037,0.0036,IAEA LiveChart
78,109,187,Pt,5.4063,0.0037,IAEA LiveChart
78,110,188,Pt,5.4053,0.0034,IAEA LiveChart
78,111,189,Pt,5.4060,0.0035,IAEA LiveChart
78,112,190,Pt,5.4108,0.0030,IAEA LiveChart
78,113,191,Pt,5.4102,0.0031,IAEA LiveChart
78,114,192,Pt,5.4169,0.0028,IAEA LiveChart
78,115,193,Pt,5.4191,0.0027,IAEA LiveChart
78,116,194,Pt,5.4236,0.0025,IAEA LiveChart
78,117,195,Pt,5.4270,0.0026,IAEA LiveChart
78,118,196,Pt,5.4307,0.0027,IAEA LiveChart
78,120,198,Pt,5.4383,0.0032,IAEA LiveChart
79,104,183,Au,5.4247,0.0043,IAEA LiveChart
79,105,184,Au,5.4306,0.0041,IAEA LiveChart
79,106,185,Au,5.4296,0.0041,IAEA LiveChart
79,107,186,Au,5.4354,0.0039,IAEA LiveChart
79,108,187,Au,5.4018,0.0058,IAEA LiveChart
79,109,188,Au,5.4049,0.0055,IAEA LiveChart
79,110,189,Au,5.4084,0.0052,IAEA LiveChart
79,111,190,Au,5.4109,0.0049,IAEA LiveChart
79,112,191,Au,5.4147,0.0046,IAEA LiveChart
79,113,192,Au,5.4179,0.0044,IAEA LiveChart
79,114,193,Au,5.4221,0.0042,IAEA LiveChart
79,115,194,Au,5.4252,0.0040,IAEA LiveChart
79,116,195,Au,5.4298,0.0040,IAEA LiveChart
79,117,196,Au,5.4332,0.0039,IAEA LiveChart
79,118,197,Au,5.4371,0.0038,IAEA LiveChart
79,119,198,Au,5.4400,0.0038,IAEA LiveChart
79,120,199,Au,5.4454,0.0039,IAEA LiveChart
80,101,181,Hg,5.4364,0.0032,IAEA LiveChart
80,102,182,Hg,5.3833,0.0052,IAEA LiveChart
80,103,183,Hg,5.4405,0.0031,IAEA LiveChart
80,104,184,Hg,5.3949,0.0047,IAEA LiveChart
80,105,185,Hg,5.4397,0.0031,IAEA LiveChart
80,106,186,Hg,5.4017,0.0043,IAEA LiveChart
80,107,187,Hg,5.4046,0.0042,IAEA LiveChart
80,108,188,Hg,5.4085,0.0040,IAEA LiveChart
80,109,189,Hg,5.4100,0.0040,IAEA LiveChart
80,110,190,Hg,5.4158,0.0037,IAEA LiveChart
80,111,191,Hg,5.4171,0.0037,IAEA LiveChart
80,112,192,Hg,5.4232,0.0035,IAEA LiveChart
80,113,193,Hg,5.4238,0.0035,IAEA LiveChart
80,114,194,Hg,5.4309,0.0033,IAEA LiveChart
80,115,195,Hg,5.4345,0.0032,IAEA LiveChart
80,116,196,Hg,5.4385,0.0031,IAEA LiveChart
80,117,197,Hg,5.4412,0.0031,IAEA LiveChart
80,118,198,Hg,5.4463,0.0031,IAEA LiveChart
80,119,199,Hg,5.4474,0.0031,IAEA LiveChart
80,120,200,Hg,5.4551,0.0031,IAEA LiveChart
80,121,201,Hg,5.4581,0.0032,IAEA LiveChart
80,122,202,Hg,5.4648,0.0033,IAEA LiveChart
80,123,203,Hg,5.4679,0.0035,IAEA LiveChart
80,124,204,Hg,5.4744,0.0036,IAEA LiveChart
80,125,205,Hg,5.4776,0.0038,IAEA LiveChart
80,126,206,Hg,5.4837,0.0040,IAEA LiveChart
81,107,188,Tl,5.4017,0.0072,IAEA LiveChart
81,109,190,Tl,5.4121,0.0056,IAEA LiveChart
81,110,191,Tl,5.4169,0.0048,IAEA LiveChart
81,111,192,Tl,5.4191,0.0051,IAEA LiveChart
81,112,193,Tl,5.4243,0.0042,IAEA LiveChart
81,113,194,Tl,5.4259,0.0046,IAEA LiveChart
81,114,195,Tl,5.4325,0.0039,IAEA LiveChart
81,115,196,Tl,5.4327,0.0042,IAEA LiveChart
81,116,197,Tl,5.4388,0.0036,IAEA LiveChart
81,117,198,Tl,5.4396,0.0036,IAEA LiveChart
81,118,199,Tl,5.4479,0.0031,IAEA LiveChart
81,119,200,Tl,5.4491,0.0031,IAEA LiveChart
81,120,201,Tl,5.4573,0.0029,IAEA LiveChart
81,121,202,Tl,5.4595,0.0027,IAEA LiveChart
81,122,203,Tl,5.4666,0.0027,IAEA LiveChart
81,123,204,Tl,5.4704,0.0028,IAEA LiveChart
81,124,205,Tl,5.4759,0.0026,IAEA LiveChart
81,126,207,Tl,5.4853,0.0027,IAEA LiveChart
81,127,208,Tl,5.4946,0.0028,IAEA LiveChart
82,100,182,Pb,5.3788,0.0035,IAEA LiveChart
82,101,183,Pb,5.3869,0.0030,IAEA LiveChart
82,102,184,Pb,5.3930,0.0029,IAEA LiveChart
82,103,185,Pb,5.3984,0.0028,IAEA LiveChart
82,104,186,Pb,5.4027,0.0027,IAEA LiveChart
82,105,187,Pb,5.4079,0.0026,IAEA LiveChart
82,106,188,Pb,5.4139,0.0025,IAEA LiveChart
82,107,189,Pb,5.4177,0.0024,IAEA LiveChart
82,108,190,Pb,5.4222,0.0023,IAEA LiveChart
82,109,191,Pb,5.4229,0.0026,IAEA LiveChart
82,110,192,Pb,5.4300,0.0025,IAEA LiveChart
82,111,193,Pb,5.4310,0.0023,IAEA LiveChart
82,112,194,Pb,5.4372,0.0023,IAEA LiveChart
82,113,195,Pb,5.4389,0.0045,IAEA LiveChart
82,114,196,Pb,5.4444,0.0024,IAEA LiveChart
82,115,197,Pb,5.4446,0.0024,IAEA LiveChart
82,116,198,Pb,5.4524,0.0022,IAEA LiveChart
82,117,199,Pb,5.4529,0.0022,IAEA LiveChart
82,118,200,Pb,5.4611,0.0020,IAEA LiveChart
82,119,201,Pb,5.4629,0.0019,IAEA LiveChart
82,120,202,Pb,5.4705,0.0017,IAEA LiveChart
82,121,203,Pb,5.4727,0.0017,IAEA LiveChart
82,122,204,Pb,5.4803,0.0014,IAEA LiveChart
82,123,205,Pb,5.4828,0.0015,IAEA LiveChart
82,124,206,Pb,5.4902,0.0014,IAEA LiveChart
82,125,207,Pb,5.4943,0.0014,IAEA LiveChart
82,126,208,Pb,5.5012,0.0013,IAEA LiveChart
82,127,209,Pb,5.5100,0.0014,IAEA LiveChart
82,128,210,Pb,5.5208,0.0016,IAEA LiveChart
82,129,211,Pb,5.5290,0.0017,IAEA LiveChart
82,130,212,Pb,5.5396,0.0019,IAEA LiveChart
82,132,214,Pb,5.5577,0.0023,IAEA LiveChart
83,119,202,Bi,5.4840,0.0912,IAEA LiveChart
83,120,203,Bi,5.4911,0.0911,IAEA LiveChart
83,121,204,Bi,5.4934,0.0910,IAEA LiveChart
83,122,205,Bi,5.5008,0.0909,IAEA LiveChart
83,123,206,Bi,5.5034,0.0909,IAEA LiveChart
83,124,207,Bi,5.5103,0.0907,IAEA LiveChart
83,125,208,Bi,5.5147,0.0907,IAEA LiveChart
83,126,209,Bi,5.5211,0.0906,IAEA LiveChart
83,127,210,Bi,5.5300,0.0904,IAEA LiveChart
83,129,212,Bi,5.5489,0.0901,IAEA LiveChart
83,130,213,Bi,5.5586,0.0900,IAEA LiveChart
84,108,192,Po,5.5220,0.0178,IAEA LiveChart
84,110,194,Po,5.5167,0.0178,IAEA LiveChart
84,112,196,Po,5.5136,0.0178,IAEA LiveChart
84,114,198,Po,5.5146,0.0178,IAEA LiveChart
84,116,200,Po,5.5199,0.0178,IAEA LiveChart
84,118,202,Po,5.5281,0.0177,IAEA LiveChart
84,120,204,Po,5.5378,0.0177,IAEA LiveChart
84,121,205,Po,5.5389,0.0177,IAEA LiveChart
84,122,206,Po,5.5480,0.0177,IAEA LiveChart
84,123,207,Po,5.5501,0.0177,IAEA LiveChart
84,124,208,Po,5.5584,0.0176,IAEA LiveChart
84,125,209,Po,5.5628,0.0176,IAEA LiveChart
84,126,210,Po,5.5704,0.0176,IAEA LiveChart
84,132,216,Po,5.6359,0.0174,IAEA LiveChart
84,134,218,Po,5.6558,0.0173,IAEA LiveChart
86,116,202,Rn,5.5521,0.0181,IAEA LiveChart
86,118,204,Rn,5.5568,0.0180,IAEA LiveChart
86,119,205,Rn,5.5569,0.0180,IAEA LiveChart
86,120,206,Rn,5.5640,0.0178,IAEA LiveChart
86,121,207,Rn,5.5652,0.0178,IAEA LiveChart
86,122,208,Rn,5.5725,0.0177,IAEA LiveChart
86,123,209,Rn,5.5743,0.0177,IAEA LiveChart
86,124,210,Rn,5.5813,0.0177,IAEA LiveChart
86,125,211,Rn,5.5850,0.0176,IAEA LiveChart
86,126,212,Rn,5.5915,0.0176,IAEA LiveChart
86,132,218,Rn,5.6540,0.0187,IAEA LiveChart
86,133,219,Rn,5.6648,0.0191,IAEA LiveChart
86,134,220,Rn,5.6731,0.0194,IAEA LiveChart
86,135,221,Rn,5.6834,0.0199,IAEA LiveChart
86,136,222,Rn,5.6915,0.0203,IAEA LiveChart
87,120,207,Fr,5.5720,0.0176,IAEA LiveChart
87,121,208,Fr,5.5729,0.0176,IAEA LiveChart
87,122,209,Fr,5.5799,0.0176,IAEA LiveChart
87,123,210,Fr,5.5818,0.0176,IAEA LiveChart
87,124,211,Fr,5.5882,0.0176,IAEA LiveChart
87,125,212,Fr,5.5915,0.0176,IAEA LiveChart
87,126,213,Fr,5.5977,0.0176,IAEA LiveChart
87,133,220,Fr,5.6688,0.0177,IAEA LiveChart
87,134,221,Fr,5.6790,0.0177,IAEA LiveChart
87,135,222,Fr,5.6890,0.0177,IAEA LiveChart
87,136,223,Fr,5.6951,0.0178,IAEA LiveChart
87,137,224,Fr,5.7061,0.0178,IAEA LiveChart
87,138,225,Fr,5.7112,0.0178,IAEA LiveChart
87,139,226,Fr,5.7190,0.0178,IAEA LiveChart
87,140,227,Fr,5.7335,0.0179,IAEA LiveChart
87,141,228,Fr,5.7399,0.0179,IAEA LiveChart
88,120,208,Ra,5.5850,0.0183,IAEA LiveChart
88,121,209,Ra,5.5853,0.0182,IAEA LiveChart
88,122,210,Ra,5.5917,0.0180,IAEA LiveChart
88,123,211,Ra,5.5929,0.0179,IAEA LiveChart
88,124,212,Ra,5.5991,0.0177,IAEA LiveChart
88,125,213,Ra,5.6020,0.0177,IAEA LiveChart
88,126,214,Ra,5.6079,0.0177,IAEA LiveChart
88,132,220,Ra,5.6683,0.0215,IAEA LiveChart
88,133,221,Ra,5.6795,0.0228,IAEA LiveChart
88,134,222,Ra,5.6874,0.0239,IAEA LiveChart
88,135,223,Ra,5.6973,0.0253,IAEA LiveChart
88,136,224,Ra,5.7046,0.0263,IAEA LiveChart
88,137,225,Ra,5.7150,0.0279,IAEA LiveChart
88,138,226,Ra,5.7211,0.0288,IAEA LiveChart
88,139,227,Ra,5.7283,0.0300,IAEA LiveChart
88,140,228,Ra,5.7370,0.0315,IAEA LiveChart
88,141,229,Ra,5.7455,0.0329,IAEA LiveChart
88,142,230,Ra,5.7551,0.0346,IAEA LiveChart
88,144,232,Ra,5.7714,0.0375,IAEA LiveChart
90,137,227,Th,5.7404,0.0165,IAEA LiveChart
90,138,228,Th,5.7488,0.0152,IAEA LiveChart
90,139,229,Th,5.7557,0.0143,IAEA LiveChart
90,140,230,Th,5.7670,0.0131,IAEA LiveChart
90,142,232,Th,5.7848,0.0124,IAEA LiveChart
92,141,233,U,5.8203,0.0049,IAEA LiveChart
92,142,234,U,5.8291,0.0052,IAEA LiveChart
92,143,235,U,5.8337,0.0041,IAEA LiveChart
92,144,236,U,5.8431,0.0038,IAEA LiveChart
92,146,238,U,5.8571,0.0033,IAEA LiveChart
94,144,238,Pu,5.8535,0.0378,IAEA LiveChart
94,145,239,Pu,5.8601,0.0378,IAEA LiveChart
94,146,240,Pu,5.8701,0.0379,IAEA LiveChart
94,147,241,Pu,5.8748,0.0379,IAEA LiveChart
94,148,242,Pu,5.8823,0.0380,IAEA LiveChart
94,150,244,Pu,5.8948,0.0382,IAEA LiveChart
95,146,241,Am,5.8928,0.0042,IAEA LiveChart
95,148,243,Am,5.9048,0.0035,IAEA LiveChart
96,146,242,Cm,5.8285,0.0192,IAEA LiveChart
96,148,244,Cm,5.8429,0.0181,IAEA LiveChart
96,149,245,Cm,5.8475,0.0182,IAEA LiveChart
96,150,246,Cm,5.8562,0.0184,IAEA LiveChart
96,152,248,Cm,5.8687,0.0193,IAEA LiveChart
