Z,k,N_e_before,n_frozen,Zeff_bare,Zeff_ion,E_bare,E_ion,E_obs,rel_bare,rel_ion,jump_flag,rule_closer,tag
2,1,2,1,2,1,54.415312513415046,13.603828128353761,24.58738,1.213139932494436,0.446715016876391,,ion,COMPUTED
2,2,1,1,2,2,54.415312513415046,54.415312513415046,54.41776,4.497587892179919e-05,4.497587892179919e-05,,bare,COMPUTED
4,1,4,2,4,1,54.419067798148966,3.4011917373843104,9.32269,4.837270980602054,0.6351705637123716,,ion,COMPUTED
4,2,3,2,4,2,54.419067798148966,13.604766949537241,18.21115,1.9882279701253884,0.2529430074686529,,ion,COMPUTED
4,3,2,1,4,3,217.67627119259586,122.44290254583517,153.8962,0.4144356468359574,0.204379948654774,JUMP,ion,COMPUTED
4,4,1,1,4,4,217.67627119259586,217.67627119259586,217.71858,0.00019432795953446062,0.00019432795953446062,,bare,COMPUTED
6,1,6,2,6,1,122.44568094010872,3.40126891500302,11.2603,9.874104681057227,0.6979415366372992,,ion,COMPUTED
6,2,5,2,6,2,122.44568094010872,13.60507566001208,24.38332,4.02169847830848,0.442033502410169,,ion,COMPUTED
6,3,4,2,6,3,122.44568094010872,30.61142023502718,47.8878,1.556928506636528,0.360767873340868,,ion,COMPUTED
6,4,3,2,6,4,122.44568094010872,54.42030264004832,64.4939,0.8985622041791351,0.15619457592038435,,ion,COMPUTED
6,5,2,1,6,5,489.78272376043486,340.126891500302,392.087,0.24916848495470362,0.13252188544812243,JUMP,ion,COMPUTED
6,6,1,1,6,6,489.78272376043486,489.78272376043486,489.99334,0.0004298349025828122,0.0004298349025828122,,bare,COMPUTED
8,1,8,2,8,1,217.68368032805364,3.401307505125838,13.61806,14.984925923960802,0.7502355324381124,,ion,COMPUTED
8,2,7,2,8,2,217.68368032805364,13.605230020503353,35.1173,5.198759025553036,0.6125775609029352,,ion,COMPUTED
8,3,6,2,8,3,217.68368032805364,30.611767546132544,54.9355,2.9625320662969057,0.44276892817699764,,ion,COMPUTED
8,4,5,2,8,4,217.68368032805364,54.42092008201341,77.41353,1.8119591023436559,0.2970102244140861,,ion,COMPUTED
8,5,4,2,8,5,217.68368032805364,85.03268762814595,113.899,0.9111992232421149,0.25343780342104893,,ion,COMPUTED
8,6,3,2,8,6,217.68368032805364,122.44707018453018,138.1197,0.5760509205280178,0.11347135720299001,,ion,COMPUTED
8,7,2,1,8,7,870.7347213122146,666.6562710046643,739.29,0.17779859231453773,0.09824795275918202,JUMP,ion,COMPUTED
8,8,1,1,8,8,870.7347213122146,870.7347213122146,871.4101,0.0007750411520195788,0.0007750411520195788,,bare,COMPUTED
10,1,10,2,10,1,340.1330659619854,3.401330659619854,21.5646,14.772750988285681,0.8422724901171431,,ion,COMPUTED
10,2,9,2,10,2,340.1330659619854,13.605322638479416,40.96328,7.303365012811118,0.6678653994875553,,ion,COMPUTED
10,3,8,2,10,3,340.1330659619854,30.611975936578688,63.45,4.360647217682985,0.5175417504085313,,ion,COMPUTED
10,4,7,2,10,4,340.1330659619854,54.421290553917665,97.12,2.502193842277444,0.4396489852356089,,ion,COMPUTED
10,5,6,2,10,5,340.1330659619854,85.03326649049635,126.21,1.6949771488945837,0.3262557127763541,,ion,COMPUTED
10,6,5,2,10,6,340.1330659619854,122.44790374631475,157.93,1.1536950925219107,0.22466976669211206,,ion,COMPUTED
10,7,4,2,10,7,340.1330659619854,166.66520232137285,207.2759,0.640967743775255,0.19592580555012504,,ion,COMPUTED
10,8,3,2,10,8,340.1330659619854,217.68516221567066,239.0989,0.4225622366392543,0.08956016855087719,,ion,COMPUTED
10,9,2,1,10,9,1360.5322638479415,1102.0311337168328,1195.8286,0.13773183200998995,0.07843721607190804,JUMP,ion,COMPUTED
10,10,1,1,10,10,1360.5322638479415,1360.5322638479415,1362.1995,0.0012239294993563144,0.0012239294993563144,,bare,COMPUTED
12,1,12,3,12,1,217.68615015195758,1.511709376055261,7.64624,27.469698852240786,0.8022937579705501,,ion,COMPUTED
12,2,11,3,12,2,217.68615015195758,6.046837504221044,15.03528,13.478356914667208,0.5978234190370221,,ion,COMPUTED
12,3,10,2,12,3,489.7938378419045,30.612114865119032,80.1437,5.111445289422682,0.6180346694110824,JUMP,ion,COMPUTED
12,4,9,2,12,4,489.7938378419045,54.421537537989394,109.2655,3.4826028146295447,0.5019330205967172,,ion,COMPUTED
12,5,8,2,12,5,489.7938378419045,85.03365240310843,141.27,2.4670760801437286,0.39807706941949156,,ion,COMPUTED
12,6,7,2,12,6,489.7938378419045,122.44845946047613,186.76,1.622584267733479,0.34435393306663026,,ion,COMPUTED
12,7,6,2,12,7,489.7938378419045,166.66595871009253,225.02,1.1766680199178052,0.2593282432224135,,ion,COMPUTED
12,8,5,2,12,8,489.7938378419045,217.68615015195758,265.96,0.841607150856913,0.1815079329524831,,ion,COMPUTED
12,9,4,2,12,9,489.7938378419045,275.5090337860713,328.06,0.49300078595959435,0.16018705789772814,,ion,COMPUTED
12,10,3,2,12,10,489.7938378419045,340.13460961243374,367.5,0.33277234786912796,0.07446364731310548,,ion,COMPUTED
12,11,2,1,12,11,1959.175351367618,1646.2515105241791,1761.805,0.11202735340609092,0.06558812665182635,JUMP,ion,COMPUTED
12,12,1,1,12,12,1959.175351367618,1959.175351367618,1962.665,0.0017780154190256037,0.0017780154190256037,,bare,COMPUTED
18,1,18,3,18,1,489.79754264781707,1.5117208106414108,15.75962,30.079273653033326,0.9040763158856996,,ion,COMPUTED
18,2,17,3,18,2,489.79754264781707,6.046883242565643,27.62967,16.727231003765773,0.7811452962498052,,ion,COMPUTED
18,3,16,3,18,3,489.79754264781707,13.605487295772697,40.74,11.022521910844798,0.6660410580320889,,ion,COMPUTED
18,4,15,3,18,4,489.79754264781707,24.187532970262573,59.81,7.1892249230532865,0.5955938309603315,,ion,COMPUTED
18,5,14,3,18,5,489.79754264781707,37.79302026603527,75.02,5.528892863873862,0.49622740247886865,,ion,COMPUTED
18,6,13,3,18,6,489.79754264781707,54.42194918309079,91.009,4.381858306846763,0.40201574368369297,,ion,COMPUTED
18,7,12,3,18,7,489.79754264781707,74.07431972142913,124.323,2.93971785307479,0.40417847283745456,,ion,COMPUTED
18,8,11,3,18,8,489.79754264781707,96.7501318810503,143.46,2.4141749801186183,0.32559506565558144,,ion,COMPUTED
18,9,10,2,18,9,1102.0444709575884,275.5111177393971,422.45,1.6086980020300352,0.3478254994924912,,ion,COMPUTED
18,10,9,2,18,10,1102.0444709575884,340.13718239431745,478.69,1.3022090934792627,0.2894416378150422,,ion,COMPUTED
18,11,8,2,18,11,1102.0444709575884,411.5659906971241,538.96,1.0447611528825669,0.23637006327533755,,ion,COMPUTED
18,12,7,2,18,12,1102.0444709575884,489.79754264781707,618.26,0.7824935641276944,0.2077806381654691,,ion,COMPUTED
18,13,6,2,18,13,1102.0444709575884,574.8318382463965,686.1,0.6062446741839213,0.16217484587320147,,ion,COMPUTED
18,14,5,2,18,14,1102.0444709575884,666.6688774928622,755.74,0.4582322901495069,0.11785947879844633,,ion,COMPUTED
18,15,4,2,18,15,1102.0444709575884,765.3086603872142,854.77,0.2892877276432121,0.1046613002477693,,ion,COMPUTED
18,16,3,2,18,16,1102.0444709575884,870.7511869294526,918.03,0.20044494292952125,0.051500292006304106,,ion,COMPUTED
18,17,2,1,18,17,4408.1778838303535,3931.9858284783095,4120.8857,0.06971612530538124,0.04583962897143455,JUMP,ion,COMPUTED
18,18,1,1,18,18,4408.1778838303535,4408.1778838303535,4426.2296,0.004078350605591308,0.004078350605591308,,bare,COMPUTED
20,1,20,4,20,1,340.13769695536473,0.8503442423884118,6.11316,54.640241210006735,0.8608993969749831,,ion,COMPUTED
20,2,19,4,20,2,340.13769695536473,3.401376969553647,11.87172,27.651088212606492,0.7134891178739351,,ion,COMPUTED
20,3,18,3,20,3,604.6892390317595,13.605507878214588,50.9131,10.876889033112489,0.732769996754969,JUMP,ion,COMPUTED
20,4,17,3,20,4,604.6892390317595,24.18756956127038,67.27,7.988988241887313,0.6404404703245075,,ion,COMPUTED
20,5,16,3,20,5,604.6892390317595,37.79307743948497,84.5,6.156085669014905,0.5527446456865684,,ion,COMPUTED
20,6,15,3,20,6,604.6892390317595,54.422031512858354,108.78,4.558827349069309,0.49970553858376215,,ion,COMPUTED
20,7,14,3,20,7,604.6892390317595,74.07443178139053,127.2,3.7538462188031407,0.41765383819661533,,ion,COMPUTED
20,8,13,3,20,8,604.6892390317595,96.75027824508152,147.24,3.1068272142879616,0.3429076457139262,,ion,COMPUTED
20,9,12,3,20,9,604.6892390317595,122.44957090393129,188.54,2.207219895150947,0.3505379712319333,,ion,COMPUTED
20,10,11,3,20,10,604.6892390317595,151.17230975793987,211.275,1.8620955580724625,0.2844761104818844,,ion,COMPUTED
20,11,10,2,20,11,1360.550787821459,411.5666133159913,591.9,1.298615961854129,0.304668671539126,,ion,COMPUTED
20,12,9,2,20,12,1360.550787821459,489.79828361572515,657.2,1.0702233533497547,0.2547195927940884,,ion,COMPUTED
20,13,8,2,20,13,1360.550787821459,574.8327078545664,726.6,0.8724893859364973,0.20887323444182995,,ion,COMPUTED
20,14,7,2,20,14,1360.550787821459,666.6698860325148,817.6,0.6640787522278118,0.18460141140837233,,ion,COMPUTED
20,15,6,2,20,15,1360.550787821459,765.3098181495706,894.5,0.5210182088557395,0.14442725751864666,,ion,COMPUTED
20,16,5,2,20,16,1360.550787821459,870.7525042057337,974.0,0.3968693920138182,0.10600358911115641,,ion,COMPUTED
20,17,4,2,20,17,1360.550787821459,982.997944201004,1087.0,0.25165665852940106,0.09567806421250784,,ion,COMPUTED
20,18,3,2,20,18,1360.550787821459,1102.0461381353816,1157.8,0.1751172808960606,0.048155002474190994,,ion,COMPUTED
20,19,2,1,20,19,5442.203151285836,4911.588344035466,5128.8,0.06110652614370526,0.042351360155306064,JUMP,ion,COMPUTED
20,20,1,1,20,20,5442.203151285836,5442.203151285836,5469.864,0.005056953648968947,0.005056953648968947,,bare,COMPUTED
26,1,26,3,26,1,1021.9287893367859,1.511728978308855,7.9024,128.3187878792248,0.8087000179301408,,ion,COMPUTED
26,2,25,3,26,2,1021.9287893367859,6.04691591323542,16.1878,62.129566052013615,0.6264522718815763,,ion,COMPUTED
26,3,24,3,26,3,1021.9287893367859,13.605560804779694,30.652,32.33970994834875,0.5561281219894397,,ion,COMPUTED
26,4,23,3,26,4,1021.9287893367859,24.18766365294168,54.8,17.648335571839162,0.5586192764061737,,ion,COMPUTED
26,5,22,3,26,5,1021.9287893367859,37.79322445772137,75.0,12.625717191157145,0.49609034056371504,,ion,COMPUTED
26,6,21,3,26,6,1021.9287893367859,54.422243219118776,99.1,9.312096764246075,0.45083508356085994,,ion,COMPUTED
26,7,20,4,26,7,574.8349440019421,41.66702996463781,124.98,3.5994154584888944,0.6666104179497694,,ion,COMPUTED
26,8,19,4,26,8,574.8349440019421,54.422243219118776,151.06,2.8053418774125647,0.6397309465171537,,ion,COMPUTED
26,9,18,3,26,9,1021.9287893367859,122.45004724301725,233.6,3.3746951598321315,0.4758131539254398,,ion,COMPUTED
26,10,17,3,26,10,1021.9287893367859,151.1728978308855,262.1,2.8990033931201293,0.4232243501301584,,ion,COMPUTED
26,11,16,3,26,11,1021.9287893367859,182.91920637537143,290.2,2.52146378131215,0.3696788202089199,,ion,COMPUTED
26,12,15,3,26,12,1021.9287893367859,217.6889728764751,330.8,2.089264780340949,0.3419317627676085,,ion,COMPUTED
26,13,14,3,26,13,1021.9287893367859,255.48219733419648,361.0,1.8308276712930358,0.29229308217674105,,ion,COMPUTED
26,14,13,3,26,14,1021.9287893367859,296.29887974853557,392.2,1.6056317933115398,0.24452095933570736,,ion,COMPUTED
26,15,12,3,26,15,1021.9287893367859,340.1390201194924,457.0,1.236168029183339,0.25571330389607794,,ion,COMPUTED
26,16,11,3,26,16,1021.9287893367859,387.0026184470669,489.256,1.0887404331000254,0.2089977058082744,,ion,COMPUTED
26,17,10,2,26,17,2299.3397760077683,983.0017681453329,1266.0,0.8162241516649038,0.2235373079420751,,ion,COMPUTED
26,18,9,2,26,18,2299.3397760077683,1102.0504251871553,1358.0,0.6931809838054258,0.1884753864601213,,ion,COMPUTED
26,19,8,2,26,19,2299.3397760077683,1227.9018626313673,1456.0,0.5792168791262144,0.1566608086323027,,ion,COMPUTED
26,20,7,2,26,20,2299.3397760077683,1360.5560804779693,1582.0,0.4534385436205868,0.1399771931239132,,ion,COMPUTED
26,21,6,2,26,21,2299.3397760077683,1500.0130787269613,1689.0,0.3613616198980274,0.11189278938605013,,ion,COMPUTED
26,22,5,2,26,22,2299.3397760077683,1646.272857378343,1799.0,0.2781210539231619,0.08489557677690777,,ion,COMPUTED
26,23,4,2,26,23,2299.3397760077683,1799.3354164321145,1950.0,0.1791486030809068,0.07726388900917207,,ion,COMPUTED
26,24,3,2,26,24,2299.3397760077683,1959.200755888276,2023.0,0.1365989995095246,0.03153694716348194,,ion,COMPUTED
26,25,2,1,26,25,9197.359104031073,8503.475502987309,8828.0,0.041839499776967944,0.03676081751389799,JUMP,ion,COMPUTED
26,26,1,1,26,26,9197.359104031073,9197.359104031073,9277.69,0.008658501843554538,0.008658501843554538,,bare,COMPUTED
